AL032014,BERTHA,47,20140730,0000,,LO,9.6N,41.5W,30,1012,0,0,0,0,0,0,0,0,0,0,0,0,-999
AL032014,BERTHA,47,20140730,0600,,LO,9.7N,43.0W,30,1012,0,0,0,0,0,0,0,0,0,0,0,0,-999
AL032014,BERTHA,47,20140730,1200,,LO,9.8N,44.7W,30,1012,0,0,0,0,0,0,0,0,0,0,0,0,-999
AL032014,BERTHA,47,20140730,1800,,LO,10.0N,46.4W,30,1011,0,0,0,0,0,0,0,0,0,0,0,0,-999
AL032014,BERTHA,47,20140731,0000,,LO,10.4N,48.0W,35,1010,40,40,0,40,0,0,0,0,0,0,0,0,-999
AL032014,BERTHA,47,20140731,0600,,LO,10.7N,49.7W,35,1009,40,40,0,40,0,0,0,0,0,0,0,0,-999
AL032014,BERTHA,47,20140731,1200,,LO,11.0N,51.4W,40,1008,40,40,0,40,0,0,0,0,0,0,0,0,-999
AL032014,BERTHA,47,20140731,1800,,LO,11.5N,53.1W,40,1007,40,40,0,40,0,0,0,0,0,0,0,0,-999
AL032014,BERTHA,47,20140801,0000,,TS,12.2N,54.6W,40,1007,40,40,0,40,0,0,0,0,0,0,0,0,-999
AL032014,BERTHA,47,20140801,0600,,TS,13.0N,56.2W,40,1007,40,40,0,40,0,0,0,0,0,0,0,0,-999
AL032014,BERTHA,47,20140801,1200,,TS,13.8N,58.1W,45,1006,70,40,0,40,0,0,0,0,0,0,0,0,-999
AL032014,BERTHA,47,20140801,1800,,TS,14.5N,60.3W,45,1006,100,40,0,40,0,0,0,0,0,0,0,0,-999
AL032014,BERTHA,47,20140802,0000,,TS,15.2N,62.3W,45,1007,100,30,0,40,0,0,0,0,0,0,0,0,-999
AL032014,BERTHA,47,20140802,0600,,TS,15.9N,64.1W,40,1008,100,30,0,40,0,0,0,0,0,0,0,0,-999
AL032014,BERTHA,47,20140802,1200,,TS,16.7N,65.9W,40,1009,100,30,0,40,0,0,0,0,0,0,0,0,-999
AL032014,BERTHA,47,20140802,1800,,TS,17.9N,67.6W,40,1010,120,40,0,40,0,0,0,0,0,0,0,0,-999
AL032014,BERTHA,47,20140803,0000,,TS,19.2N,69.0W,40,1011,140,70,0,40,0,0,0,0,0,0,0,0,-999
AL032014,BERTHA,47,20140803,0600,,TS,20.3N,70.4W,40,1012,140,100,0,50,0,0,0,0,0,0,0,0,-999
AL032014,BERTHA,47,20140803,1200,,TS,21.4N,71.6W,40,1013,140,100,0,50,0,0,0,0,0,0,0,0,-999
AL032014,BERTHA,47,20140803,1400,L,TS,21.8N,71.9W,40,1013,140,100,0,50,0,0,0,0,0,0,0,0,-999
AL032014,BERTHA,47,20140803,1800,,TS,22.7N,72.5W,45,1012,140,100,0,50,0,0,0,0,0,0,0,0,-999
AL032014,BERTHA,47,20140804,0000,,TS,24.1N,73.1W,55,1007,140,100,0,40,40,40,0,0,0,0,0,0,-999
AL032014,BERTHA,47,20140804,0600,,TS,25.4N,73.5W,60,1004,140,100,0,40,40,40,0,0,0,0,0,0,-999
AL032014,BERTHA,47,20140804,1200,,HU,26.8N,73.6W,70,998,140,100,30,40,40,40,0,0,20,20,0,0,-999
AL032014,BERTHA,47,20140804,1800,,HU,28.5N,73.6W,70,999,120,100,30,40,40,40,0,0,20,20,0,0,-999
AL032014,BERTHA,47,20140805,0000,,HU,30.5N,73.4W,65,1001,110,100,30,30,40,40,0,0,20,20,0,0,-999
AL032014,BERTHA,47,20140805,0600,,TS,32.5N,73.2W,55,1003,110,100,30,30,40,40,0,0,0,0,0,0,-999
AL032014,BERTHA,47,20140805,1200,,TS,34.2N,72.7W,50,1005,120,100,0,0,30,0,0,0,0,0,0,0,-999
AL032014,BERTHA,47,20140805,1800,,TS,35.5N,71.2W,45,1006,120,120,0,0,0,0,0,0,0,0,0,0,-999
AL032014,BERTHA,47,20140806,0000,,TS,36.8N,69.3W,45,1007,120,120,0,0,0,0,0,0,0,0,0,0,-999
AL032014,BERTHA,47,20140806,0600,,TS,38.1N,66.9W,45,1007,100,120,0,0,0,0,0,0,0,0,0,0,-999
AL032014,BERTHA,47,20140806,1200,,TS,39.4N,64.1W,45,1006,100,120,0,0,0,0,0,0,0,0,0,0,-999
AL032014,BERTHA,47,20140806,1800,,EX,40.8N,61.3W,45,1002,100,140,0,0,0,0,0,0,0,0,0,0,-999
AL032014,BERTHA,47,20140807,0000,,EX,42.1N,58.4W,50,996,30,140,60,30,0,50,0,0,0,0,0,0,-999
AL032014,BERTHA,47,20140807,0600,,EX,43.4N,55.6W,45,998,30,140,60,30,0,0,0,0,0,0,0,0,-999
AL032014,BERTHA,47,20140807,1200,,EX,44.6N,52.5W,40,999,0,140,60,0,0,0,0,0,0,0,0,0,-999
AL032014,BERTHA,47,20140807,1800,,EX,46.0N,49.5W,40,1000,0,140,60,0,0,0,0,0,0,0,0,0,-999
AL032014,BERTHA,47,20140808,0000,,EX,47.4N,46.6W,35,1001,0,140,0,0,0,0,0,0,0,0,0,0,-999
AL032014,BERTHA,47,20140808,0600,,EX,47.9N,43.0W,35,1001,0,140,0,0,0,0,0,0,0,0,0,0,-999
AL032014,BERTHA,47,20140808,1200,,EX,47.5N,39.4W,35,1002,0,140,0,0,0,0,0,0,0,0,0,0,-999
AL032014,BERTHA,47,20140808,1800,,EX,46.9N,34.9W,35,1002,0,140,0,0,0,0,0,0,0,0,0,0,-999
AL032014,BERTHA,47,20140809,0000,,EX,47.0N,29.0W,35,1003,0,140,0,0,0,0,0,0,0,0,0,0,-999
AL032014,BERTHA,47,20140809,0600,,EX,47.1N,22.0W,35,1003,0,140,0,0,0,0,0,0,0,0,0,0,-999
AL032014,BERTHA,47,20140809,1200,,EX,47.5N,15.0W,35,1003,0,140,0,0,0,0,0,0,0,0,0,0,-999
AL042014,CRISTOBAL,39,20140823,1800,,TD,21.5N,72.2W,30,1005,0,0,0,0,0,0,0,0,0,0,0,0,-999
AL042014,CRISTOBAL,39,20140824,0000,,TD,22.0N,72.5W,30,1004,0,0,0,0,0,0,0,0,0,0,0,0,-999
AL042014,CRISTOBAL,39,20140824,0600,,TS,22.6N,72.9W,35,1002,60,60,0,0,0,0,0,0,0,0,0,0,-999
AL042014,CRISTOBAL,39,20140824,1200,,TS,23.3N,73.0W,40,1001,60,70,0,0,0,0,0,0,0,0,0,0,-999
AL042014,CRISTOBAL,39,20140824,1800,,TS,24.0N,73.0W,45,1001,60,70,0,0,0,0,0,0,0,0,0,0,-999
AL042014,CRISTOBAL,39,20140825,0000,,TS,24.2N,73.0W,45,998,60,80,0,0,0,0,0,0,0,0,0,0,-999
AL042014,CRISTOBAL,39,20140825,0600,,TS,24.4N,72.9W,45,996,60,120,0,0,0,0,0,0,0,0,0,0,-999
AL042014,CRISTOBAL,39,20140825,1200,,TS,24.7N,72.7W,50,993,60,120,0,0,0,80,0,0,0,0,0,0,-999
AL042014,CRISTOBAL,39,20140825,1800,,TS,24.9N,72.4W,50,992,60,180,0,0,0,80,0,0,0,0,0,0,-999
AL042014,CRISTOBAL,39,20140826,0000,,HU,25.1N,72.1W,65,989,60,180,60,30,0,80,0,0,0,40,0,0,-999
AL042014,CRISTOBAL,39,20140826,0600,,HU,25.6N,72.0W,65,989,80,180,60,30,50,90,0,0,25,40,0,0,-999
AL042014,CRISTOBAL,39,20140826,1200,,HU,26.7N,71.8W,65,988,80,180,60,30,50,90,0,0,25,40,0,0,-999
AL042014,CRISTOBAL,39,20140826,1800,,HU,28.1N,71.4W,65,987,180,210,60,60,50,120,0,0,25,50,0,0,-999
AL042014,CRISTOBAL,39,20140827,0000,,HU,29.5N,71.5W,70,983,180,210,60,100,90,120,20,20,50,50,10,0,-999
AL042014,CRISTOBAL,39,20140827,0600,,HU,30.6N,72.0W,70,983,180,180,60,100,90,100,20,20,50,50,10,0,-999
AL042014,CRISTOBAL,39,20140827,1200,,HU,31.6N,72.2W,70,983,180,180,60,100,90,100,20,20,50,50,10,0,-999
AL042014,CRISTOBAL,39,20140827,1800,,HU,32.3N,71.8W,65,984,180,180,60,70,90,100,30,30,40,50,20,20,-999
AL042014,CRISTOBAL,39,20140828,0000,,HU,33.5N,70.7W,65,984,180,180,60,70,90,100,30,30,40,50,20,20,-999
AL042014,CRISTOBAL,39,20140828,0600,,HU,34.8N,69.0W,65,982,180,180,60,70,90,100,30,30,40,50,20,20,-999
AL042014,CRISTOBAL,39,20140828,1200,,HU,36.3N,67.1W,70,979,180,180,60,70,90,100,30,30,40,50,20,20,-999
AL042014,CRISTOBAL,39,20140828,1800,,HU,37.5N,63.6W,75,971,180,220,110,60,90,100,40,30,30,50,20,20,-999
AL042014,CRISTOBAL,39,20140829,0000,,HU,39.1N,58.8W,75,965,180,220,220,60,90,100,80,40,30,60,20,20,-999
AL042014,CRISTOBAL,39,20140829,0600,,HU,41.2N,53.9W,70,967,190,240,220,70,90,120,80,40,40,60,30,0,-999
AL042014,CRISTOBAL,39,20140829,1200,,EX,44.2N,49.0W,65,970,200,270,220,180,100,140,100,70,50,70,40,0,-999
AL042014,CRISTOBAL,39,20140829,1800,,EX,46.7N,45.9W,65,972,200,270,240,200,100,140,100,80,50,70,40,0,-999
AL042014,CRISTOBAL,39,20140830,0000,,EX,48.6N,42.8W,65,974,200,270,270,200,100,140,110,100,50,70,40,0,-999
AL042014,CRISTOBAL,39,20140830,0600,,EX,49.9N,39.5W,65,974,200,270,270,200,100,140,110,100,50,70,40,0,-999
AL042014,CRISTOBAL,39,20140830,1200,,EX,51.3N,36.2W,60,971,200,300,360,200,100,140,100,80,0,0,0,0,-999
AL042014,CRISTOBAL,39,20140830,1800,,EX,54.0N,32.0W,60,971,240,300,360,200,100,140,100,80,0,0,0,0,-999
AL042014,CRISTOBAL,39,20140831,0000,,EX,58.0N,28.9W,60,971,240,300,360,200,100,140,100,80,0,0,0,0,-999
AL042014,CRISTOBAL,39,20140831,0600,,EX,61.0N,27.0W,60,963,200,270,240,200,100,140,100,80,0,0,0,0,-999
AL042014,CRISTOBAL,39,20140831,1200,,EX,62.0N,26.0W,60,964,200,270,240,200,100,140,100,80,0,0,0,0,-999
AL042014,CRISTOBAL,39,20140831,1800,,EX,63.0N,24.5W,55,968,200,270,240,200,100,140,100,80,0,0,0,0,-999
AL042014,CRISTOBAL,39,20140901,0000,,EX,64.0N,22.0W,50,974,200,270,240,200,100,140,100,80,0,0,0,0,-999
AL042014,CRISTOBAL,39,20140901,0600,,EX,65.0N,19.5W,50,978,200,270,240,200,100,140,100,80,0,0,0,0,-999
AL042014,CRISTOBAL,39,20140901,1200,,EX,66.0N,17.0W,45,980,0,200,200,200,0,0,0,0,0,0,0,0,-999
AL042014,CRISTOBAL,39,20140901,1800,,EX,67.0N,15.4W,45,982,0,200,200,200,0,0,0,0,0,0,0,0,-999
AL042014,CRISTOBAL,39,20140902,0000,,EX,68.0N,15.0W,40,984,0,200,200,200,0,0,0,0,0,0,0,0,-999
AL042014,CRISTOBAL,39,20140902,0600,,EX,69.0N,15.0W,35,985,0,200,200,200,0,0,0,0,0,0,0,0,-999
AL052014,DOLLY,13,20140901,1200,,LO,19.2N,92.3W,25,1009,0,0,0,0,0,0,0,0,0,0,0,0,-999
AL052014,DOLLY,13,20140901,1800,,TD,20.0N,93.2W,30,1009,0,0,0,0,0,0,0,0,0,0,0,0,-999
AL052014,DOLLY,13,20140902,0000,,TS,21.3N,93.4W,35,1007,50,70,0,0,0,0,0,0,0,0,0,0,-999
AL052014,DOLLY,13,20140902,0600,,TS,22.3N,94.3W,40,1005,70,100,0,0,0,0,0,0,0,0,0,0,-999
AL052014,DOLLY,13,20140902,1200,,TS,22.8N,95.6W,45,1005,70,100,0,0,0,0,0,0,0,0,0,0,-999
AL052014,DOLLY,13,20140902,1800,,TS,22.2N,96.7W,40,1003,120,100,0,0,0,0,0,0,0,0,0,0,-999
AL052014,DOLLY,13,20140903,0000,,TS,22.0N,97.3W,40,1001,120,100,0,0,0,0,0,0,0,0,0,0,-999
AL052014,DOLLY,13,20140903,0100,P,TS,22.0N,97.4W,40,1000,120,100,0,0,0,0,0,0,0,0,0,0,-999
AL052014,DOLLY,13,20140903,0400,L,TS,22.0N,97.7W,40,1002,120,100,0,0,0,0,0,0,0,0,0,0,-999
AL052014,DOLLY,13,20140903,0600,,TS,21.9N,98.0W,35,1004,120,0,0,0,0,0,0,0,0,0,0,0,-999
AL052014,DOLLY,13,20140903,1200,,LO,21.8N,98.8W,25,1005,0,0,0,0,0,0,0,0,0,0,0,0,-999
AL052014,DOLLY,13,20140903,1800,,LO,21.7N,99.8W,20,1005,0,0,0,0,0,0,0,0,0,0,0,0,-999
AL052014,DOLLY,13,20140904,0000,,LO,21.6N,101.0W,15,1002,0,0,0,0,0,0,0,0,0,0,0,0,-999
AL062014,EDOUARD,47,20140910,1800,,LO,13.7N,33.2W,25,1009,0,0,0,0,0,0,0,0,0,0,0,0,-999
AL062014,EDOUARD,47,20140911,0000,,LO,14.2N,34.4W,25,1009,0,0,0,0,0,0,0,0,0,0,0,0,-999
AL062014,EDOUARD,47,20140911,0600,,LO,14.9N,35.5W,25,1009,0,0,0,0,0,0,0,0,0,0,0,0,-999
AL062014,EDOUARD,47,20140911,1200,,TD,15.8N,36.5W,30,1008,0,0,0,0,0,0,0,0,0,0,0,0,-999
AL062014,EDOUARD,47,20140911,1800,,TD,16.5N,37.7W,30,1007,0,0,0,0,0,0,0,0,0,0,0,0,-999
AL062014,EDOUARD,47,20140912,0000,,TS,17.2N,39.2W,35,1006,40,0,0,0,0,0,0,0,0,0,0,0,-999
AL062014,EDOUARD,47,20140912,0600,,TS,17.7N,40.8W,35,1005,60,0,0,0,0,0,0,0,0,0,0,0,-999
AL062014,EDOUARD,47,20140912,1200,,TS,18.3N,42.3W,40,1000,60,0,0,0,0,0,0,0,0,0,0,0,-999
AL062014,EDOUARD,47,20140912,1800,,TS,18.9N,43.6W,40,999,60,0,0,50,0,0,0,0,0,0,0,0,-999
AL062014,EDOUARD,47,20140913,0000,,TS,19.6N,44.8W,40,998,60,0,0,50,0,0,0,0,0,0,0,0,-999
AL062014,EDOUARD,47,20140913,0600,,TS,20.4N,45.7W,45,997,60,0,0,60,0,0,0,0,0,0,0,0,-999
AL062014,EDOUARD,47,20140913,1200,,TS,21.4N,46.4W,45,996,60,0,0,60,0,0,0,0,0,0,0,0,-999
AL062014,EDOUARD,47,20140913,1800,,TS,22.3N,47.0W,50,995,60,0,0,60,20,0,0,0,0,0,0,0,-999
AL062014,EDOUARD,47,20140914,0000,,TS,23.0N,47.9W,55,994,90,90,30,80,30,0,0,30,0,0,0,0,-999
AL062014,EDOUARD,47,20140914,0600,,TS,23.7N,49.0W,60,991,120,120,60,100,40,30,0,40,0,0,0,0,-999
AL062014,EDOUARD,47,20140914,1200,,HU,24.4N,50.3W,70,985,120,120,60,100,40,40,30,40,15,15,0,15,-999
AL062014,EDOUARD,47,20140914,1800,,HU,25.1N,51.5W,75,980,120,120,60,100,50,40,30,40,15,15,0,15,-999
AL062014,EDOUARD,47,20140915,0000,,HU,25.8N,52.7W,80,975,120,120,60,100,50,40,30,40,20,15,0,15,-999
AL062014,EDOUARD,47,20140915,0600,,HU,26.5N,54.0W,85,970,150,100,80,150,60,50,40,50,30,20,10,20,-999
AL062014,EDOUARD,47,20140915,1200,,HU,27.0N,55.1W,90,966,150,100,80,150,60,60,50,60,30,20,10,20,-999
AL062014,EDOUARD,47,20140915,1800,,HU,27.7N,56.1W,95,962,150,130,130,150,70,60,60,70,40,30,20,30,-999
AL062014,EDOUARD,47,20140916,0000,,HU,28.5N,56.7W,95,960,150,130,130,150,80,60,60,80,40,30,30,40,-999
AL062014,EDOUARD,47,20140916,0600,,HU,29.5N,57.3W,100,956,150,130,130,150,80,70,60,80,40,40,30,40,-999
AL062014,EDOUARD,47,20140916,1200,,HU,30.6N,57.8W,105,955,150,130,130,150,80,80,70,80,40,50,40,40,-999
AL062014,EDOUARD,47,20140916,1800,,HU,31.7N,57.7W,95,958,160,150,130,120,90,90,80,60,40,60,50,30,-999
AL062014,EDOUARD,47,20140917,0000,,HU,32.9N,57.0W,85,959,150,160,130,130,90,100,80,60,40,70,60,20,-999
AL062014,EDOUARD,47,20140917,0600,,HU,34.3N,56.0W,85,958,150,180,140,90,90,110,90,40,40,70,60,0,-999
AL062014,EDOUARD,47,20140917,1200,,HU,35.7N,54.5W,80,957,150,180,140,90,90,120,90,40,40,70,60,0,-999
AL062014,EDOUARD,47,20140917,1800,,HU,37.2N,52.4W,80,955,150,200,150,90,80,120,100,50,40,70,50,0,-999
AL062014,EDOUARD,47,20140918,0000,,HU,38.3N,49.5W,75,958,150,200,150,90,80,120,100,50,40,70,50,0,-999
AL062014,EDOUARD,47,20140918,0600,,HU,39.3N,46.7W,70,964,130,200,180,90,80,120,100,50,30,70,50,0,-999
AL062014,EDOUARD,47,20140918,1200,,HU,39.9N,44.1W,70,969,110,200,180,80,80,120,90,50,20,70,70,0,-999
AL062014,EDOUARD,47,20140918,1800,,HU,39.9N,42.1W,65,973,110,200,180,80,70,120,90,50,20,70,70,0,-999
AL062014,EDOUARD,47,20140919,0000,,TS,39.9N,40.1W,60,980,110,200,180,80,60,110,90,40,0,0,0,0,-999
AL062014,EDOUARD,47,20140919,0600,,TS,39.9N,38.9W,55,988,90,160,150,70,50,100,80,0,0,0,0,0,-999
AL062014,EDOUARD,47,20140919,1200,,TS,39.5N,38.1W,45,994,0,100,80,0,0,0,0,0,0,0,0,0,-999
AL062014,EDOUARD,47,20140919,1800,,LO,39.5N,37.4W,40,1001,0,100,80,0,0,0,0,0,0,0,0,0,-999
AL062014,EDOUARD,47,20140920,0000,,LO,39.4N,36.6W,35,1004,0,100,80,0,0,0,0,0,0,0,0,0,-999
AL062014,EDOUARD,47,20140920,0600,,LO,39.3N,35.7W,30,1006,0,0,0,0,0,0,0,0,0,0,0,0,-999
AL062014,EDOUARD,47,20140920,1200,,LO,39.1N,34.4W,30,1008,0,0,0,0,0,0,0,0,0,0,0,0,-999
AL062014,EDOUARD,47,20140920,1800,,LO,38.8N,33.0W,25,1010,0,0,0,0,0,0,0,0,0,0,0,0,-999
AL062014,EDOUARD,47,20140921,0000,,LO,38.1N,31.8W,25,1012,0,0,0,0,0,0,0,0,0,0,0,0,-999
AL062014,EDOUARD,47,20140921,0600,,LO,37.1N,30.9W,25,1013,0,0,0,0,0,0,0,0,0,0,0,0,-999
AL062014,EDOUARD,47,20140921,1200,,LO,36.1N,30.2W,25,1014,0,0,0,0,0,0,0,0,0,0,0,0,-999
AL062014,EDOUARD,47,20140921,1800,,LO,35.1N,30.2W,25,1014,0,0,0,0,0,0,0,0,0,0,0,0,-999
AL062014,EDOUARD,47,20140922,0000,,LO,34.2N,30.4W,25,1015,0,0,0,0,0,0,0,0,0,0,0,0,-999
AL062014,EDOUARD,47,20140922,0600,,LO,33.4N,30.7W,25,1015,0,0,0,0,0,0,0,0,0,0,0,0,-999
AL072014,FAY,14,20141010,0000,,LO,22.0N,61.2W,35,1007,120,0,0,120,0,0,0,0,0,0,0,0,-999
AL072014,FAY,14,20141010,0600,,SS,22.7N,62.4W,35,1006,120,0,0,120,0,0,0,0,0,0,0,0,-999
AL072014,FAY,14,20141010,1200,,SS,23.5N,63.3W,35,1005,120,0,0,120,0,0,0,0,0,0,0,0,-999
AL072014,FAY,14,20141010,1800,,SS,24.3N,64.0W,40,1003,120,0,0,120,0,0,0,0,0,0,0,0,-999
AL072014,FAY,14,20141011,0000,,SS,25.1N,64.5W,50,999,120,40,40,120,0,0,0,50,0,0,0,0,-999
AL072014,FAY,14,20141011,0600,,TS,26.0N,65.0W,55,994,120,40,40,120,0,0,0,50,0,0,0,0,-999
AL072014,FAY,14,20141011,1200,,TS,27.2N,65.3W,60,990,120,80,80,120,50,50,20,50,0,0,0,0,-999
AL072014,FAY,14,20141011,1800,,TS,28.7N,65.4W,60,988,150,140,120,120,50,50,20,50,0,0,0,0,-999
AL072014,FAY,14,20141012,0000,,TS,30.2N,65.2W,60,987,150,140,120,120,50,50,60,50,0,0,0,0,-999
AL072014,FAY,14,20141012,0600,,HU,31.7N,64.9W,65,985,150,150,120,120,50,60,60,60,0,20,20,0,-999
AL072014,FAY,14,20141012,0810,L,HU,32.3N,64.7W,70,984,150,150,120,120,50,60,60,60,0,20,20,0,-999
AL072014,FAY,14,20141012,1200,,HU,33.1N,63.9W,70,983,150,150,120,120,50,60,60,60,0,20,20,0,-999
AL072014,FAY,14,20141012,1800,,TS,33.6N,61.9W,60,986,150,150,120,150,50,60,60,60,0,0,0,0,-999
AL072014,FAY,14,20141013,0000,,TS,33.9N,59.0W,50,990,150,150,120,150,50,60,60,60,0,0,0,0,-999
AL082014,GONZALO,39,20141011,1800,,LO,16.4N,54.9W,25,1010,0,0,0,0,0,0,0,0,0,0,0,0,-999
AL082014,GONZALO,39,20141012,0000,,TD,16.4N,55.9W,30,1010,0,0,0,0,0,0,0,0,0,0,0,0,-999
AL082014,GONZALO,39,20141012,0600,,TD,16.4N,56.9W,30,1008,0,0,0,0,0,0,0,0,0,0,0,0,-999
AL082014,GONZALO,39,20141012,1200,,TS,16.4N,57.9W,35,1006,50,40,0,50,0,0,0,0,0,0,0,0,-999
AL082014,GONZALO,39,20141012,1800,,TS,16.4N,58.8W,40,1004,50,40,0,50,0,0,0,0,0,0,0,0,-999
AL082014,GONZALO,39,20141013,0000,,TS,16.5N,59.7W,45,1001,50,40,0,50,0,0,0,0,0,0,0,0,-999
AL082014,GONZALO,39,20141013,0600,,TS,16.7N,60.6W,55,996,60,40,20,60,30,0,0,30,0,0,0,0,-999
AL082014,GONZALO,39,20141013,1200,,HU,17.0N,61.5W,65,992,80,50,30,80,30,20,20,30,15,0,0,15,-999
AL082014,GONZALO,39,20141013,1430,L,HU,17.1N,61.8W,65,990,80,50,30,80,30,20,20,30,15,0,0,15,-999
AL082014,GONZALO,39,20141013,1800,,HU,17.6N,62.4W,70,988,90,60,40,90,30,20,20,30,15,10,0,15,-999
AL082014,GONZALO,39,20141013,2245,L,HU,18.1N,63.0W,75,984,90,60,40,90,30,20,20,30,15,10,0,15,-999
AL082014,GONZALO,39,20141013,2315,L,HU,18.2N,63.1W,75,984,90,60,40,90,30,20,20,30,15,10,0,15,-999
AL082014,GONZALO,39,20141014,0000,,HU,18.3N,63.2W,80,983,90,60,50,90,30,30,20,30,20,10,10,20,-999
AL082014,GONZALO,39,20141014,0600,,HU,19.1N,64.0W,90,976,90,60,50,90,30,30,30,30,20,15,10,20,-999
AL082014,GONZALO,39,20141014,1200,,HU,19.9N,64.8W,95,973,90,60,50,90,30,30,30,30,20,15,10,20,-999
AL082014,GONZALO,39,20141014,1800,,HU,20.8N,65.5W,100,968,90,60,50,90,30,30,30,30,20,15,10,20,-999
AL082014,GONZALO,39,20141015,0000,,HU,21.7N,66.2W,115,956,100,60,70,100,30,30,30,40,20,15,15,20,-999
AL082014,GONZALO,39,20141015,0600,,HU,22.5N,67.0W,115,953,100,60,70,100,30,30,30,40,20,20,15,20,-999
AL082014,GONZALO,39,20141015,1200,,HU,23.1N,67.7W,115,949,110,80,80,110,50,40,30,40,30,25,15,20,-999
AL082014,GONZALO,39,20141015,1800,,HU,23.8N,68.3W,110,953,110,80,80,110,50,40,30,40,30,25,20,20,-999
AL082014,GONZALO,39,20141016,0000,,HU,24.4N,68.6W,110,953,110,90,90,110,60,50,40,50,35,30,25,25,-999
AL082014,GONZALO,39,20141016,0600,,HU,25.0N,68.7W,115,948,120,110,90,110,60,50,50,50,35,30,25,25,-999
AL082014,GONZALO,39,20141016,1200,,HU,25.6N,68.7W,125,940,130,130,90,110,70,70,50,50,40,40,25,35,-999
AL082014,GONZALO,39,20141016,1800,,HU,26.5N,68.3W,125,942,130,130,90,110,70,70,50,50,40,40,30,35,-999
AL082014,GONZALO,39,20141017,0000,,HU,27.4N,67.8W,120,942,140,150,110,110,80,80,60,60,50,50,35,35,-999
AL082014,GONZALO,39,20141017,0600,,HU,28.6N,67.2W,115,945,140,150,110,110,80,80,60,60,50,50,35,35,-999
AL082014,GONZALO,39,20141017,1200,,HU,29.8N,66.5W,110,947,140,150,110,110,80,80,60,60,50,50,50,40,-999
AL082014,GONZALO,39,20141017,1800,,HU,31.0N,65.7W,105,949,140,150,110,110,80,80,60,60,50,50,50,40,-999
AL082014,GONZALO,39,20141018,0000,,HU,32.2N,64.9W,95,952,140,150,110,110,80,80,60,60,50,50,50,40,-999
AL082014,GONZALO,39,20141018,0030,L,HU,32.3N,64.8W,95,952,140,150,110,110,80,80,60,60,50,50,50,40,-999
AL082014,GONZALO,39,20141018,0600,,HU,33.7N,63.9W,90,955,140,150,110,110,80,80,60,60,50,50,50,40,-999
AL082014,GONZALO,39,20141018,1200,,HU,35.6N,62.6W,85,960,150,180,140,100,90,100,80,70,60,60,50,40,-999
AL082014,GONZALO,39,20141018,1800,,HU,38.2N,60.9W,85,964,180,220,160,100,120,120,80,70,60,80,50,40,-999
AL082014,GONZALO,39,20141019,0000,,HU,41.2N,58.3W,85,965,180,270,180,90,120,160,90,60,70,100,50,0,-999
AL082014,GONZALO,39,20141019,0600,,HU,44.5N,54.8W,80,968,180,270,180,90,120,160,90,40,70,100,50,0,-999
AL082014,GONZALO,39,20141019,1200,,HU,47.8N,50.1W,70,970,180,270,180,90,120,160,90,40,70,100,50,0,-999
AL082014,GONZALO,39,20141019,1800,,EX,50.6N,44.8W,65,976,180,270,240,80,120,160,90,40,70,100,50,0,-999
AL082014,GONZALO,39,20141020,0000,,EX,52.6N,38.3W,55,982,180,320,300,0,90,200,0,0,0,0,0,0,-999
AL082014,GONZALO,39,20141020,0600,,EX,53.9N,30.9W,50,988,180,320,300,0,60,200,0,0,0,0,0,0,-999
AL092014,HANNA,37,20141021,0000,,LO,19.5N,95.3W,25,1002,0,0,0,0,0,0,0,0,0,0,0,0,-999
AL092014,HANNA,37,20141021,0600,,LO,19.5N,94.8W,25,1002,0,0,0,0,0,0,0,0,0,0,0,0,-999
AL092014,HANNA,37,20141021,1200,,LO,19.5N,94.2W,25,1001,0,0,0,0,0,0,0,0,0,0,0,0,-999
AL092014,HANNA,37,20141021,1800,,LO,19.5N,93.7W,30,1000,0,0,0,0,0,0,0,0,0,0,0,0,-999
AL092014,HANNA,37,20141022,0000,,TD,19.5N,93.3W,30,1000,0,0,0,0,0,0,0,0,0,0,0,0,-999
AL092014,HANNA,37,20141022,0600,,TD,19.5N,92.9W,30,1001,0,0,0,0,0,0,0,0,0,0,0,0,-999
AL092014,HANNA,37,20141022,1200,,TD,19.4N,92.4W,30,1002,0,0,0,0,0,0,0,0,0,0,0,0,-999
AL092014,HANNA,37,20141022,1800,,TD,19.3N,91.9W,30,1003,0,0,0,0,0,0,0,0,0,0,0,0,-999
AL092014,HANNA,37,20141023,0000,,LO,19.2N,91.3W,25,1004,0,0,0,0,0,0,0,0,0,0,0,0,-999
AL092014,HANNA,37,20141023,0600,,LO,18.9N,90.8W,20,1005,0,0,0,0,0,0,0,0,0,0,0,0,-999
AL092014,HANNA,37,20141023,1200,,LO,18.6N,90.5W,20,1006,0,0,0,0,0,0,0,0,0,0,0,0,-999
AL092014,HANNA,37,20141023,1800,,LO,18.2N,90.0W,20,1007,0,0,0,0,0,0,0,0,0,0,0,0,-999
AL092014,HANNA,37,20141024,0000,,LO,17.9N,89.4W,20,1008,0,0,0,0,0,0,0,0,0,0,0,0,-999
AL092014,HANNA,37,20141024,0600,,LO,18.1N,88.5W,20,1008,0,0,0,0,0,0,0,0,0,0,0,0,-999
AL092014,HANNA,37,20141024,1200,,LO,18.4N,87.7W,20,1008,0,0,0,0,0,0,0,0,0,0,0,0,-999
AL092014,HANNA,37,20141024,1800,,LO,18.8N,87.0W,20,1008,0,0,0,0,0,0,0,0,0,0,0,0,-999
AL092014,HANNA,37,20141025,0000,,DB,19.0N,86.2W,20,1008,0,0,0,0,0,0,0,0,0,0,0,0,-999
AL092014,HANNA,37,20141025,0600,,DB,18.8N,85.3W,20,1008,0,0,0,0,0,0,0,0,0,0,0,0,-999
AL092014,HANNA,37,20141025,1200,,DB,18.3N,84.5W,25,1008,0,0,0,0,0,0,0,0,0,0,0,0,-999
AL092014,HANNA,37,20141025,1800,,DB,17.7N,83.7W,25,1008,0,0,0,0,0,0,0,0,0,0,0,0,-999
AL092014,HANNA,37,20141026,0000,,DB,17.1N,82.9W,25,1007,0,0,0,0,0,0,0,0,0,0,0,0,-999
AL092014,HANNA,37,20141026,0600,,DB,16.5N,82.2W,25,1007,0,0,0,0,0,0,0,0,0,0,0,0,-999
AL092014,HANNA,37,20141026,1200,,LO,16.0N,81.8W,30,1006,0,0,0,0,0,0,0,0,0,0,0,0,-999
AL092014,HANNA,37,20141026,1800,,LO,15.5N,81.8W,30,1006,0,0,0,0,0,0,0,0,0,0,0,0,-999
AL092014,HANNA,37,20141027,0000,,TD,15.1N,82.0W,30,1006,0,0,0,0,0,0,0,0,0,0,0,0,-999
AL092014,HANNA,37,20141027,0600,,TS,15.0N,82.4W,35,1005,0,0,60,70,0,0,0,0,0,0,0,0,-999
AL092014,HANNA,37,20141027,1200,,TS,14.9N,83.0W,35,1005,0,0,60,70,0,0,0,0,0,0,0,0,-999
AL092014,HANNA,37,20141027,1600,L,TS,14.9N,83.3W,35,1005,0,0,0,70,0,0,0,0,0,0,0,0,-999
AL092014,HANNA,37,20141027,1800,,TD,14.9N,83.5W,30,1006,0,0,0,0,0,0,0,0,0,0,0,0,-999
AL092014,HANNA,37,20141028,0000,,TD,15.0N,84.3W,30,1007,0,0,0,0,0,0,0,0,0,0,0,0,-999
AL092014,HANNA,37,20141028,0600,,LO,15.4N,85.2W,25,1008,0,0,0,0,0,0,0,0,0,0,0,0,-999
AL092014,HANNA,37,20141028,1200,,LO,15.9N,85.9W,20,1009,0,0,0,0,0,0,0,0,0,0,0,0,-999
AL092014,HANNA,37,20141028,1800,,LO,16.5N,86.7W,20,1010,0,0,0,0,0,0,0,0,0,0,0,0,-999
AL092014,HANNA,37,20141029,0000,,LO,16.8N,87.6W,20,1010,0,0,0,0,0,0,0,0,0,0,0,0,-999
AL092014,HANNA,37,20141029,0600,,LO,16.9N,88.6W,20,1011,0,0,0,0,0,0,0,0,0,0,0,0,-999
AL092014,HANNA,37,20141029,1200,,LO,16.9N,89.6W,20,1011,0,0,0,0,0,0,0,0,0,0,0,0,-999
AL092014,HANNA,37,20141029,1800,,LO,16.8N,90.5W,15,1012,0,0,0,0,0,0,0,0,0,0,0,0,-999
AL012015,ANA,28,20150506,0600,,LO,26.8N,79.2W,25,1016,0,0,0,0,0,0,0,0,0,0,0,0,-999
AL012015,ANA,28,20150506,1200,,LO,28.2N,78.5W,25,1015,0,0,0,0,0,0,0,0,0,0,0,0,-999
AL012015,ANA,28,20150506,1800,,LO,29.7N,77.8W,25,1014,0,0,0,0,0,0,0,0,0,0,0,0,-999
AL012015,ANA,28,20150507,0000,,LO,30.8N,77.5W,30,1012,0,0,0,0,0,0,0,0,0,0,0,0,-999
AL012015,ANA,28,20150507,0600,,LO,30.7N,77.8W,35,1010,0,0,0,100,0,0,0,0,0,0,0,0,-999
AL012015,ANA,28,20150507,1200,,LO,30.6N,77.5W,40,1008,130,0,80,140,0,0,0,0,0,0,0,0,-999
AL012015,ANA,28,20150507,1800,,LO,31.2N,77.5W,40,1005,140,80,80,140,0,0,0,0,0,0,0,0,-999
AL012015,ANA,28,20150508,0000,,SS,31.4N,77.6W,40,1003,140,80,80,120,0,0,0,0,0,0,0,0,-999
AL012015,ANA,28,20150508,0600,,SS,31.5N,77.6W,40,1002,140,80,80,120,0,0,0,0,0,0,0,0,-999
AL012015,ANA,28,20150508,1200,,SS,31.5N,77.5W,40,1000,130,100,80,100,0,0,0,0,0,0,0,0,-999
AL012015,ANA,28,20150508,1800,,SS,31.6N,77.4W,45,999,100,100,80,100,0,0,0,0,0,0,0,0,-999
AL012015,ANA,28,20150509,0000,,SS,31.9N,77.3W,50,998,100,120,80,100,80,0,0,0,0,0,0,0,-999
AL012015,ANA,28,20150509,0600,,TS,32.2N,77.5W,50,998,100,110,80,90,70,0,0,0,0,0,0,0,-999
AL012015,ANA,28,20150509,1200,,TS,32.5N,77.8W,50,1001,100,110,80,90,50,50,0,0,0,0,0,0,-999
AL012015,ANA,28,20150509,1800,,TS,32.7N,78.0W,45,1001,100,110,70,90,0,0,0,0,0,0,0,0,-999
AL012015,ANA,28,20150510,0000,,TS,33.1N,78.3W,45,1001,90,110,60,50,0,0,0,0,0,0,0,0,-999
AL012015,ANA,28,20150510,0600,,TS,33.5N,78.6W,40,1002,80,110,60,40,0,0,0,0,0,0,0,0,-999
AL012015,ANA,28,20150510,1000,L,TS,33.8N,78.8W,40,1002,70,110,60,40,0,0,0,0,0,0,0,0,-999
AL012015,ANA,28,20150510,1200,,TS,33.9N,78.8W,35,1002,70,110,60,20,0,0,0,0,0,0,0,0,-999
AL012015,ANA,28,20150510,1800,,TD,34.3N,78.7W,30,1006,0,0,0,0,0,0,0,0,0,0,0,0,-999
AL012015,ANA,28,20150511,0000,,TD,34.7N,78.5W,30,1009,0,0,0,0,0,0,0,0,0,0,0,0,-999
AL012015,ANA,28,20150511,0600,,TD,35.5N,78.0W,30,1010,0,0,0,0,0,0,0,0,0,0,0,0,-999
AL012015,ANA,28,20150511,1200,,TD,36.2N,77.3W,30,1012,0,0,0,0,0,0,0,0,0,0,0,0,-999
AL012015,ANA,28,20150511,1800,,TD,37.0N,76.3W,30,1012,0,0,0,0,0,0,0,0,0,0,0,0,-999
AL012015,ANA,28,20150512,0000,,LO,38.1N,75.1W,30,1012,0,0,0,0,0,0,0,0,0,0,0,0,-999
AL012015,ANA,28,20150512,0600,,LO,39.3N,73.1W,25,1011,0,0,0,0,0,0,0,0,0,0,0,0,-999
AL012015,ANA,28,20150512,1200,,LO,40.8N,70.7W,25,1009,0,0,0,0,0,0,0,0,0,0,0,0,-999
AL012015,ANA,28,20150512,1800,,LO,43.0N,67.0W,25,1005,0,0,0,0,0,0,0,0,0,0,0,0,-999
AL022015,BILL,22,20150616,0000,,TS,27.0N,94.3W,45,1005,140,130,0,0,0,0,0,0,0,0,0,0,-999
AL022015,BILL,22,20150616,0600,,TS,27.6N,95.2W,45,1001,130,130,0,0,0,0,0,0,0,0,0,0,-999
AL022015,BILL,22,20150616,1200,,TS,28.0N,96.0W,50,997,130,130,0,30,20,20,0,0,0,0,0,0,-999
AL022015,BILL,22,20150616,1645,L,TS,28.2N,96.7W,50,997,130,130,0,30,20,20,0,0,0,0,0,0,-999
AL022015,BILL,22,20150616,1800,,TS,28.2N,96.7W,50,997,130,130,0,30,20,20,0,0,0,0,0,0,-999
AL022015,BILL,22,20150617,0000,,TS,29.1N,96.9W,40,998,0,130,0,0,0,0,0,0,0,0,0,0,-999
AL022015,BILL,22,20150617,0600,,TD,30.3N,97.1W,30,999,0,0,0,0,0,0,0,0,0,0,0,0,-999
AL022015,BILL,22,20150617,1200,,TD,31.7N,97.4W,30,999,0,0,0,0,0,0,0,0,0,0,0,0,-999
AL022015,BILL,22,20150617,1800,,TD,32.6N,97.5W,25,999,0,0,0,0,0,0,0,0,0,0,0,0,-999
AL022015,BILL,22,20150618,0000,,TD,33.5N,97.3W,25,1000,0,0,0,0,0,0,0,0,0,0,0,0,-999
AL022015,BILL,22,20150618,0600,,TD,34.2N,96.9W,25,1002,0,0,0,0,0,0,0,0,0,0,0,0,-999
AL022015,BILL,22,20150618,1200,,TD,34.8N,96.3W,20,1003,0,0,0,0,0,0,0,0,0,0,0,0,-999
AL022015,BILL,22,20150618,1800,,LO,35.2N,95.5W,15,1004,0,0,0,0,0,0,0,0,0,0,0,0,-999
AL022015,BILL,22,20150619,0000,,LO,35.6N,94.5W,15,1005,0,0,0,0,0,0,0,0,0,0,0,0,-999
AL022015,BILL,22,20150619,0600,,LO,35.9N,93.5W,15,1006,0,0,0,0,0,0,0,0,0,0,0,0,-999
AL022015,BILL,22,20150619,1200,,LO,36.3N,92.3W,15,1006,0,0,0,0,0,0,0,0,0,0,0,0,-999
AL022015,BILL,22,20150619,1800,,LO,36.9N,90.9W,20,1005,0,0,0,0,0,0,0,0,0,0,0,0,-999
AL022015,BILL,22,20150620,0000,,LO,37.4N,89.4W,20,1004,0,0,0,0,0,0,0,0,0,0,0,0,-999
AL022015,BILL,22,20150620,0600,,LO,37.8N,87.8W,15,1002,0,0,0,0,0,0,0,0,0,0,0,0,-999
AL022015,BILL,22,20150620,1200,,LO,38.2N,85.8W,15,1001,0,0,0,0,0,0,0,0,0,0,0,0,-999
AL022015,BILL,22,20150620,1800,,LO,38.5N,83.7W,15,1003,0,0,0,0,0,0,0,0,0,0,0,0,-999
AL022015,BILL,22,20150621,0000,,LO,38.9N,81.3W,15,1006,0,0,0,0,0,0,0,0,0,0,0,0,-999
AL032015,CLAUDETTE,15,20150712,0000,,LO,35.4N,75.4W,25,1010,0,0,0,0,0,0,0,0,0,0,0,0,-999
AL032015,CLAUDETTE,15,20150712,0600,,LO,35.3N,74.6W,25,1010,0,0,0,0,0,0,0,0,0,0,0,0,-999
AL032015,CLAUDETTE,15,20150712,1200,,LO,35.2N,73.6W,25,1010,0,0,0,0,0,0,0,0,0,0,0,0,-999
AL032015,CLAUDETTE,15,20150712,1800,,LO,35.3N,72.8W,25,1010,0,0,0,0,0,0,0,0,0,0,0,0,-999
AL032015,CLAUDETTE,15,20150713,0000,,LO,35.5N,72.2W,25,1010,0,0,0,0,0,0,0,0,0,0,0,0,-999
AL032015,CLAUDETTE,15,20150713,0600,,TD,36.0N,71.1W,30,1008,0,0,0,0,0,0,0,0,0,0,0,0,-999
AL032015,CLAUDETTE,15,20150713,1200,,TS,36.8N,69.4W,40,1005,60,50,20,30,0,0,0,0,0,0,0,0,-999
AL032015,CLAUDETTE,15,20150713,1800,,TS,37.6N,67.5W,45,1003,60,50,20,30,0,0,0,0,0,0,0,0,-999
AL032015,CLAUDETTE,15,20150714,0000,,TS,38.4N,65.7W,45,1004,60,50,20,30,0,0,0,0,0,0,0,0,-999
AL032015,CLAUDETTE,15,20150714,0600,,TS,39.4N,64.1W,45,1004,60,60,40,20,0,0,0,0,0,0,0,0,-999
AL032015,CLAUDETTE,15,20150714,1200,,TS,40.7N,62.0W,45,1004,60,70,60,0,0,0,0,0,0,0,0,0,-999
AL032015,CLAUDETTE,15,20150714,1800,,TS,42.0N,60.0W,40,1004,60,70,60,0,0,0,0,0,0,0,0,0,-999
AL032015,CLAUDETTE,15,20150715,0000,,LO,43.5N,58.2W,35,1004,60,70,60,0,0,0,0,0,0,0,0,0,-999
AL032015,CLAUDETTE,15,20150715,0600,,LO,45.0N,56.9W,30,1004,0,0,0,0,0,0,0,0,0,0,0,0,-999
AL032015,CLAUDETTE,15,20150715,1200,,LO,46.0N,55.9W,30,1004,0,0,0,0,0,0,0,0,0,0,0,0,-999
AL042015,DANNY,31,20150817,0000,,LO,9.6N,29.3W,25,1011,0,0,0,0,0,0,0,0,0,0,0,0,-999
AL042015,DANNY,31,20150817,0600,,LO,9.6N,30.4W,25,1011,0,0,0,0,0,0,0,0,0,0,0,0,-999
AL042015,DANNY,31,20150817,1200,,LO,9.7N,31.5W,25,1011,0,0,0,0,0,0,0,0,0,0,0,0,-999
AL042015,DANNY,31,20150817,1800,,LO,10.0N,32.6W,25,1010,0,0,0,0,0,0,0,0,0,0,0,0,-999
AL042015,DANNY,31,20150818,0000,,LO,10.3N,33.7W,25,1010,0,0,0,0,0,0,0,0,0,0,0,0,-999
AL042015,DANNY,31,20150818,0600,,TD,10.4N,34.8W,30,1009,0,0,0,0,0,0,0,0,0,0,0,0,-999
AL042015,DANNY,31,20150818,1200,,TS,10.5N,35.9W,35,1008,40,0,0,40,0,0,0,0,0,0,0,0,-999
AL042015,DANNY,31,20150818,1800,,TS,10.7N,37.1W,40,1006,40,30,0,40,0,0,0,0,0,0,0,0,-999
AL042015,DANNY,31,20150819,0000,,TS,10.9N,38.4W,45,1005,50,30,0,40,0,0,0,0,0,0,0,0,-999
AL042015,DANNY,31,20150819,0600,,TS,11.0N,39.5W,45,1003,50,30,0,40,0,0,0,0,0,0,0,0,-999
AL042015,DANNY,31,20150819,1200,,TS,11.2N,40.6W,45,1002,50,30,30,40,0,0,0,0,0,0,0,0,-999
AL042015,DANNY,31,20150819,1800,,TS,11.5N,41.5W,50,1001,50,30,20,40,20,0,0,0,0,0,0,0,-999
AL042015,DANNY,31,20150820,0000,,TS,11.7N,42.5W,55,1000,50,30,20,40,20,0,0,20,0,0,0,0,-999
AL042015,DANNY,31,20150820,0600,,TS,11.9N,43.5W,60,998,50,30,20,40,20,10,10,20,0,0,0,0,-999
AL042015,DANNY,31,20150820,1200,,HU,12.3N,44.4W,65,995,50,30,30,40,20,20,20,20,10,10,10,10,-999
AL042015,DANNY,31,20150820,1800,,HU,12.8N,45.3W,75,990,50,30,30,40,20,20,20,20,10,10,10,10,-999
AL042015,DANNY,31,20150821,0000,,HU,13.2N,46.2W,85,981,50,30,30,40,20,20,20,20,10,10,10,10,-999
AL042015,DANNY,31,20150821,0600,,HU,13.5N,47.0W,95,973,50,30,30,40,20,20,20,20,10,10,10,10,-999
AL042015,DANNY,31,20150821,1200,,HU,13.8N,47.8W,110,960,50,30,30,50,30,20,20,30,15,10,10,15,-999
AL042015,DANNY,31,20150821,1800,,HU,14.3N,48.6W,105,966,50,30,30,50,30,20,20,30,15,10,10,15,-999
AL042015,DANNY,31,20150822,0000,,HU,14.7N,49.4W,95,973,50,30,30,50,30,20,20,30,15,10,10,15,-999
AL042015,DANNY,31,20150822,0600,,HU,15.0N,50.3W,85,980,50,30,30,50,30,20,20,30,15,10,10,15,-999
AL042015,DANNY,31,20150822,1200,,HU,15.3N,51.4W,75,985,50,30,30,50,30,20,20,30,15,10,10,15,-999
AL042015,DANNY,31,20150822,1800,,HU,15.5N,52.7W,65,990,50,30,30,50,30,20,20,30,10,10,0,0,-999
AL042015,DANNY,31,20150823,0000,,TS,15.6N,54.0W,55,999,50,30,20,50,20,0,0,20,0,0,0,0,-999
AL042015,DANNY,31,20150823,0600,,TS,15.7N,55.3W,50,1001,50,30,20,50,20,0,0,0,0,0,0,0,-999
AL042015,DANNY,31,20150823,1200,,TS,15.7N,56.7W,45,1002,50,30,20,40,0,0,0,0,0,0,0,0,-999
AL042015,DANNY,31,20150823,1800,,TS,15.6N,58.2W,40,1004,50,30,0,40,0,0,0,0,0,0,0,0,-999
AL042015,DANNY,31,20150824,0000,,TS,15.6N,59.3W,40,1007,50,30,0,0,0,0,0,0,0,0,0,0,-999
AL042015,DANNY,31,20150824,0600,,TS,15.8N,60.4W,35,1008,50,30,0,0,0,0,0,0,0,0,0,0,-999
AL042015,DANNY,31,20150824,1200,,TD,15.8N,61.3W,30,1009,0,0,0,0,0,0,0,0,0,0,0,0,-999
AL052015,ERIKA,16,20150824,1800,,TS,14.3N,45.1W,40,1003,70,70,0,0,0,0,0,0,0,0,0,0,-999
AL052015,ERIKA,16,20150825,0000,,TS,14.4N,46.9W,40,1003,70,70,0,0,0,0,0,0,0,0,0,0,-999
AL052015,ERIKA,16,20150825,0600,,TS,14.7N,48.6W,40,1003,70,70,0,0,0,0,0,0,0,0,0,0,-999
AL052015,ERIKA,16,20150825,1200,,TS,15.0N,50.2W,40,1003,70,70,0,0,0,0,0,0,0,0,0,0,-999
AL052015,ERIKA,16,20150825,1800,,TS,15.3N,51.9W,35,1004,70,70,0,0,0,0,0,0,0,0,0,0,-999
AL052015,ERIKA,16,20150826,0000,,TS,15.7N,53.6W,35,1006,90,70,0,0,0,0,0,0,0,0,0,0,-999
AL052015,ERIKA,16,20150826,0600,,TS,15.9N,55.2W,35,1005,90,70,0,0,0,0,0,0,0,0,0,0,-999
AL052015,ERIKA,16,20150826,1200,,TS,16.2N,56.8W,40,1005,90,90,0,0,0,0,0,0,0,0,0,0,-999
AL052015,ERIKA,16,20150826,1800,,TS,16.4N,58.2W,40,1005,90,90,0,0,0,0,0,0,0,0,0,0,-999
AL052015,ERIKA,16,20150827,0000,,TS,16.6N,59.5W,40,1006,90,90,0,0,0,0,0,0,0,0,0,0,-999
AL052015,ERIKA,16,20150827,0600,,TS,16.5N,60.8W,45,1001,100,100,0,0,0,0,0,0,0,0,0,0,-999
AL052015,ERIKA,16,20150827,1200,,TS,16.5N,62.2W,45,1004,120,120,0,0,0,0,0,0,0,0,0,0,-999
AL052015,ERIKA,16,20150827,1800,,TS,16.6N,63.6W,45,1006,120,120,0,0,0,0,0,0,0,0,0,0,-999
AL052015,ERIKA,16,20150828,0000,,TS,17.2N,65.1W,45,1006,120,120,0,0,0,0,0,0,0,0,0,0,-999
AL052015,ERIKA,16,20150828,0600,,TS,17.5N,66.8W,45,1006,140,120,0,0,0,0,0,0,0,0,0,0,-999
AL052015,ERIKA,16,20150828,1200,,TS,17.6N,68.6W,45,1008,140,120,0,0,0,0,0,0,0,0,0,0,-999
AL062015,FRED,31,20150830,0000,,TD,11.6N,17.5W,30,1007,0,0,0,0,0,0,0,0,0,0,0,0,-999
AL062015,FRED,31,20150830,0600,,TS,12.2N,18.4W,35,1005,30,30,0,30,0,0,0,0,0,0,0,0,-999
AL062015,FRED,31,20150830,1200,,TS,13.1N,19.5W,45,1004,50,50,0,30,0,0,0,0,0,0,0,0,-999
AL062015,FRED,31,20150830,1800,,TS,14.0N,20.7W,55,998,60,60,30,50,30,30,10,20,0,0,0,0,-999
AL062015,FRED,31,20150831,0000,,HU,14.6N,21.7W,65,992,70,70,50,60,40,40,20,30,10,10,10,10,-999
AL062015,FRED,31,20150831,0600,,HU,15.3N,22.5W,70,989,70,70,50,60,40,40,20,30,15,10,10,15,-999
AL062015,FRED,31,20150831,1200,,HU,16.1N,23.3W,75,986,70,70,50,60,40,40,20,30,15,10,10,15,-999
AL062015,FRED,31,20150831,1800,,HU,16.8N,24.1W,70,988,70,70,50,60,40,40,20,30,15,10,10,15,-999
AL062015,FRED,31,20150901,0000,,HU,17.4N,24.9W,65,991,70,70,50,60,40,40,20,30,10,10,0,10,-999
AL062015,FRED,31,20150901,0600,,TS,17.8N,25.7W,60,994,70,70,40,60,30,30,0,30,0,0,0,0,-999
AL062015,FRED,31,20150901,1200,,TS,18.2N,26.7W,50,1000,70,40,40,70,30,0,0,30,0,0,0,0,-999
AL062015,FRED,31,20150901,1800,,TS,18.7N,27.6W,45,1003,70,40,40,70,0,0,0,0,0,0,0,0,-999
AL062015,FRED,31,20150902,0000,,TS,19.1N,28.7W,45,1003,70,40,40,70,0,0,0,0,0,0,0,0,-999
AL062015,FRED,31,20150902,0600,,TS,19.3N,29.7W,40,1004,70,40,40,70,0,0,0,0,0,0,0,0,-999
AL062015,FRED,31,20150902,1200,,TS,19.6N,30.5W,40,1005,60,40,0,50,0,0,0,0,0,0,0,0,-999
AL062015,FRED,31,20150902,1800,,TS,20.0N,31.4W,35,1006,60,30,0,50,0,0,0,0,0,0,0,0,-999
AL062015,FRED,31,20150903,0000,,TS,20.4N,32.2W,35,1006,60,30,0,50,0,0,0,0,0,0,0,0,-999
AL062015,FRED,31,20150903,0600,,TS,20.7N,32.9W,40,1005,60,40,0,40,0,0,0,0,0,0,0,0,-999
AL062015,FRED,31,20150903,1200,,TS,21.3N,33.7W,40,1005,60,40,0,40,0,0,0,0,0,0,0,0,-999
AL062015,FRED,31,20150903,1800,,TS,21.8N,34.9W,35,1005,60,40,0,40,0,0,0,0,0,0,0,0,-999
AL062015,FRED,31,20150904,0000,,TS,21.9N,36.0W,35,1005,60,40,0,40,0,0,0,0,0,0,0,0,-999
AL062015,FRED,31,20150904,0600,,TS,22.0N,36.9W,35,1005,60,40,0,40,0,0,0,0,0,0,0,0,-999
AL062015,FRED,31,20150904,1200,,TD,22.2N,37.9W,30,1005,0,0,0,0,0,0,0,0,0,0,0,0,-999
AL062015,FRED,31,20150904,1800,,TD,22.4N,38.7W,30,1006,0,0,0,0,0,0,0,0,0,0,0,0,-999
AL062015,FRED,31,20150905,0000,,TS,22.7N,39.6W,35,1006,30,0,0,0,0,0,0,0,0,0,0,0,-999
AL062015,FRED,31,20150905,0600,,TS,23.0N,40.6W,35,1007,30,0,0,0,0,0,0,0,0,0,0,0,-999
AL062015,FRED,31,20150905,1200,,TD,23.3N,41.5W,30,1008,0,0,0,0,0,0,0,0,0,0,0,0,-999
AL062015,FRED,31,20150905,1800,,TD,23.5N,42.2W,30,1008,0,0,0,0,0,0,0,0,0,0,0,0,-999
AL062015,FRED,31,20150906,0000,,TD,23.8N,42.9W,30,1009,0,0,0,0,0,0,0,0,0,0,0,0,-999
AL062015,FRED,31,20150906,0600,,TD,24.5N,43.3W,30,1010,0,0,0,0,0,0,0,0,0,0,0,0,-999
AL062015,FRED,31,20150906,1200,,TD,25.3N,43.2W,25,1010,0,0,0,0,0,0,0,0,0,0,0,0,-999
AL072015,GRACE,17,20150905,0600,,TD,12.0N,23.1W,25,1010,0,0,0,0,0,0,0,0,0,0,0,0,-999
AL072015,GRACE,17,20150905,1200,,TD,12.2N,24.4W,30,1008,0,0,0,0,0,0,0,0,0,0,0,0,-999
AL072015,GRACE,17,20150905,1800,,TS,12.3N,25.7W,35,1007,30,0,0,30,0,0,0,0,0,0,0,0,-999
AL072015,GRACE,17,20150906,0000,,TS,12.4N,26.9W,40,1005,30,0,0,30,0,0,0,0,0,0,0,0,-999
AL072015,GRACE,17,20150906,0600,,TS,12.5N,28.0W,45,1002,50,30,30,50,0,0,0,0,0,0,0,0,-999
AL072015,GRACE,17,20150906,1200,,TS,12.7N,29.2W,50,1000,50,30,30,50,20,0,0,0,0,0,0,0,-999
AL072015,GRACE,17,20150906,1800,,TS,12.9N,30.5W,45,1002,50,30,30,50,0,0,0,0,0,0,0,0,-999
AL072015,GRACE,17,20150907,0000,,TS,13.2N,31.9W,45,1002,50,30,30,50,0,0,0,0,0,0,0,0,-999
AL072015,GRACE,17,20150907,0600,,TS,13.5N,33.4W,45,1002,50,30,30,50,0,0,0,0,0,0,0,0,-999
AL072015,GRACE,17,20150907,1200,,TS,13.7N,35.0W,40,1004,50,20,20,50,0,0,0,0,0,0,0,0,-999
AL072015,GRACE,17,20150907,1800,,TS,13.8N,36.7W,40,1004,50,0,0,50,0,0,0,0,0,0,0,0,-999
AL072015,GRACE,17,20150908,0000,,TS,13.9N,38.4W,35,1005,40,0,0,40,0,0,0,0,0,0,0,0,-999
AL072015,GRACE,17,20150908,0600,,TS,14.0N,40.1W,35,1005,40,0,0,40,0,0,0,0,0,0,0,0,-999
AL072015,GRACE,17,20150908,1200,,TD,14.0N,41.8W,30,1006,0,0,0,0,0,0,0,0,0,0,0,0,-999
AL072015,GRACE,17,20150908,1800,,TD,14.0N,43.4W,30,1006,0,0,0,0,0,0,0,0,0,0,0,0,-999
AL072015,GRACE,17,20150909,0000,,TD,14.0N,44.9W,25,1006,0,0,0,0,0,0,0,0,0,0,0,0,-999
AL072015,GRACE,17,20150909,0600,,TD,14.0N,46.4W,25,1006,0,0,0,0,0,0,0,0,0,0,0,0,-999
AL082015,HENRI,13,20150908,0600,,LO,31.1N,62.2W,20,1014,0,0,0,0,0,0,0,0,0,0,0,0,-999
AL082015,HENRI,13,20150908,1200,,LO,30.9N,61.9W,25,1012,0,0,0,0,0,0,0,0,0,0,0,0,-999
AL082015,HENRI,13,20150908,1800,,TD,30.8N,61.6W,30,1011,0,0,0,0,0,0,0,0,0,0,0,0,-999
AL082015,HENRI,13,20150909,0000,,TS,30.8N,61.4W,35,1009,80,0,0,0,0,0,0,0,0,0,0,0,-999
AL082015,HENRI,13,20150909,0600,,TS,30.8N,61.2W,35,1007,80,0,0,0,0,0,0,0,0,0,0,0,-999
AL082015,HENRI,13,20150909,1200,,TS,30.8N,61.0W,40,1005,80,80,0,0,0,0,0,0,0,0,0,0,-999
AL082015,HENRI,13,20150909,1800,,TS,30.9N,60.8W,45,1003,120,120,0,0,0,0,0,0,0,0,0,0,-999
AL082015,HENRI,13,20150910,0000,,TS,31.2N,60.8W,45,1003,150,150,0,0,0,0,0,0,0,0,0,0,-999
AL082015,HENRI,13,20150910,0600,,TS,31.6N,60.9W,45,1005,150,150,0,0,0,0,0,0,0,0,0,0,-999
AL082015,HENRI,13,20150910,1200,,TS,32.2N,60.9W,40,1006,150,150,0,0,0,0,0,0,0,0,0,0,-999
AL082015,HENRI,13,20150910,1800,,TS,33.2N,60.9W,40,1007,150,150,0,0,0,0,0,0,0,0,0,0,-999
AL082015,HENRI,13,20150911,0000,,TS,34.3N,60.7W,40,1009,150,150,0,0,0,0,0,0,0,0,0,0,-999
AL082015,HENRI,13,20150911,0600,,TS,35.7N,60.3W,40,1010,150,150,0,0,0,0,0,0,0,0,0,0,-999
AL092015,NINE,19,20150915,0000,,LO,11.5N,40.3W,20,1011,0,0,0,0,0,0,0,0,0,0,0,0,-999
AL092015,NINE,19,20150915,0600,,LO,11.7N,41.1W,20,1011,0,0,0,0,0,0,0,0,0,0,0,0,-999
AL092015,NINE,19,20150915,1200,,LO,11.9N,41.9W,20,1011,0,0,0,0,0,0,0,0,0,0,0,0,-999
AL092015,NINE,19,20150915,1800,,LO,12.5N,42.4W,20,1011,0,0,0,0,0,0,0,0,0,0,0,0,-999
AL092015,NINE,19,20150916,0000,,LO,13.3N,42.7W,25,1010,0,0,0,0,0,0,0,0,0,0,0,0,-999
AL092015,NINE,19,20150916,0600,,LO,14.0N,43.1W,25,1009,0,0,0,0,0,0,0,0,0,0,0,0,-999
AL092015,NINE,19,20150916,1200,,TD,14.5N,43.7W,25,1009,0,0,0,0,0,0,0,0,0,0,0,0,-999
AL092015,NINE,19,20150916,1800,,TD,15.0N,44.4W,25,1009,0,0,0,0,0,0,0,0,0,0,0,0,-999
AL092015,NINE,19,20150917,0000,,TD,15.3N,44.8W,25,1008,0,0,0,0,0,0,0,0,0,0,0,0,-999
AL092015,NINE,19,20150917,0600,,TD,15.6N,45.0W,30,1006,0,0,0,0,0,0,0,0,0,0,0,0,-999
AL092015,NINE,19,20150917,1200,,TD,15.9N,45.1W,30,1006,0,0,0,0,0,0,0,0,0,0,0,0,-999
AL092015,NINE,19,20150917,1800,,TD,16.3N,45.1W,25,1007,0,0,0,0,0,0,0,0,0,0,0,0,-999
AL092015,NINE,19,20150918,0000,,TD,16.8N,45.2W,25,1007,0,0,0,0,0,0,0,0,0,0,0,0,-999
AL092015,NINE,19,20150918,0600,,TD,17.3N,45.8W,25,1007,0,0,0,0,0,0,0,0,0,0,0,0,-999
AL092015,NINE,19,20150918,1200,,TD,17.6N,46.6W,25,1007,0,0,0,0,0,0,0,0,0,0,0,0,-999
AL092015,NINE,19,20150918,1800,,TD,17.9N,47.3W,25,1007,0,0,0,0,0,0,0,0,0,0,0,0,-999
AL092015,NINE,19,20150919,0000,,TD,18.1N,48.1W,25,1008,0,0,0,0,0,0,0,0,0,0,0,0,-999
AL092015,NINE,19,20150919,0600,,TD,18.3N,48.8W,25,1009,0,0,0,0,0,0,0,0,0,0,0,0,-999
AL092015,NINE,19,20150919,1200,,TD,18.5N,49.4W,25,1009,0,0,0,0,0,0,0,0,0,0,0,0,-999
AL102015,IDA,51,20150915,1200,,LO,9.4N,24.2W,25,1010,0,0,0,0,0,0,0,0,0,0,0,0,-999
AL102015,IDA,51,20150915,1800,,LO,9.7N,25.5W,25,1010,0,0,0,0,0,0,0,0,0,0,0,0,-999
AL102015,IDA,51,20150916,0000,,LO,10.1N,26.6W,25,1010,0,0,0,0,0,0,0,0,0,0,0,0,-999
AL102015,IDA,51,20150916,0600,,LO,10.4N,27.6W,25,1010,0,0,0,0,0,0,0,0,0,0,0,0,-999
AL102015,IDA,51,20150916,1200,,LO,10.7N,28.6W,25,1010,0,0,0,0,0,0,0,0,0,0,0,0,-999
AL102015,IDA,51,20150916,1800,,LO,11.0N,29.6W,25,1009,0,0,0,0,0,0,0,0,0,0,0,0,-999
AL102015,IDA,51,20150917,0000,,LO,11.3N,30.7W,25,1009,0,0,0,0,0,0,0,0,0,0,0,0,-999
AL102015,IDA,51,20150917,0600,,LO,11.6N,31.8W,25,1008,0,0,0,0,0,0,0,0,0,0,0,0,-999
AL102015,IDA,51,20150917,1200,,LO,12.0N,32.9W,25,1008,0,0,0,0,0,0,0,0,0,0,0,0,-999
AL102015,IDA,51,20150917,1800,,LO,12.3N,33.9W,25,1008,0,0,0,0,0,0,0,0,0,0,0,0,-999
AL102015,IDA,51,20150918,0000,,LO,12.6N,34.9W,25,1008,0,0,0,0,0,0,0,0,0,0,0,0,-999
AL102015,IDA,51,20150918,0600,,TD,12.9N,35.7W,25,1007,0,0,0,0,0,0,0,0,0,0,0,0,-999
AL102015,IDA,51,20150918,1200,,TD,13.2N,36.4W,25,1007,0,0,0,0,0,0,0,0,0,0,0,0,-999
AL102015,IDA,51,20150918,1800,,TD,13.4N,37.0W,30,1006,0,0,0,0,0,0,0,0,0,0,0,0,-999
AL102015,IDA,51,20150919,0000,,TS,13.7N,37.6W,35,1005,80,80,0,30,0,0,0,0,0,0,0,0,-999
AL102015,IDA,51,20150919,0600,,TS,14.1N,38.4W,35,1005,90,90,0,30,0,0,0,0,0,0,0,0,-999
AL102015,IDA,51,20150919,1200,,TS,14.6N,39.4W,35,1005,90,90,0,30,0,0,0,0,0,0,0,0,-999
AL102015,IDA,51,20150919,1800,,TS,15.1N,40.6W,35,1005,100,100,0,30,0,0,0,0,0,0,0,0,-999
AL102015,IDA,51,20150920,0000,,TS,15.6N,41.9W,40,1004,110,110,0,40,0,0,0,0,0,0,0,0,-999
AL102015,IDA,51,20150920,0600,,TS,16.2N,43.1W,40,1004,120,120,0,40,0,0,0,0,0,0,0,0,-999
AL102015,IDA,51,20150920,1200,,TS,16.9N,44.4W,40,1004,130,130,0,40,0,0,0,0,0,0,0,0,-999
AL102015,IDA,51,20150920,1800,,TS,17.8N,45.6W,40,1003,140,140,0,40,0,0,0,0,0,0,0,0,-999
AL102015,IDA,51,20150921,0000,,TS,18.8N,46.5W,40,1003,150,150,0,40,0,0,0,0,0,0,0,0,-999
AL102015,IDA,51,20150921,0600,,TS,19.7N,47.3W,45,1002,150,160,0,40,0,0,0,0,0,0,0,0,-999
AL102015,IDA,51,20150921,1200,,TS,20.5N,48.1W,45,1001,150,170,0,40,0,0,0,0,0,0,0,0,-999
AL102015,IDA,51,20150921,1800,,TS,20.9N,48.7W,45,1001,150,180,0,40,0,0,0,0,0,0,0,0,-999
AL102015,IDA,51,20150922,0000,,TS,21.3N,48.9W,40,1002,150,180,0,40,0,0,0,0,0,0,0,0,-999
AL102015,IDA,51,20150922,0600,,TS,21.4N,48.5W,40,1002,140,170,0,40,0,0,0,0,0,0,0,0,-999
AL102015,IDA,51,20150922,1200,,TS,21.4N,47.9W,40,1002,130,160,0,40,0,0,0,0,0,0,0,0,-999
AL102015,IDA,51,20150922,1800,,TS,21.1N,47.4W,40,1003,130,160,0,40,0,0,0,0,0,0,0,0,-999
AL102015,IDA,51,20150923,0000,,TS,20.9N,47.2W,35,1004,120,150,0,40,0,0,0,0,0,0,0,0,-999
AL102015,IDA,51,20150923,0600,,TS,20.6N,47.2W,35,1004,120,140,0,40,0,0,0,0,0,0,0,0,-999
AL102015,IDA,51,20150923,1200,,TS,20.3N,47.2W,35,1004,120,130,0,40,0,0,0,0,0,0,0,0,-999
AL102015,IDA,51,20150923,1800,,TS,19.9N,46.9W,35,1004,120,130,0,0,0,0,0,0,0,0,0,0,-999
AL102015,IDA,51,20150924,0000,,TS,19.7N,46.4W,35,1004,0,120,0,0,0,0,0,0,0,0,0,0,-999
AL102015,IDA,51,20150924,0600,,TD,19.7N,45.7W,30,1005,0,0,0,0,0,0,0,0,0,0,0,0,-999
AL102015,IDA,51,20150924,1200,,TD,20.0N,45.2W,30,1005,0,0,0,0,0,0,0,0,0,0,0,0,-999
AL102015,IDA,51,20150924,1800,,TD,20.5N,45.0W,30,1005,0,0,0,0,0,0,0,0,0,0,0,0,-999
AL102015,IDA,51,20150925,0000,,TD,21.0N,45.0W,30,1006,0,0,0,0,0,0,0,0,0,0,0,0,-999
AL102015,IDA,51,20150925,0600,,TD,21.4N,45.0W,30,1006,0,0,0,0,0,0,0,0,0,0,0,0,-999
AL102015,IDA,51,20150925,1200,,TD,21.8N,45.1W,30,1006,0,0,0,0,0,0,0,0,0,0,0,0,-999
AL102015,IDA,51,20150925,1800,,TD,22.2N,45.2W,30,1006,0,0,0,0,0,0,0,0,0,0,0,0,-999
AL102015,IDA,51,20150926,0000,,TD,22.6N,45.5W,30,1006,0,0,0,0,0,0,0,0,0,0,0,0,-999
AL102015,IDA,51,20150926,0600,,TD,23.1N,45.8W,30,1006,0,0,0,0,0,0,0,0,0,0,0,0,-999
AL102015,IDA,51,20150926,1200,,TD,23.6N,46.2W,30,1006,0,0,0,0,0,0,0,0,0,0,0,0,-999
AL102015,IDA,51,20150926,1800,,TD,24.0N,46.7W,30,1006,0,0,0,0,0,0,0,0,0,0,0,0,-999
AL102015,IDA,51,20150927,0000,,TD,24.3N,47.2W,30,1006,0,0,0,0,0,0,0,0,0,0,0,0,-999
AL102015,IDA,51,20150927,0600,,TD,24.5N,47.7W,25,1007,0,0,0,0,0,0,0,0,0,0,0,0,-999
AL102015,IDA,51,20150927,1200,,LO,24.6N,48.1W,25,1007,0,0,0,0,0,0,0,0,0,0,0,0,-999
AL102015,IDA,51,20150927,1800,,LO,24.5N,48.7W,25,1007,0,0,0,0,0,0,0,0,0,0,0,0,-999
AL102015,IDA,51,20150928,0000,,LO,24.1N,49.3W,20,1008,0,0,0,0,0,0,0,0,0,0,0,0,-999
AL112015,JOAQUIN,76,20150926,1800,,LO,26.8N,68.7W,20,1011,0,0,0,0,0,0,0,0,0,0,0,0,-999
AL112015,JOAQUIN,76,20150927,0000,,LO,26.9N,68.6W,20,1011,0,0,0,0,0,0,0,0,0,0,0,0,-999
AL112015,JOAQUIN,76,20150927,0600,,LO,27.0N,68.5W,20,1010,0,0,0,0,0,0,0,0,0,0,0,0,-999
AL112015,JOAQUIN,76,20150927,1200,,LO,27.1N,68.6W,25,1009,0,0,0,0,0,0,0,0,0,0,0,0,-999
AL112015,JOAQUIN,76,20150927,1800,,LO,27.2N,68.8W,30,1007,0,0,0,0,0,0,0,0,0,0,0,0,-999
AL112015,JOAQUIN,76,20150928,0000,,TD,27.4N,69.0W,30,1007,0,0,0,0,0,0,0,0,0,0,0,0,-999
AL112015,JOAQUIN,76,20150928,0600,,TD,27.6N,69.3W,30,1007,0,0,0,0,0,0,0,0,0,0,0,0,-999
AL112015,JOAQUIN,76,20150928,1200,,TD,27.7N,69.7W,30,1006,0,0,0,0,0,0,0,0,0,0,0,0,-999
AL112015,JOAQUIN,76,20150928,1800,,TD,27.4N,70.0W,30,1003,0,0,0,0,0,0,0,0,0,0,0,0,-999
AL112015,JOAQUIN,76,20150929,0000,,TS,26.9N,70.1W,35,1002,0,60,0,0,0,0,0,0,0,0,0,0,-999
AL112015,JOAQUIN,76,20150929,0600,,TS,26.5N,70.3W,35,1002,0,60,0,0,0,0,0,0,0,0,0,0,-999
AL112015,JOAQUIN,76,20150929,1200,,TS,26.2N,70.5W,45,999,0,70,0,0,0,0,0,0,0,0,0,0,-999
AL112015,JOAQUIN,76,20150929,1800,,TS,26.0N,70.8W,55,992,60,80,0,0,30,50,0,0,0,0,0,0,-999
AL112015,JOAQUIN,76,20150930,0000,,TS,25.8N,71.3W,60,985,70,80,30,30,40,50,0,0,0,0,0,0,-999
AL112015,JOAQUIN,76,20150930,0600,,HU,25.4N,71.8W,65,978,80,90,40,40,40,50,30,30,30,30,20,20,-999
AL112015,JOAQUIN,76,20150930,1200,,HU,24.9N,72.2W,70,971,90,110,60,60,40,50,30,30,30,30,20,20,-999
AL112015,JOAQUIN,76,20150930,1800,,HU,24.4N,72.5W,80,961,100,120,80,80,40,50,30,30,30,30,20,20,-999
AL112015,JOAQUIN,76,20151001,0000,,HU,23.9N,72.9W,100,951,100,130,90,90,40,50,30,40,30,30,20,20,-999
AL112015,JOAQUIN,76,20151001,0600,,HU,23.5N,73.3W,110,947,110,140,100,100,50,60,40,40,30,30,25,25,-999
AL112015,JOAQUIN,76,20151001,1200,L,HU,23.1N,73.7W,115,942,110,150,120,110,60,60,40,50,35,30,30,30,-999
AL112015,JOAQUIN,76,20151001,1800,,HU,23.0N,74.2W,115,936,110,160,130,110,60,70,50,60,40,35,35,35,-999
AL112015,JOAQUIN,76,20151002,0000,,HU,22.9N,74.4W,120,931,120,170,130,120,70,70,60,70,40,35,40,40,-999
AL112015,JOAQUIN,76,20151002,0600,,HU,23.0N,74.7W,120,935,120,180,140,120,80,80,60,70,45,40,40,40,-999
AL112015,JOAQUIN,76,20151002,1200,,HU,23.4N,74.8W,115,937,130,180,140,120,80,80,70,70,45,45,45,45,-999
AL112015,JOAQUIN,76,20151002,1600,L,HU,23.6N,74.8W,110,940,130,180,140,120,80,80,70,70,45,45,45,45,-999
AL112015,JOAQUIN,76,20151002,1800,,HU,23.8N,74.7W,110,941,140,180,140,120,80,80,70,70,50,45,45,45,-999
AL112015,JOAQUIN,76,20151002,2100,L,HU,24.1N,74.5W,110,942,140,180,140,120,80,80,70,70,50,45,45,45,-999
AL112015,JOAQUIN,76,20151003,0000,,HU,24.3N,74.3W,115,943,140,180,140,120,80,90,70,70,50,50,45,45,-999
AL112015,JOAQUIN,76,20151003,0600,,HU,24.8N,73.6W,120,945,150,180,140,120,80,90,60,60,50,50,40,45,-999
AL112015,JOAQUIN,76,20151003,1200,,HU,25.4N,72.6W,135,934,150,180,130,110,80,90,60,60,45,55,40,40,-999
AL112015,JOAQUIN,76,20151003,1800,,HU,26.3N,71.0W,130,934,160,180,130,110,70,90,60,50,45,55,40,40,-999
AL112015,JOAQUIN,76,20151004,0000,,HU,27.4N,69.5W,115,941,160,180,130,110,70,90,50,50,40,50,35,35,-999
AL112015,JOAQUIN,76,20151004,0600,,HU,28.9N,68.3W,105,949,160,180,120,110,70,90,50,40,40,50,35,30,-999
AL112015,JOAQUIN,76,20151004,1200,,HU,30.4N,67.2W,95,956,160,170,120,110,60,80,50,40,35,50,35,30,-999
AL112015,JOAQUIN,76,20151004,1800,,HU,31.6N,66.5W,85,958,170,170,120,110,60,80,50,40,35,45,30,25,-999
AL112015,JOAQUIN,76,20151005,0000,,HU,32.6N,66.0W,75,961,170,170,130,120,60,80,50,40,35,40,30,20,-999
AL112015,JOAQUIN,76,20151005,0600,,HU,33.6N,65.6W,75,964,170,170,130,120,60,70,50,50,35,40,30,20,-999
AL112015,JOAQUIN,76,20151005,1200,,HU,34.4N,65.2W,75,964,170,170,140,130,70,70,50,50,35,35,30,20,-999
AL112015,JOAQUIN,76,20151005,1800,,HU,35.3N,64.5W,75,964,170,170,150,130,70,80,50,50,35,35,25,20,-999
AL112015,JOAQUIN,76,20151006,0000,,HU,36.2N,63.6W,75,967,160,180,160,140,80,80,60,60,35,35,25,25,-999
AL112015,JOAQUIN,76,20151006,0600,,HU,37.0N,62.3W,75,970,160,180,170,150,90,90,70,60,40,35,25,30,-999
AL112015,JOAQUIN,76,20151006,1200,,HU,37.9N,60.4W,70,974,160,190,190,150,90,100,80,70,40,40,25,30,-999
AL112015,JOAQUIN,76,20151006,1800,,HU,38.8N,58.0W,70,974,160,190,200,150,90,110,90,70,40,40,25,30,-999
AL112015,JOAQUIN,76,20151007,0000,,HU,39.6N,54.9W,70,974,160,200,220,160,90,120,100,80,40,45,25,30,-999
AL112015,JOAQUIN,76,20151007,0600,,HU,40.3N,51.5W,65,977,160,210,230,160,90,140,120,80,40,50,30,0,-999
AL112015,JOAQUIN,76,20151007,1200,,TS,41.0N,47.5W,60,977,160,230,250,160,0,150,130,80,0,0,0,0,-999
AL112015,JOAQUIN,76,20151007,1800,,TS,41.5N,43.3W,60,977,160,240,260,160,0,160,140,80,0,0,0,0,-999
AL112015,JOAQUIN,76,20151008,0000,,LO,41.9N,39.1W,55,977,160,250,270,150,0,160,150,0,0,0,0,0,-999
AL112015,JOAQUIN,76,20151008,0600,,LO,42.4N,35.0W,50,977,170,260,270,140,0,160,160,0,0,0,0,0,-999
AL112015,JOAQUIN,76,20151008,1200,,LO,43.0N,31.0W,45,980,180,270,280,140,0,0,0,0,0,0,0,0,-999
AL112015,JOAQUIN,76,20151008,1800,,LO,43.5N,27.3W,45,984,180,280,270,140,0,0,0,0,0,0,0,0,-999
AL112015,JOAQUIN,76,20151009,0000,,EX,43.9N,24.1W,45,987,190,280,270,130,0,0,0,0,0,0,0,0,-999
AL112015,JOAQUIN,76,20151009,0600,,EX,44.1N,21.9W,45,988,190,290,250,130,0,0,0,0,0,0,0,0,-999
AL112015,JOAQUIN,76,20151009,1200,,EX,44.2N,19.9W,45,988,200,280,230,140,0,0,0,0,0,0,0,0,-999
AL112015,JOAQUIN,76,20151009,1800,,EX,44.1N,18.2W,40,989,200,270,210,160,0,0,0,0,0,0,0,0,-999
AL112015,JOAQUIN,76,20151010,0000,,EX,43.8N,16.4W,35,992,200,260,200,200,0,0,0,0,0,0,0,0,-999
AL112015,JOAQUIN,76,20151010,0600,,EX,43.4N,15.0W,35,993,200,230,240,240,0,0,0,0,0,0,0,0,-999
AL112015,JOAQUIN,76,20151010,1200,,EX,43.1N,13.9W,35,996,180,200,0,0,0,0,0,0,0,0,0,0,-999
AL112015,JOAQUIN,76,20151010,1800,,EX,42.8N,12.9W,30,998,0,0,0,0,0,0,0,0,0,0,0,0,-999
AL112015,JOAQUIN,76,20151011,0000,,EX,42.5N,12.0W,30,999,0,0,0,0,0,0,0,0,0,0,0,0,-999
AL112015,JOAQUIN,76,20151011,0600,,EX,42.2N,11.3W,30,1000,0,0,0,0,0,0,0,0,0,0,0,0,-999
AL112015,JOAQUIN,76,20151011,1200,,EX,41.8N,10.8W,35,1001,0,0,0,120,0,0,0,0,0,0,0,0,-999
AL112015,JOAQUIN,76,20151011,1800,,EX,41.2N,10.5W,35,1001,0,0,140,140,0,0,0,0,0,0,0,0,-999
AL112015,JOAQUIN,76,20151012,0000,,EX,40.4N,10.2W,35,1002,0,0,120,140,0,0,0,0,0,0,0,0,-999
AL112015,JOAQUIN,76,20151012,0600,,EX,39.8N,9.7W,35,1002,0,0,120,140,0,0,0,0,0,0,0,0,-999
AL112015,JOAQUIN,76,20151012,1200,,EX,39.5N,9.1W,35,1003,0,0,120,140,0,0,0,0,0,0,0,0,-999
AL112015,JOAQUIN,76,20151012,1800,,EX,39.1N,8.8W,30,1005,0,0,0,0,0,0,0,0,0,0,0,0,-999
AL112015,JOAQUIN,76,20151013,0000,,EX,38.6N,8.9W,25,1007,0,0,0,0,0,0,0,0,0,0,0,0,-999
AL112015,JOAQUIN,76,20151013,0600,,EX,38.0N,9.1W,20,1009,0,0,0,0,0,0,0,0,0,0,0,0,-999
AL112015,JOAQUIN,76,20151013,1200,,EX,37.3N,9.2W,20,1010,0,0,0,0,0,0,0,0,0,0,0,0,-999
AL112015,JOAQUIN,76,20151013,1800,,EX,36.6N,9.1W,20,1010,0,0,0,0,0,0,0,0,0,0,0,0,-999
AL112015,JOAQUIN,76,20151014,0000,,EX,36.0N,9.0W,20,1011,0,0,0,0,0,0,0,0,0,0,0,0,-999
AL112015,JOAQUIN,76,20151014,0600,,EX,35.5N,8.7W,20,1011,0,0,0,0,0,0,0,0,0,0,0,0,-999
AL112015,JOAQUIN,76,20151014,1200,,EX,35.1N,8.4W,20,1011,0,0,0,0,0,0,0,0,0,0,0,0,-999
AL112015,JOAQUIN,76,20151014,1800,,EX,35.0N,8.0W,15,1012,0,0,0,0,0,0,0,0,0,0,0,0,-999
AL112015,JOAQUIN,76,20151015,0000,,EX,35.2N,7.7W,15,1012,0,0,0,0,0,0,0,0,0,0,0,0,-999
AL122015,KATE,20,20151108,1800,,TD,22.2N,71.5W,30,1010,0,0,0,0,0,0,0,0,0,0,0,0,-999
AL122015,KATE,20,20151109,0000,,TD,22.8N,72.6W,30,1010,0,0,0,0,0,0,0,0,0,0,0,0,-999
AL122015,KATE,20,20151109,0600,,TS,23.4N,73.7W,35,1010,50,0,0,30,0,0,0,0,0,0,0,0,-999
AL122015,KATE,20,20151109,1200,,TS,24.1N,74.8W,40,1008,60,0,0,30,0,0,0,0,0,0,0,0,-999
AL122015,KATE,20,20151109,1800,,TS,25.0N,75.7W,45,1008,70,0,0,30,0,0,0,0,0,0,0,0,-999
AL122015,KATE,20,20151110,0000,,TS,26.4N,76.2W,50,1006,70,50,0,20,20,0,0,0,0,0,0,0,-999
AL122015,KATE,20,20151110,0600,,TS,28.0N,76.2W,55,1003,70,50,20,20,20,0,0,0,0,0,0,0,-999
AL122015,KATE,20,20151110,1200,,TS,29.5N,75.4W,60,998,70,70,20,20,20,10,0,0,0,0,0,0,-999
AL122015,KATE,20,20151110,1800,,TS,31.2N,74.0W,60,993,70,70,20,20,20,10,0,0,0,0,0,0,-999
AL122015,KATE,20,20151111,0000,,HU,33.1N,71.3W,65,990,80,80,60,20,20,30,0,0,0,20,0,0,-999
AL122015,KATE,20,20151111,0600,,HU,35.2N,67.6W,70,985,80,100,100,20,30,60,0,0,0,20,0,0,-999
AL122015,KATE,20,20151111,1200,,HU,36.2N,62.5W,75,980,120,180,180,50,60,90,60,0,0,30,0,0,-999
AL122015,KATE,20,20151111,1800,,HU,37.6N,58.2W,65,980,150,200,180,60,60,90,60,0,0,40,0,0,-999
AL122015,KATE,20,20151112,0000,,EX,38.9N,55.0W,65,980,180,210,180,90,90,110,60,0,0,40,0,0,-999
AL122015,KATE,20,20151112,0600,,EX,40.0N,52.0W,65,980,220,220,180,120,120,120,60,0,0,40,0,0,-999
AL122015,KATE,20,20151112,1200,,EX,41.3N,50.4W,55,981,220,220,180,120,120,120,60,0,0,0,0,0,-999
AL122015,KATE,20,20151112,1800,,EX,41.9N,49.9W,55,983,220,220,180,120,120,120,60,0,0,0,0,0,-999
AL122015,KATE,20,20151113,0000,,EX,41.5N,49.2W,50,985,540,520,200,220,120,120,60,0,0,0,0,0,-999
AL122015,KATE,20,20151113,0600,,EX,40.8N,47.5W,45,985,620,460,180,220,0,0,0,0,0,0,0,0,-999
AL122015,KATE,20,20151113,1200,,EX,40.7N,45.4W,45,987,710,400,150,220,0,0,0,0,0,0,0,0,-999
AL012016,ALEX,42,20160107,0000,,EX,26.6N,75.3W,40,1010,150,0,150,170,0,0,0,0,0,0,0,0,-999
AL012016,ALEX,42,20160107,0600,,EX,27.6N,74.7W,45,1003,200,90,120,170,0,0,0,0,0,0,0,0,-999
AL012016,ALEX,42,20160107,1200,,EX,28.7N,73.8W,50,997,250,120,100,170,0,0,70,70,0,0,0,0,-999
AL012016,ALEX,42,20160107,1800,,EX,30.0N,72.5W,55,987,250,130,120,190,0,60,70,70,0,0,0,0,-999
AL012016,ALEX,42,20160108,0000,,EX,31.4N,70.6W,55,986,250,150,150,240,0,70,0,50,0,0,0,0,-999
AL012016,ALEX,42,20160108,0600,,EX,32.4N,68.8W,55,986,270,150,150,240,0,70,0,50,0,0,0,0,-999
AL012016,ALEX,42,20160108,1200,,EX,33.0N,67.1W,45,991,330,170,120,200,0,0,0,0,0,0,0,0,-999
AL012016,ALEX,42,20160108,1800,,EX,33.5N,65.0W,45,991,400,200,120,200,0,0,0,0,0,0,0,0,-999
AL012016,ALEX,42,20160109,0000,,EX,34.0N,62.9W,45,991,400,200,120,240,0,0,0,0,0,0,0,0,-999
AL012016,ALEX,42,20160109,0600,,EX,34.5N,60.5W,50,991,400,150,120,300,150,70,0,150,0,0,0,0,-999
AL012016,ALEX,42,20160109,1200,,EX,35.0N,58.3W,55,989,400,150,120,300,130,70,0,130,0,0,0,0,-999
AL012016,ALEX,42,20160109,1800,,EX,35.1N,56.1W,60,985,400,200,120,240,130,70,0,100,0,0,0,0,-999
AL012016,ALEX,42,20160110,0000,,EX,34.4N,54.2W,65,981,400,200,180,240,120,70,70,100,60,0,50,0,-999
AL012016,ALEX,42,20160110,0600,,EX,33.7N,52.7W,65,981,400,200,210,240,120,70,90,100,50,0,50,0,-999
AL012016,ALEX,42,20160110,1200,,EX,32.9N,51.2W,65,979,400,200,240,240,120,70,90,100,0,0,50,0,-999
AL012016,ALEX,42,20160110,1800,,EX,32.1N,49.1W,60,980,400,200,240,300,180,60,70,160,0,0,0,0,-999
AL012016,ALEX,42,20160111,0000,,EX,31.6N,46.5W,55,980,400,240,240,400,240,60,70,240,0,0,0,0,-999
AL012016,ALEX,42,20160111,0600,,EX,31.6N,44.6W,55,980,400,240,240,400,240,60,70,240,0,0,0,0,-999
AL012016,ALEX,42,20160111,1200,,EX,31.3N,43.4W,55,980,400,240,240,400,240,60,70,240,0,0,0,0,-999
AL012016,ALEX,42,20160111,1800,,EX,30.0N,42.5W,50,982,400,120,240,400,240,60,70,240,0,0,0,0,-999
AL012016,ALEX,42,20160112,0000,,EX,28.4N,41.7W,50,985,400,60,240,400,240,0,70,240,0,0,0,0,-999
AL012016,ALEX,42,20160112,0600,,EX,26.3N,40.2W,50,988,280,60,240,400,120,30,70,200,0,0,0,0,-999
AL012016,ALEX,42,20160112,1200,,EX,25.0N,38.0W,50,988,150,80,200,300,0,40,40,0,0,0,0,0,-999
AL012016,ALEX,42,20160112,1800,,SS,25.1N,35.9W,50,988,100,100,100,100,0,60,0,0,0,0,0,0,-999
AL012016,ALEX,42,20160113,0000,,SS,25.4N,34.7W,50,988,100,100,100,100,0,60,0,0,0,0,0,0,-999
AL012016,ALEX,42,20160113,0600,,SS,25.6N,33.6W,45,989,70,100,80,60,0,0,0,0,0,0,0,0,-999
AL012016,ALEX,42,20160113,1200,,SS,26.0N,32.5W,45,989,30,100,80,60,0,0,0,0,0,0,0,0,-999
AL012016,ALEX,42,20160113,1800,,SS,26.7N,31.4W,45,990,60,120,120,0,0,0,0,0,0,0,0,0,-999
AL012016,ALEX,42,20160114,0000,,SS,27.9N,30.4W,55,988,60,120,120,0,30,30,0,0,0,0,0,0,-999
AL012016,ALEX,42,20160114,0600,,HU,29.3N,29.6W,65,985,120,130,100,30,30,30,0,0,20,0,0,0,-999
AL012016,ALEX,42,20160114,1200,,HU,30.8N,28.7W,75,981,120,130,100,50,30,40,30,20,20,20,0,0,-999
AL012016,ALEX,42,20160114,1800,,HU,32.5N,28.0W,75,981,150,150,100,100,40,40,30,40,20,20,0,0,-999
AL012016,ALEX,42,20160115,0000,,HU,33.9N,27.6W,70,984,150,150,100,100,40,40,30,40,20,20,0,0,-999
AL012016,ALEX,42,20160115,0600,,HU,35.4N,27.2W,65,986,270,150,100,100,50,50,30,40,20,20,0,0,-999
AL012016,ALEX,42,20160115,1200,,TS,38.0N,27.0W,55,986,400,300,180,150,150,150,30,40,0,0,0,0,-999
AL012016,ALEX,42,20160115,1315,L,TS,38.7N,27.1W,55,986,400,300,180,150,180,150,30,40,0,0,0,0,-999
AL012016,ALEX,42,20160115,1800,,EX,41.5N,27.7W,55,986,420,420,240,120,270,120,30,40,0,0,0,0,-999
AL012016,ALEX,42,20160116,0000,,EX,45.1N,28.9W,55,984,420,420,240,120,300,120,0,40,0,0,0,0,-999
AL012016,ALEX,42,20160116,0600,,EX,48.9N,30.2W,55,982,420,420,240,120,300,120,0,40,0,0,0,0,-999
AL012016,ALEX,42,20160116,1200,,EX,53.0N,32.0W,55,980,420,420,240,220,300,120,0,120,0,0,0,0,-999
AL012016,ALEX,42,20160116,1800,,EX,56.0N,37.0W,55,979,420,240,240,420,300,0,0,240,0,0,0,0,-999
AL012016,ALEX,42,20160117,0000,,EX,57.0N,42.0W,70,978,480,0,0,600,300,0,0,360,0,0,0,300,-999
AL022016,BONNIE,56,20160527,0600,,LO,27.2N,72.1W,30,1010,0,0,0,0,0,0,0,0,0,0,0,0,-999
AL022016,BONNIE,56,20160527,1200,,LO,27.7N,73.1W,30,1009,0,0,0,0,0,0,0,0,0,0,0,0,-999
AL022016,BONNIE,56,20160527,1800,,TD,28.3N,74.4W,30,1009,0,0,0,0,0,0,0,0,0,0,0,0,-999
AL022016,BONNIE,56,20160528,0000,,TD,28.8N,75.5W,30,1009,0,0,0,0,0,0,0,0,0,0,0,0,-999
AL022016,BONNIE,56,20160528,0600,,TD,29.4N,76.7W,30,1009,0,0,0,0,0,0,0,0,0,0,0,0,-999
AL022016,BONNIE,56,20160528,1200,,TS,30.0N,78.0W,35,1008,0,0,0,50,0,0,0,0,0,0,0,0,-999
AL022016,BONNIE,56,20160528,1800,,TS,30.7N,79.1W,40,1008,0,0,0,50,0,0,0,0,0,0,0,0,-999
AL022016,BONNIE,56,20160529,0000,,TS,31.0N,79.4W,40,1007,0,0,20,50,0,0,0,0,0,0,0,0,-999
AL022016,BONNIE,56,20160529,0600,,TS,31.7N,79.4W,35,1007,0,0,0,30,0,0,0,0,0,0,0,0,-999
AL022016,BONNIE,56,20160529,1200,,TD,32.7N,79.7W,30,1007,0,0,0,0,0,0,0,0,0,0,0,0,-999
AL022016,BONNIE,56,20160529,1230,L,TD,32.8N,79.8W,30,1007,0,0,0,0,0,0,0,0,0,0,0,0,-999
AL022016,BONNIE,56,20160529,1800,,TD,33.0N,80.3W,30,1010,0,0,0,0,0,0,0,0,0,0,0,0,-999
AL022016,BONNIE,56,20160530,0000,,TD,32.7N,80.3W,25,1011,0,0,0,0,0,0,0,0,0,0,0,0,-999
AL022016,BONNIE,56,20160530,0600,,TD,33.1N,80.0W,25,1011,0,0,0,0,0,0,0,0,0,0,0,0,-999
AL022016,BONNIE,56,20160530,1200,,LO,33.3N,79.8W,25,1012,0,0,0,0,0,0,0,0,0,0,0,0,-999
AL022016,BONNIE,56,20160530,1800,,LO,33.4N,79.6W,25,1011,0,0,0,0,0,0,0,0,0,0,0,0,-999
AL022016,BONNIE,56,20160531,0000,,LO,33.2N,79.3W,25,1009,0,0,0,0,0,0,0,0,0,0,0,0,-999
AL022016,BONNIE,56,20160531,0600,,LO,33.1N,78.8W,25,1007,0,0,0,0,0,0,0,0,0,0,0,0,-999
AL022016,BONNIE,56,20160531,1200,,LO,33.2N,78.4W,25,1007,0,0,0,0,0,0,0,0,0,0,0,0,-999
AL022016,BONNIE,56,20160531,1800,,LO,33.3N,78.0W,25,1007,0,0,0,0,0,0,0,0,0,0,0,0,-999
AL022016,BONNIE,56,20160601,0000,,LO,33.4N,77.7W,20,1008,0,0,0,0,0,0,0,0,0,0,0,0,-999
AL022016,BONNIE,56,20160601,0600,,LO,33.4N,77.3W,20,1009,0,0,0,0,0,0,0,0,0,0,0,0,-999
AL022016,BONNIE,56,20160601,1200,,LO,33.4N,76.9W,20,1009,0,0,0,0,0,0,0,0,0,0,0,0,-999
AL022016,BONNIE,56,20160601,1800,,LO,33.5N,76.4W,20,1010,0,0,0,0,0,0,0,0,0,0,0,0,-999
AL022016,BONNIE,56,20160602,0000,,TD,34.1N,76.0W,20,1010,0,0,0,0,0,0,0,0,0,0,0,0,-999
AL022016,BONNIE,56,20160602,0600,,TD,34.7N,75.7W,25,1010,0,0,0,0,0,0,0,0,0,0,0,0,-999
AL022016,BONNIE,56,20160602,1200,,TD,35.1N,75.4W,25,1009,0,0,0,0,0,0,0,0,0,0,0,0,-999
AL022016,BONNIE,56,20160602,1800,,TD,35.4N,75.0W,30,1008,0,0,0,0,0,0,0,0,0,0,0,0,-999
AL022016,BONNIE,56,20160603,0000,,TD,35.6N,74.5W,30,1006,0,0,0,0,0,0,0,0,0,0,0,0,-999
AL022016,BONNIE,56,20160603,0600,,TD,35.7N,73.7W,30,1006,0,0,0,0,0,0,0,0,0,0,0,0,-999
AL022016,BONNIE,56,20160603,1200,,TS,35.9N,72.6W,35,1006,0,30,0,0,0,0,0,0,0,0,0,0,-999
AL022016,BONNIE,56,20160603,1800,,TS,35.9N,71.4W,35,1006,0,30,0,0,0,0,0,0,0,0,0,0,-999
AL022016,BONNIE,56,20160604,0000,,TS,35.9N,70.2W,35,1006,0,30,0,0,0,0,0,0,0,0,0,0,-999
AL022016,BONNIE,56,20160604,0600,,TS,35.9N,68.9W,35,1006,0,30,0,0,0,0,0,0,0,0,0,0,-999
AL022016,BONNIE,56,20160604,1200,,TD,35.6N,67.3W,30,1007,0,0,0,0,0,0,0,0,0,0,0,0,-999
AL022016,BONNIE,56,20160604,1800,,TD,35.1N,65.9W,30,1008,0,0,0,0,0,0,0,0,0,0,0,0,-999
AL022016,BONNIE,56,20160605,0000,,LO,34.8N,64.6W,25,1009,0,0,0,0,0,0,0,0,0,0,0,0,-999
AL022016,BONNIE,56,20160605,0600,,LO,34.3N,63.0W,25,1011,0,0,0,0,0,0,0,0,0,0,0,0,-999
AL022016,BONNIE,56,20160605,1200,,LO,33.8N,61.2W,25,1011,0,0,0,0,0,0,0,0,0,0,0,0,-999
AL022016,BONNIE,56,20160605,1800,,LO,33.4N,59.2W,25,1012,0,0,0,0,0,0,0,0,0,0,0,0,-999
AL022016,BONNIE,56,20160606,0000,,LO,33.0N,57.1W,25,1013,0,0,0,0,0,0,0,0,0,0,0,0,-999
AL022016,BONNIE,56,20160606,0600,,LO,32.4N,54.5W,25,1013,0,0,0,0,0,0,0,0,0,0,0,0,-999
AL022016,BONNIE,56,20160606,1200,,LO,31.6N,51.5W,25,1014,0,0,0,0,0,0,0,0,0,0,0,0,-999
AL022016,BONNIE,56,20160606,1800,,LO,31.0N,48.7W,25,1014,0,0,0,0,0,0,0,0,0,0,0,0,-999
AL022016,BONNIE,56,20160607,0000,,LO,30.3N,46.2W,25,1015,0,0,0,0,0,0,0,0,0,0,0,0,-999
AL022016,BONNIE,56,20160607,0600,,LO,29.6N,42.9W,25,1015,0,0,0,0,0,0,0,0,0,0,0,0,-999
AL022016,BONNIE,56,20160607,1200,,LO,29.2N,40.3W,30,1015,0,0,0,0,0,0,0,0,0,0,0,0,-999
AL022016,BONNIE,56,20160607,1800,,EX,28.9N,38.0W,30,1015,0,0,0,0,0,0,0,0,0,0,0,0,-999
AL022016,BONNIE,56,20160608,0000,,EX,28.8N,36.2W,30,1015,0,0,0,0,0,0,0,0,0,0,0,0,-999
AL022016,BONNIE,56,20160608,0600,,EX,28.9N,34.7W,25,1015,0,0,0,0,0,0,0,0,0,0,0,0,-999
AL022016,BONNIE,56,20160608,1200,,EX,29.1N,33.5W,25,1016,0,0,0,0,0,0,0,0,0,0,0,0,-999
AL022016,BONNIE,56,20160608,1800,,EX,29.5N,32.5W,25,1016,0,0,0,0,0,0,0,0,0,0,0,0,-999
AL022016,BONNIE,56,20160609,0000,,EX,29.9N,31.7W,25,1019,0,0,0,0,0,0,0,0,0,0,0,0,-999
AL022016,BONNIE,56,20160609,0600,,EX,30.2N,30.9W,25,1018,0,0,0,0,0,0,0,0,0,0,0,0,-999
AL022016,BONNIE,56,20160609,1200,,EX,30.4N,30.2W,25,1018,0,0,0,0,0,0,0,0,0,0,0,0,-999
AL022016,BONNIE,56,20160609,1800,,EX,30.6N,29.5W,25,1020,0,0,0,0,0,0,0,0,0,0,0,0,-999
AL032016,COLIN,15,20160605,1200,,TD,21.6N,88.0W,30,1005,0,0,0,0,0,0,0,0,0,0,0,0,-999
AL032016,COLIN,15,20160605,1800,,TS,22.4N,87.9W,35,1005,160,0,0,0,0,0,0,0,0,0,0,0,-999
AL032016,COLIN,15,20160606,0000,,TS,23.2N,87.8W,35,1003,160,160,0,0,0,0,0,0,0,0,0,0,-999
AL032016,COLIN,15,20160606,0600,,TS,24.6N,87.6W,40,1004,160,160,0,0,0,0,0,0,0,0,0,0,-999
AL032016,COLIN,15,20160606,1200,,TS,26.4N,87.3W,45,1004,100,200,0,0,0,0,0,0,0,0,0,0,-999
AL032016,COLIN,15,20160606,1800,,TS,28.1N,86.1W,45,1003,100,200,0,0,0,0,0,0,0,0,0,0,-999
AL032016,COLIN,15,20160607,0000,,TS,29.4N,84.3W,45,1001,100,200,0,0,0,0,0,0,0,0,0,0,-999
AL032016,COLIN,15,20160607,0200,L,TS,29.8N,83.6W,45,1001,100,200,0,0,0,0,0,0,0,0,0,0,-999
AL032016,COLIN,15,20160607,0600,,TS,30.7N,82.1W,45,1003,100,200,0,0,0,0,0,0,0,0,0,0,-999
AL032016,COLIN,15,20160607,1200,,EX,33.2N,78.5W,45,1000,60,200,0,0,0,0,0,0,0,0,0,0,-999
AL032016,COLIN,15,20160607,1800,,EX,35.5N,74.4W,50,996,60,210,0,0,0,100,0,0,0,0,0,0,-999
AL032016,COLIN,15,20160608,0000,,EX,38.0N,70.0W,50,994,60,240,120,0,0,100,0,0,0,0,0,0,-999
AL032016,COLIN,15,20160608,0600,,EX,40.0N,65.0W,50,992,60,300,200,0,0,100,0,0,0,0,0,0,-999
AL032016,COLIN,15,20160608,1200,,EX,41.0N,61.0W,50,988,60,300,300,0,0,100,0,0,0,0,0,0,-999
AL032016,COLIN,15,20160608,1800,,EX,43.0N,58.0W,45,987,60,300,300,0,0,0,0,0,0,0,0,0,-999
AL042016,DANIELLE,12,20160618,1800,,LO,19.4N,91.6W,25,1010,0,0,0,0,0,0,0,0,0,0,0,0,-999
AL042016,DANIELLE,12,20160619,0000,,LO,19.7N,92.3W,25,1009,0,0,0,0,0,0,0,0,0,0,0,0,-999
AL042016,DANIELLE,12,20160619,0600,,LO,19.9N,93.2W,25,1009,0,0,0,0,0,0,0,0,0,0,0,0,-999
AL042016,DANIELLE,12,20160619,1200,,TD,19.9N,94.1W,30,1008,0,0,0,0,0,0,0,0,0,0,0,0,-999
AL042016,DANIELLE,12,20160619,1800,,TD,19.8N,94.6W,30,1009,0,0,0,0,0,0,0,0,0,0,0,0,-999
AL042016,DANIELLE,12,20160620,0000,,TD,19.8N,95.1W,30,1008,0,0,0,0,0,0,0,0,0,0,0,0,-999
AL042016,DANIELLE,12,20160620,0600,,TS,20.0N,95.5W,35,1008,50,50,0,0,0,0,0,0,0,0,0,0,-999
AL042016,DANIELLE,12,20160620,1200,,TS,20.7N,96.1W,40,1007,50,50,40,70,0,0,0,0,0,0,0,0,-999
AL042016,DANIELLE,12,20160620,1800,,TS,21.3N,96.8W,35,1008,50,50,30,70,0,0,0,0,0,0,0,0,-999
AL042016,DANIELLE,12,20160620,2200,L,TS,21.2N,97.4W,35,1009,50,50,0,0,0,0,0,0,0,0,0,0,-999
AL042016,DANIELLE,12,20160621,0000,,TD,21.1N,97.8W,30,1010,0,0,0,0,0,0,0,0,0,0,0,0,-999
AL042016,DANIELLE,12,20160621,0600,,LO,20.8N,98.7W,20,1013,0,0,0,0,0,0,0,0,0,0,0,0,-999
AL052016,EARL,20,20160802,0600,,TS,16.3N,77.5W,40,1004,70,60,0,70,0,0,0,0,0,0,0,0,-999
AL052016,EARL,20,20160802,1200,,TS,16.3N,79.2W,40,1003,70,60,0,70,0,0,0,0,0,0,0,0,-999
AL052016,EARL,20,20160802,1800,,TS,16.3N,80.8W,45,1001,80,40,0,60,0,0,0,0,0,0,0,0,-999
AL052016,EARL,20,20160803,0000,,TS,16.4N,82.2W,55,994,80,40,0,60,30,0,0,20,0,0,0,0,-999
AL052016,EARL,20,20160803,0600,,TS,16.0N,83.1W,55,993,80,50,0,70,30,0,0,20,0,0,0,0,-999
AL052016,EARL,20,20160803,1200,,TS,16.3N,84.3W,60,989,100,50,30,80,30,0,0,20,0,0,0,0,-999
AL052016,EARL,20,20160803,1800,,HU,16.9N,85.4W,65,988,120,80,30,80,50,50,0,30,10,0,0,10,-999
AL052016,EARL,20,20160804,0000,,HU,17.3N,86.9W,70,984,120,80,30,80,50,30,0,30,15,0,0,15,-999
AL052016,EARL,20,20160804,0400,L,HU,17.4N,87.8W,75,979,120,80,30,80,50,30,0,30,15,0,0,15,-999
AL052016,EARL,20,20160804,0600,L,HU,17.4N,88.3W,75,979,120,80,30,80,50,30,0,30,20,0,0,20,-999
AL052016,EARL,20,20160804,1200,,TS,17.4N,89.4W,60,989,50,50,30,50,25,0,0,0,0,0,0,0,-999
AL052016,EARL,20,20160804,1800,,TS,17.6N,90.3W,40,995,40,40,0,40,0,0,0,0,0,0,0,0,-999
AL052016,EARL,20,20160805,0000,,TS,18.0N,91.2W,35,1000,60,30,0,60,0,0,0,0,0,0,0,0,-999
AL052016,EARL,20,20160805,0600,,TS,18.3N,92.3W,35,1001,60,30,0,60,0,0,0,0,0,0,0,0,-999
AL052016,EARL,20,20160805,1200,,TS,18.5N,93.5W,40,1001,80,30,30,80,0,0,0,0,0,0,0,0,-999
AL052016,EARL,20,20160805,1800,,TS,18.7N,94.7W,50,999,100,70,70,110,30,0,0,0,0,0,0,0,-999
AL052016,EARL,20,20160806,0000,,TS,18.9N,95.6W,50,999,110,70,30,110,30,30,0,0,0,0,0,0,-999
AL052016,EARL,20,20160806,0230,L,TS,19.0N,96.0W,50,999,110,70,20,110,30,30,0,0,0,0,0,0,-999
AL052016,EARL,20,20160806,0600,,TS,19.0N,96.5W,45,1004,110,0,0,60,0,0,0,0,0,0,0,0,-999
AL052016,EARL,20,20160806,1200,,TD,19.0N,97.5W,25,1008,0,0,0,0,0,0,0,0,0,0,0,0,-999
AL062016,FIONA,31,20160816,1800,,TD,12.0N,32.2W,25,1009,0,0,0,0,0,0,0,0,0,0,0,0,-999
AL062016,FIONA,31,20160817,0000,,TD,12.4N,33.6W,30,1008,0,0,0,0,0,0,0,0,0,0,0,0,-999
AL062016,FIONA,31,20160817,0600,,TD,12.9N,34.8W,30,1008,0,0,0,0,0,0,0,0,0,0,0,0,-999
AL062016,FIONA,31,20160817,1200,,TS,13.7N,36.0W,35,1007,20,0,0,20,0,0,0,0,0,0,0,0,-999
AL062016,FIONA,31,20160817,1800,,TS,14.5N,37.3W,35,1007,20,0,0,20,0,0,0,0,0,0,0,0,-999
AL062016,FIONA,31,20160818,0000,,TS,15.2N,38.5W,35,1007,30,0,0,30,0,0,0,0,0,0,0,0,-999
AL062016,FIONA,31,20160818,0600,,TS,15.7N,39.4W,40,1006,30,0,0,30,0,0,0,0,0,0,0,0,-999
AL062016,FIONA,31,20160818,1200,,TS,16.1N,40.1W,40,1006,30,0,0,30,0,0,0,0,0,0,0,0,-999
AL062016,FIONA,31,20160818,1800,,TS,16.5N,40.8W,40,1005,30,0,0,30,0,0,0,0,0,0,0,0,-999
AL062016,FIONA,31,20160819,0000,,TS,16.9N,41.5W,45,1004,30,0,0,30,0,0,0,0,0,0,0,0,-999
AL062016,FIONA,31,20160819,0600,,TS,17.3N,42.3W,45,1004,40,0,0,30,0,0,0,0,0,0,0,0,-999
AL062016,FIONA,31,20160819,1200,,TS,17.7N,43.1W,40,1005,40,0,0,40,0,0,0,0,0,0,0,0,-999
AL062016,FIONA,31,20160819,1800,,TS,18.0N,43.9W,40,1006,40,0,0,40,0,0,0,0,0,0,0,0,-999
AL062016,FIONA,31,20160820,0000,,TS,18.5N,44.9W,40,1005,60,0,0,40,0,0,0,0,0,0,0,0,-999
AL062016,FIONA,31,20160820,0600,,TS,19.2N,46.1W,40,1005,60,0,0,40,0,0,0,0,0,0,0,0,-999
AL062016,FIONA,31,20160820,1200,,TS,20.0N,47.2W,45,1004,60,0,0,60,0,0,0,0,0,0,0,0,-999
AL062016,FIONA,31,20160820,1800,,TS,20.8N,48.4W,45,1004,80,0,0,60,0,0,0,0,0,0,0,0,-999
AL062016,FIONA,31,20160821,0000,,TS,21.5N,49.6W,45,1004,80,0,0,60,0,0,0,0,0,0,0,0,-999
AL062016,FIONA,31,20160821,0600,,TS,22.1N,51.1W,40,1005,70,0,0,0,0,0,0,0,0,0,0,0,-999
AL062016,FIONA,31,20160821,1200,,TS,22.6N,52.6W,35,1006,70,0,0,0,0,0,0,0,0,0,0,0,-999
AL062016,FIONA,31,20160821,1800,,TS,23.1N,54.2W,35,1006,60,0,0,0,0,0,0,0,0,0,0,0,-999
AL062016,FIONA,31,20160822,0000,,TS,23.7N,55.9W,35,1007,60,0,0,0,0,0,0,0,0,0,0,0,-999
AL062016,FIONA,31,20160822,0600,,TD,24.2N,57.6W,30,1008,0,0,0,0,0,0,0,0,0,0,0,0,-999
AL062016,FIONA,31,20160822,1200,,TD,24.5N,59.1W,30,1008,0,0,0,0,0,0,0,0,0,0,0,0,-999
AL062016,FIONA,31,20160822,1800,,TD,25.0N,60.5W,30,1009,0,0,0,0,0,0,0,0,0,0,0,0,-999
AL062016,FIONA,31,20160823,0000,,TD,25.3N,61.7W,30,1010,0,0,0,0,0,0,0,0,0,0,0,0,-999
AL062016,FIONA,31,20160823,0600,,TD,25.6N,62.9W,25,1012,0,0,0,0,0,0,0,0,0,0,0,0,-999
AL062016,FIONA,31,20160823,1200,,LO,25.9N,64.0W,20,1014,0,0,0,0,0,0,0,0,0,0,0,0,-999
AL062016,FIONA,31,20160823,1800,,LO,26.3N,64.9W,20,1015,0,0,0,0,0,0,0,0,0,0,0,0,-999
AL062016,FIONA,31,20160824,0000,,LO,26.7N,65.8W,20,1016,0,0,0,0,0,0,0,0,0,0,0,0,-999
AL062016,FIONA,31,20160824,0600,,LO,27.1N,66.7W,20,1016,0,0,0,0,0,0,0,0,0,0,0,0,-999
AL072016,GASTON,53,20160821,1200,,LO,11.0N,19.4W,20,1009,0,0,0,0,0,0,0,0,0,0,0,0,-999
AL072016,GASTON,53,20160821,1800,,LO,11.0N,21.2W,20,1009,0,0,0,0,0,0,0,0,0,0,0,0,-999
AL072016,GASTON,53,20160822,0000,,LO,11.0N,23.0W,25,1009,0,0,0,0,0,0,0,0,0,0,0,0,-999
AL072016,GASTON,53,20160822,0600,,LO,11.2N,24.8W,25,1009,0,0,0,0,0,0,0,0,0,0,0,0,-999
AL072016,GASTON,53,20160822,1200,,TD,11.5N,26.5W,30,1008,0,0,0,0,0,0,0,0,0,0,0,0,-999
AL072016,GASTON,53,20160822,1800,,TS,12.0N,28.2W,35,1007,50,30,30,30,0,0,0,0,0,0,0,0,-999
AL072016,GASTON,53,20160823,0000,,TS,12.5N,29.9W,40,1006,50,30,30,30,0,0,0,0,0,0,0,0,-999
AL072016,GASTON,53,20160823,0600,,TS,13.0N,31.6W,45,1005,50,40,30,50,0,0,0,0,0,0,0,0,-999
AL072016,GASTON,53,20160823,1200,,TS,13.5N,33.4W,55,1003,60,40,30,60,30,0,0,0,0,0,0,0,-999
AL072016,GASTON,53,20160823,1800,,TS,13.9N,35.0W,55,1003,60,40,30,60,30,20,0,20,0,0,0,0,-999
AL072016,GASTON,53,20160824,0000,,TS,14.2N,36.5W,55,1000,60,40,30,60,30,20,0,20,0,0,0,0,-999
AL072016,GASTON,53,20160824,0600,,TS,14.8N,37.9W,60,997,60,40,30,60,30,20,0,20,0,0,0,0,-999
AL072016,GASTON,53,20160824,1200,,HU,15.8N,39.1W,65,992,90,90,40,60,40,40,0,30,20,10,0,0,-999
AL072016,GASTON,53,20160824,1800,,HU,16.9N,40.2W,65,988,100,100,40,80,60,50,20,50,20,20,0,20,-999
AL072016,GASTON,53,20160825,0000,,HU,18.0N,41.4W,65,988,100,100,40,100,60,50,20,60,20,20,0,20,-999
AL072016,GASTON,53,20160825,0600,,HU,18.9N,42.7W,65,988,100,100,40,100,60,50,20,60,20,20,0,20,-999
AL072016,GASTON,53,20160825,1200,,TS,19.8N,44.0W,60,992,100,90,40,100,60,40,20,60,0,0,0,0,-999
AL072016,GASTON,53,20160825,1800,,TS,21.0N,45.0W,55,996,100,80,30,100,60,30,0,60,0,0,0,0,-999
AL072016,GASTON,53,20160826,0000,,TS,22.3N,46.0W,55,996,100,80,30,100,60,30,0,40,0,0,0,0,-999
AL072016,GASTON,53,20160826,0600,,TS,23.6N,47.0W,55,996,110,80,30,100,50,30,0,40,0,0,0,0,-999
AL072016,GASTON,53,20160826,1200,,TS,24.8N,47.9W,55,996,120,80,30,100,50,30,0,30,0,0,0,0,-999
AL072016,GASTON,53,20160826,1800,,TS,25.8N,49.1W,55,996,120,80,30,100,40,30,0,30,0,0,0,0,-999
AL072016,GASTON,53,20160827,0000,,TS,26.7N,50.3W,55,996,100,80,30,80,40,30,0,30,0,0,0,0,-999
AL072016,GASTON,53,20160827,0600,,TS,27.5N,51.5W,55,996,100,80,30,80,40,30,0,30,0,0,0,0,-999
AL072016,GASTON,53,20160827,1200,,TS,28.1N,52.8W,60,992,100,80,40,70,40,30,20,30,0,0,0,0,-999
AL072016,GASTON,53,20160827,1800,,HU,28.7N,53.6W,65,989,120,90,50,70,50,30,20,30,20,0,0,0,-999
AL072016,GASTON,53,20160828,0000,,HU,29.3N,54.2W,75,980,120,120,50,70,50,40,20,40,20,20,10,20,-999
AL072016,GASTON,53,20160828,0600,,HU,29.9N,54.5W,80,976,120,120,50,80,60,40,20,40,20,20,10,20,-999
AL072016,GASTON,53,20160828,1200,,HU,30.3N,54.7W,90,969,120,120,60,80,60,40,30,40,20,20,10,20,-999
AL072016,GASTON,53,20160828,1800,,HU,30.5N,55.0W,100,962,120,120,80,80,60,40,40,40,20,20,20,20,-999
AL072016,GASTON,53,20160829,0000,,HU,30.6N,55.2W,105,955,120,120,80,80,60,40,40,40,30,20,20,20,-999
AL072016,GASTON,53,20160829,0600,,HU,30.7N,55.3W,100,960,120,120,80,80,60,40,40,40,30,20,20,20,-999
AL072016,GASTON,53,20160829,1200,,HU,30.8N,55.4W,95,964,120,120,80,80,60,60,40,40,30,30,20,20,-999
AL072016,GASTON,53,20160829,1800,,HU,31.1N,55.4W,90,967,120,120,80,80,60,60,40,40,30,30,20,20,-999
AL072016,GASTON,53,20160830,0000,,HU,31.4N,54.9W,85,970,120,120,80,80,60,60,40,40,30,30,20,25,-999
AL072016,GASTON,53,20160830,0600,,HU,31.7N,54.4W,85,970,120,120,80,80,60,60,40,40,35,35,25,25,-999
AL072016,GASTON,53,20160830,1200,,HU,32.0N,53.5W,85,968,120,130,100,90,60,70,60,50,35,35,25,25,-999
AL072016,GASTON,53,20160830,1800,,HU,32.4N,52.5W,95,963,120,140,100,90,60,70,60,50,40,35,30,30,-999
AL072016,GASTON,53,20160831,0000,,HU,32.7N,51.5W,105,955,130,140,110,90,70,80,60,50,40,40,30,30,-999
AL072016,GASTON,53,20160831,0600,,HU,33.1N,50.5W,105,955,130,140,120,90,70,80,60,50,40,40,40,30,-999
AL072016,GASTON,53,20160831,1200,,HU,33.7N,49.2W,100,960,130,150,120,90,70,80,60,50,40,40,40,30,-999
AL072016,GASTON,53,20160831,1800,,HU,34.5N,47.9W,95,965,130,150,120,90,70,90,60,50,40,50,40,30,-999
AL072016,GASTON,53,20160901,0000,,HU,35.5N,46.3W,90,969,130,160,130,90,70,90,80,50,50,60,40,30,-999
AL072016,GASTON,53,20160901,0600,,HU,36.3N,44.3W,85,973,130,160,140,90,70,100,80,50,50,70,40,30,-999
AL072016,GASTON,53,20160901,1200,,HU,37.1N,42.0W,80,976,130,160,140,90,70,100,80,50,40,70,40,30,-999
AL072016,GASTON,53,20160901,1800,,HU,37.8N,39.5W,75,981,130,160,140,90,70,100,80,40,40,70,40,20,-999
AL072016,GASTON,53,20160902,0000,,HU,38.2N,37.0W,70,985,120,140,130,90,60,90,60,40,40,60,40,0,-999
AL072016,GASTON,53,20160902,0600,,HU,38.5N,35.0W,65,988,120,130,110,70,60,90,60,40,30,60,40,0,-999
AL072016,GASTON,53,20160902,1200,,TS,38.9N,33.0W,60,992,120,130,100,60,60,90,0,0,0,0,0,0,-999
AL072016,GASTON,53,20160902,1800,,LO,39.3N,31.2W,45,1003,100,130,100,0,0,0,0,0,0,0,0,0,-999
AL072016,GASTON,53,20160903,0000,,LO,39.7N,29.5W,35,1006,0,90,0,0,0,0,0,0,0,0,0,0,-999
AL072016,GASTON,53,20160903,0600,,LO,40.2N,27.8W,30,1007,0,0,0,0,0,0,0,0,0,0,0,0,-999
AL072016,GASTON,53,20160903,1200,,LO,40.9N,26.1W,25,1008,0,0,0,0,0,0,0,0,0,0,0,0,-999
AL082016,EIGHT,21,20160827,0000,,LO,30.7N,65.0W,20,1012,0,0,0,0,0,0,0,0,0,0,0,0,-999
AL082016,EIGHT,21,20160827,0600,,LO,30.8N,65.6W,25,1011,0,0,0,0,0,0,0,0,0,0,0,0,-999
AL082016,EIGHT,21,20160827,1200,,LO,30.9N,66.2W,25,1011,0,0,0,0,0,0,0,0,0,0,0,0,-999
AL082016,EIGHT,21,20160827,1800,,LO,31.0N,66.9W,25,1011,0,0,0,0,0,0,0,0,0,0,0,0,-999
AL082016,EIGHT,21,20160828,0000,,LO,31.1N,67.8W,25,1011,0,0,0,0,0,0,0,0,0,0,0,0,-999
AL082016,EIGHT,21,20160828,0600,,LO,31.3N,68.7W,25,1011,0,0,0,0,0,0,0,0,0,0,0,0,-999
AL082016,EIGHT,21,20160828,1200,,TD,31.5N,69.6W,30,1010,0,0,0,0,0,0,0,0,0,0,0,0,-999
AL082016,EIGHT,21,20160828,1800,,TD,31.7N,70.6W,30,1010,0,0,0,0,0,0,0,0,0,0,0,0,-999
AL082016,EIGHT,21,20160829,0000,,TD,32.0N,71.7W,30,1010,0,0,0,0,0,0,0,0,0,0,0,0,-999
AL082016,EIGHT,21,20160829,0600,,TD,32.4N,72.6W,30,1010,0,0,0,0,0,0,0,0,0,0,0,0,-999
AL082016,EIGHT,21,20160829,1200,,TD,32.9N,73.2W,30,1011,0,0,0,0,0,0,0,0,0,0,0,0,-999
AL082016,EIGHT,21,20160829,1800,,TD,33.4N,73.8W,30,1012,0,0,0,0,0,0,0,0,0,0,0,0,-999
AL082016,EIGHT,21,20160830,0000,,TD,33.7N,74.5W,30,1012,0,0,0,0,0,0,0,0,0,0,0,0,-999
AL082016,EIGHT,21,20160830,0600,,TD,33.9N,75.0W,30,1011,0,0,0,0,0,0,0,0,0,0,0,0,-999
AL082016,EIGHT,21,20160830,1200,,TD,34.2N,75.0W,30,1011,0,0,0,0,0,0,0,0,0,0,0,0,-999
AL082016,EIGHT,21,20160830,1800,,TD,34.4N,74.9W,30,1011,0,0,0,0,0,0,0,0,0,0,0,0,-999
AL082016,EIGHT,21,20160831,0000,,TD,34.6N,74.7W,30,1011,0,0,0,0,0,0,0,0,0,0,0,0,-999
AL082016,EIGHT,21,20160831,0600,,TD,34.8N,74.5W,30,1011,0,0,0,0,0,0,0,0,0,0,0,0,-999
AL082016,EIGHT,21,20160831,1200,,TD,35.2N,73.8W,30,1010,0,0,0,0,0,0,0,0,0,0,0,0,-999
AL082016,EIGHT,21,20160831,1800,,TD,35.9N,72.7W,30,1010,0,0,0,0,0,0,0,0,0,0,0,0,-999
AL082016,EIGHT,21,20160901,0000,,TD,36.8N,71.2W,30,1010,0,0,0,0,0,0,0,0,0,0,0,0,-999
AL092016,HERMINE,47,20160828,1800,,TD,23.8N,81.4W,30,1009,0,0,0,0,0,0,0,0,0,0,0,0,-999
AL092016,HERMINE,47,20160829,0000,,TD,23.4N,82.4W,30,1007,0,0,0,0,0,0,0,0,0,0,0,0,-999
AL092016,HERMINE,47,20160829,0600,,TD,23.4N,83.3W,30,1007,0,0,0,0,0,0,0,0,0,0,0,0,-999
AL092016,HERMINE,47,20160829,1200,,TD,23.5N,84.0W,30,1007,0,0,0,0,0,0,0,0,0,0,0,0,-999
AL092016,HERMINE,47,20160829,1800,,TD,23.7N,84.6W,30,1005,0,0,0,0,0,0,0,0,0,0,0,0,-999
AL092016,HERMINE,47,20160830,0000,,TD,23.8N,85.4W,30,1003,0,0,0,0,0,0,0,0,0,0,0,0,-999
AL092016,HERMINE,47,20160830,0600,,TD,23.8N,86.2W,30,1003,0,0,0,0,0,0,0,0,0,0,0,0,-999
AL092016,HERMINE,47,20160830,1200,,TD,23.9N,86.8W,30,1003,0,0,0,0,0,0,0,0,0,0,0,0,-999
AL092016,HERMINE,47,20160830,1800,,TD,24.0N,87.3W,30,1003,0,0,0,0,0,0,0,0,0,0,0,0,-999
AL092016,HERMINE,47,20160831,0000,,TD,24.1N,87.8W,30,1003,0,0,0,0,0,0,0,0,0,0,0,0,-999
AL092016,HERMINE,47,20160831,0600,,TS,24.4N,88.0W,35,1003,40,60,0,0,0,0,0,0,0,0,0,0,-999
AL092016,HERMINE,47,20160831,1200,,TS,24.8N,87.9W,40,1003,70,90,0,0,0,0,0,0,0,0,0,0,-999
AL092016,HERMINE,47,20160831,1800,,TS,25.1N,87.7W,45,1002,100,110,60,0,0,0,0,0,0,0,0,0,-999
AL092016,HERMINE,47,20160901,0000,,TS,25.5N,87.2W,50,999,120,120,90,0,20,20,0,0,0,0,0,0,-999
AL092016,HERMINE,47,20160901,0600,,TS,26.0N,86.8W,55,995,130,130,90,0,80,70,0,0,0,0,0,0,-999
AL092016,HERMINE,47,20160901,1200,,TS,26.9N,86.2W,60,991,130,140,80,60,100,100,30,30,0,0,0,0,-999
AL092016,HERMINE,47,20160901,1800,,HU,27.9N,85.5W,65,988,130,150,60,60,90,110,30,40,40,40,0,0,-999
AL092016,HERMINE,47,20160902,0000,,HU,29.0N,84.8W,70,983,130,150,60,60,70,110,40,30,40,40,30,0,-999
AL092016,HERMINE,47,20160902,0530,L,HU,30.1N,84.1W,70,981,130,150,60,60,70,110,40,30,30,40,30,0,20
AL092016,HERMINE,47,20160902,0600,,HU,30.3N,84.0W,65,982,130,150,60,40,40,110,30,20,20,30,0,0,-999
AL092016,HERMINE,47,20160902,0800,R,TS,30.6N,83.8W,60,984,130,150,60,40,40,110,30,20,0,0,0,0,-999
AL092016,HERMINE,47,20160902,1200,,TS,31.4N,82.8W,50,989,130,160,30,30,20,100,0,0,0,0,0,0,-999
AL092016,HERMINE,47,20160902,1800,,TS,32.4N,81.2W,50,990,130,160,20,20,0,100,0,0,0,0,0,0,-999
AL092016,HERMINE,47,20160903,0000,,TS,33.6N,79.2W,50,991,140,160,0,0,0,90,0,0,0,0,0,0,-999
AL092016,HERMINE,47,20160903,0600,,TS,34.9N,77.2W,55,993,140,160,0,0,20,80,0,0,0,0,0,0,-999
AL092016,HERMINE,47,20160903,1200,,EX,35.8N,75.5W,60,995,150,160,70,70,40,60,0,40,0,0,0,0,-999
AL092016,HERMINE,47,20160903,1800,,EX,36.0N,74.1W,60,997,170,170,90,100,60,50,60,60,0,0,0,0,-999
AL092016,HERMINE,47,20160904,0000,,EX,36.3N,72.6W,60,998,180,170,110,130,90,30,60,80,0,0,0,0,-999
AL092016,HERMINE,47,20160904,0600,,EX,36.7N,71.3W,60,998,190,170,130,160,110,20,0,90,0,0,0,0,-999
AL092016,HERMINE,47,20160904,1200,,EX,36.9N,70.1W,60,998,190,170,150,180,130,0,0,100,0,0,0,0,-999
AL092016,HERMINE,47,20160904,1800,,EX,37.0N,69.0W,60,998,200,170,160,200,150,0,0,110,0,0,0,0,-999
AL092016,HERMINE,47,20160905,0000,,EX,37.2N,68.4W,60,997,200,160,170,200,150,0,0,120,0,0,0,0,-999
AL092016,HERMINE,47,20160905,0600,,EX,37.8N,68.2W,60,996,200,160,170,200,150,0,0,130,0,0,0,0,-999
AL092016,HERMINE,47,20160905,1200,,EX,38.6N,68.5W,55,995,190,150,160,190,140,0,0,140,0,0,0,0,-999
AL092016,HERMINE,47,20160905,1800,,EX,39.2N,69.3W,55,995,180,150,150,170,120,0,0,140,0,0,0,0,-999
AL092016,HERMINE,47,20160906,0000,,EX,39.5N,70.3W,55,995,160,140,140,150,100,0,0,120,0,0,0,0,-999
AL092016,HERMINE,47,20160906,0600,,EX,39.6N,71.2W,50,996,130,130,130,130,80,0,0,80,0,0,0,0,-999
AL092016,HERMINE,47,20160906,1200,,EX,39.5N,71.8W,45,997,110,120,120,100,0,0,0,0,0,0,0,0,-999
AL092016,HERMINE,47,20160906,1800,,EX,39.5N,72.3W,40,998,80,110,100,90,0,0,0,0,0,0,0,0,-999
AL092016,HERMINE,47,20160907,0000,,EX,39.2N,72.5W,35,1000,60,90,90,70,0,0,0,0,0,0,0,0,-999
AL092016,HERMINE,47,20160907,0600,,EX,39.0N,72.4W,35,1002,50,70,80,50,0,0,0,0,0,0,0,0,-999
AL092016,HERMINE,47,20160907,1200,,EX,39.3N,72.3W,30,1004,0,0,0,0,0,0,0,0,0,0,0,0,-999
AL092016,HERMINE,47,20160907,1800,,EX,39.5N,72.1W,30,1007,0,0,0,0,0,0,0,0,0,0,0,0,-999
AL092016,HERMINE,47,20160908,0000,,EX,39.6N,71.8W,25,1008,0,0,0,0,0,0,0,0,0,0,0,0,-999
AL092016,HERMINE,47,20160908,0600,,EX,39.9N,71.3W,25,1009,0,0,0,0,0,0,0,0,0,0,0,0,-999
AL092016,HERMINE,47,20160908,1200,,EX,40.6N,70.7W,25,1010,0,0,0,0,0,0,0,0,0,0,0,0,-999
AL092016,HERMINE,47,20160908,1800,,EX,41.7N,70.0W,20,1010,0,0,0,0,0,0,0,0,0,0,0,0,-999
AL102016,IAN,21,20160912,0000,,LO,20.0N,48.5W,35,1007,120,0,0,120,0,0,0,0,0,0,0,0,-999
AL102016,IAN,21,20160912,0600,,TS,20.5N,49.3W,35,1007,120,0,0,120,0,0,0,0,0,0,0,0,-999
AL102016,IAN,21,20160912,1200,,TS,21.2N,50.2W,35,1006,120,0,0,120,0,0,0,0,0,0,0,0,-999
AL102016,IAN,21,20160912,1800,,TS,22.2N,50.6W,35,1003,150,140,0,120,0,0,0,0,0,0,0,0,-999
AL102016,IAN,21,20160913,0000,,TS,23.0N,51.2W,35,1000,200,140,0,120,0,0,0,0,0,0,0,0,-999
AL102016,IAN,21,20160913,0600,,TS,23.9N,51.7W,40,1000,200,140,0,120,0,0,0,0,0,0,0,0,-999
AL102016,IAN,21,20160913,1200,,TS,24.8N,52.1W,45,999,200,140,0,120,0,0,0,0,0,0,0,0,-999
AL102016,IAN,21,20160913,1800,,TS,26.0N,52.4W,45,998,200,140,0,120,0,0,0,0,0,0,0,0,-999
AL102016,IAN,21,20160914,0000,,TS,27.3N,52.6W,45,998,200,140,0,120,0,0,0,0,0,0,0,0,-999
AL102016,IAN,21,20160914,0600,,TS,28.9N,53.0W,45,998,200,120,0,120,0,0,0,0,0,0,0,0,-999
AL102016,IAN,21,20160914,1200,,TS,30.5N,53.5W,45,998,200,120,0,120,0,0,0,0,0,0,0,0,-999
AL102016,IAN,21,20160914,1800,,SS,32.1N,53.8W,45,998,200,120,0,120,0,0,0,0,0,0,0,0,-999
AL102016,IAN,21,20160915,0000,,SS,33.5N,53.5W,45,998,150,120,0,120,0,0,0,0,0,0,0,0,-999
AL102016,IAN,21,20160915,0600,,SS,34.9N,53.0W,45,998,150,120,0,120,0,0,0,0,0,0,0,0,-999
AL102016,IAN,21,20160915,1200,,TS,36.3N,51.5W,45,998,150,120,0,120,0,0,0,0,0,0,0,0,-999
AL102016,IAN,21,20160915,1800,,TS,38.3N,49.2W,45,998,150,150,0,0,0,0,0,0,0,0,0,0,-999
AL102016,IAN,21,20160916,0000,,TS,41.2N,46.8W,45,998,150,150,0,0,0,0,0,0,0,0,0,0,-999
AL102016,IAN,21,20160916,0600,,TS,44.0N,42.8W,50,994,150,180,0,0,0,60,0,0,0,0,0,0,-999
AL102016,IAN,21,20160916,1200,,EX,46.8N,38.6W,55,990,180,210,0,0,0,80,0,0,0,0,0,0,-999
AL102016,IAN,21,20160916,1800,,EX,50.4N,34.4W,55,985,180,210,0,0,0,80,0,0,0,0,0,0,-999
AL102016,IAN,21,20160917,0000,,EX,55.1N,30.3W,55,984,180,210,0,0,0,80,0,0,0,0,0,0,-999
AL112016,JULIA,33,20160913,0600,L,TD,27.3N,80.2W,30,1010,0,0,0,0,0,0,0,0,0,0,0,0,-999
AL112016,JULIA,33,20160913,1200,,TS,28.0N,80.7W,35,1010,40,40,0,0,0,0,0,0,0,0,0,0,-999
AL112016,JULIA,33,20160913,1800,,TS,29.0N,81.2W,45,1010,50,50,0,0,0,0,0,0,0,0,0,0,-999
AL112016,JULIA,33,20160914,0000,,TS,29.8N,81.5W,45,1010,50,50,0,0,0,0,0,0,0,0,0,0,-999
AL112016,JULIA,33,20160914,0600,,TS,30.5N,81.7W,40,1011,70,0,0,0,0,0,0,0,0,0,0,0,-999
AL112016,JULIA,33,20160914,1200,,TS,31.3N,81.5W,40,1011,100,0,0,0,0,0,0,0,0,0,0,0,-999
AL112016,JULIA,33,20160914,1800,,TS,31.8N,80.7W,40,1009,100,0,0,60,0,0,0,0,0,0,0,0,-999
AL112016,JULIA,33,20160915,0000,,TS,31.9N,80.1W,40,1007,100,0,0,60,0,0,0,0,0,0,0,0,-999
AL112016,JULIA,33,20160915,0600,,TS,31.9N,79.5W,40,1007,70,0,0,0,0,0,0,0,0,0,0,0,-999
AL112016,JULIA,33,20160915,1200,,TS,31.9N,78.7W,40,1007,70,0,0,0,0,0,0,0,0,0,0,0,-999
AL112016,JULIA,33,20160915,1800,,TS,31.9N,77.9W,40,1007,70,0,0,0,0,0,0,0,0,0,0,0,-999
AL112016,JULIA,33,20160916,0000,,TS,31.5N,77.2W,40,1007,70,0,0,0,0,0,0,0,0,0,0,0,-999
AL112016,JULIA,33,20160916,0600,,TS,31.2N,76.6W,40,1008,60,0,0,0,0,0,0,0,0,0,0,0,-999
AL112016,JULIA,33,20160916,1200,,TS,31.1N,75.9W,40,1008,60,0,0,30,0,0,0,0,0,0,0,0,-999
AL112016,JULIA,33,20160916,1800,,TS,30.9N,75.7W,40,1008,30,0,0,30,0,0,0,0,0,0,0,0,-999
AL112016,JULIA,33,20160917,0000,,TD,30.4N,76.0W,30,1009,0,0,0,0,0,0,0,0,0,0,0,0,-999
AL112016,JULIA,33,20160917,0600,,TD,30.3N,76.1W,30,1009,0,0,0,0,0,0,0,0,0,0,0,0,-999
AL112016,JULIA,33,20160917,1200,,TD,30.2N,76.2W,30,1010,0,0,0,0,0,0,0,0,0,0,0,0,-999
AL112016,JULIA,33,20160917,1800,,TD,30.4N,76.3W,30,1010,0,0,0,0,0,0,0,0,0,0,0,0,-999
AL112016,JULIA,33,20160918,0000,,TD,30.7N,76.4W,30,1010,0,0,0,0,0,0,0,0,0,0,0,0,-999
AL112016,JULIA,33,20160918,0600,,TD,31.1N,76.6W,25,1010,0,0,0,0,0,0,0,0,0,0,0,0,-999
AL112016,JULIA,33,20160918,1200,,TD,31.7N,77.0W,25,1010,0,0,0,0,0,0,0,0,0,0,0,0,-999
AL112016,JULIA,33,20160918,1800,,TD,32.0N,77.8W,25,1010,0,0,0,0,0,0,0,0,0,0,0,0,-999
AL112016,JULIA,33,20160919,0000,,LO,32.2N,78.3W,30,1010,0,0,0,0,0,0,0,0,0,0,0,0,-999
AL112016,JULIA,33,20160919,0600,,LO,32.4N,78.2W,30,1011,0,0,0,0,0,0,0,0,0,0,0,0,-999
AL112016,JULIA,33,20160919,1200,,LO,32.8N,77.7W,30,1011,0,0,0,0,0,0,0,0,0,0,0,0,-999
AL112016,JULIA,33,20160919,1800,,LO,33.2N,77.0W,30,1011,0,0,0,0,0,0,0,0,0,0,0,0,-999
AL112016,JULIA,33,20160920,0000,,EX,33.6N,76.5W,30,1011,0,0,0,0,0,0,0,0,0,0,0,0,-999
AL112016,JULIA,33,20160920,0600,,EX,34.3N,76.1W,30,1011,0,0,0,0,0,0,0,0,0,0,0,0,-999
AL112016,JULIA,33,20160920,1200,,EX,35.0N,76.0W,25,1011,0,0,0,0,0,0,0,0,0,0,0,0,-999
AL112016,JULIA,33,20160920,1800,,EX,35.5N,76.3W,25,1011,0,0,0,0,0,0,0,0,0,0,0,0,-999
AL112016,JULIA,33,20160921,0000,,EX,35.6N,76.9W,25,1011,0,0,0,0,0,0,0,0,0,0,0,0,-999
AL112016,JULIA,33,20160921,0600,,EX,35.4N,77.4W,20,1012,0,0,0,0,0,0,0,0,0,0,0,0,-999
AL122016,KARL,54,20160912,1800,,LO,13.1N,19.0W,20,1010,0,0,0,0,0,0,0,0,0,0,0,0,-999
AL122016,KARL,54,20160913,0000,,LO,13.3N,19.3W,20,1010,0,0,0,0,0,0,0,0,0,0,0,0,-999
AL122016,KARL,54,20160913,0600,,LO,13.6N,19.6W,20,1010,0,0,0,0,0,0,0,0,0,0,0,0,-999
AL122016,KARL,54,20160913,1200,,LO,14.1N,20.0W,25,1010,0,0,0,0,0,0,0,0,0,0,0,0,-999
AL122016,KARL,54,20160913,1800,,LO,14.8N,20.8W,25,1009,0,0,0,0,0,0,0,0,0,0,0,0,-999
AL122016,KARL,54,20160914,0000,,LO,15.5N,21.9W,25,1009,0,0,0,0,0,0,0,0,0,0,0,0,-999
AL122016,KARL,54,20160914,0600,,TD,16.2N,23.2W,25,1009,0,0,0,0,0,0,0,0,0,0,0,0,-999
AL122016,KARL,54,20160914,1200,,TD,16.8N,24.5W,30,1009,0,0,0,0,0,0,0,0,0,0,0,0,-999
AL122016,KARL,54,20160914,1800,,TD,17.2N,25.8W,30,1009,0,0,0,0,0,0,0,0,0,0,0,0,-999
AL122016,KARL,54,20160915,0000,,TD,17.4N,27.3W,30,1009,0,0,0,0,0,0,0,0,0,0,0,0,-999
AL122016,KARL,54,20160915,0600,,TS,17.5N,28.7W,35,1008,60,0,0,0,0,0,0,0,0,0,0,0,-999
AL122016,KARL,54,20160915,1200,,TS,17.6N,29.8W,35,1007,60,0,0,0,0,0,0,0,0,0,0,0,-999
AL122016,KARL,54,20160915,1800,,TS,17.7N,30.8W,35,1006,60,0,0,0,0,0,0,0,0,0,0,0,-999
AL122016,KARL,54,20160916,0000,,TS,17.8N,31.8W,40,1004,140,0,0,80,0,0,0,0,0,0,0,0,-999
AL122016,KARL,54,20160916,0600,,TS,18.0N,32.8W,40,1004,180,0,0,80,0,0,0,0,0,0,0,0,-999
AL122016,KARL,54,20160916,1200,,TS,18.3N,33.8W,40,1004,200,0,0,80,0,0,0,0,0,0,0,0,-999
AL122016,KARL,54,20160916,1800,,TS,18.5N,34.9W,40,1004,200,0,0,80,0,0,0,0,0,0,0,0,-999
AL122016,KARL,54,20160917,0000,,TS,18.4N,36.2W,40,1004,200,0,0,110,0,0,0,0,0,0,0,0,-999
AL122016,KARL,54,20160917,0600,,TS,18.3N,37.4W,40,1004,200,0,0,110,0,0,0,0,0,0,0,0,-999
AL122016,KARL,54,20160917,1200,,TS,18.2N,38.6W,40,1004,200,0,0,100,0,0,0,0,0,0,0,0,-999
AL122016,KARL,54,20160917,1800,,TS,18.1N,39.7W,40,1005,200,0,0,100,0,0,0,0,0,0,0,0,-999
AL122016,KARL,54,20160918,0000,,TS,17.9N,40.7W,35,1006,200,0,0,0,0,0,0,0,0,0,0,0,-999
AL122016,KARL,54,20160918,0600,,TS,17.9N,41.8W,35,1006,150,0,0,0,0,0,0,0,0,0,0,0,-999
AL122016,KARL,54,20160918,1200,,TS,18.0N,42.9W,35,1006,100,0,0,0,0,0,0,0,0,0,0,0,-999
AL122016,KARL,54,20160918,1800,,TS,18.1N,44.3W,35,1006,100,0,0,0,0,0,0,0,0,0,0,0,-999
AL122016,KARL,54,20160919,0000,,TS,18.1N,45.6W,35,1006,100,0,0,0,0,0,0,0,0,0,0,0,-999
AL122016,KARL,54,20160919,0600,,TS,18.2N,46.8W,35,1006,100,0,0,0,0,0,0,0,0,0,0,0,-999
AL122016,KARL,54,20160919,1200,,TS,18.4N,47.8W,35,1006,100,0,0,0,0,0,0,0,0,0,0,0,-999
AL122016,KARL,54,20160919,1800,,TS,19.0N,48.9W,35,1006,100,0,0,0,0,0,0,0,0,0,0,0,-999
AL122016,KARL,54,20160920,0000,,TS,19.7N,50.3W,35,1006,100,0,0,0,0,0,0,0,0,0,0,0,-999
AL122016,KARL,54,20160920,0600,,TS,20.0N,52.1W,35,1006,120,0,0,0,0,0,0,0,0,0,0,0,-999
AL122016,KARL,54,20160920,1200,,TS,20.0N,53.7W,35,1006,120,0,0,0,0,0,0,0,0,0,0,0,-999
AL122016,KARL,54,20160920,1800,,TS,20.0N,54.9W,35,1006,120,0,0,0,0,0,0,0,0,0,0,0,-999
AL122016,KARL,54,20160921,0000,,TS,20.0N,56.0W,35,1006,120,0,0,0,0,0,0,0,0,0,0,0,-999
AL122016,KARL,54,20160921,0600,,TD,20.2N,56.9W,30,1006,0,0,0,0,0,0,0,0,0,0,0,0,-999
AL122016,KARL,54,20160921,1200,,TD,20.8N,57.5W,30,1007,0,0,0,0,0,0,0,0,0,0,0,0,-999
AL122016,KARL,54,20160921,1800,,TD,21.5N,58.2W,30,1007,0,0,0,0,0,0,0,0,0,0,0,0,-999
AL122016,KARL,54,20160922,0000,,TD,22.5N,59.2W,30,1007,0,0,0,0,0,0,0,0,0,0,0,0,-999
AL122016,KARL,54,20160922,0600,,TD,23.5N,60.3W,30,1007,0,0,0,0,0,0,0,0,0,0,0,0,-999
AL122016,KARL,54,20160922,1200,,TD,24.4N,61.7W,30,1007,0,0,0,0,0,0,0,0,0,0,0,0,-999
AL122016,KARL,54,20160922,1800,,TS,25.3N,62.9W,35,1005,80,0,0,80,0,0,0,0,0,0,0,0,-999
AL122016,KARL,54,20160923,0000,,TS,26.4N,63.7W,40,1001,80,0,0,80,0,0,0,0,0,0,0,0,-999
AL122016,KARL,54,20160923,0600,,TS,27.3N,64.3W,50,997,80,0,0,80,0,0,0,30,0,0,0,0,-999
AL122016,KARL,54,20160923,1200,,TS,28.2N,64.9W,50,992,80,70,50,80,30,0,0,30,0,0,0,0,-999
AL122016,KARL,54,20160923,1800,,TS,29.2N,65.3W,55,988,80,80,70,90,30,30,30,40,0,0,0,0,-999
AL122016,KARL,54,20160924,0000,,TS,30.3N,65.3W,55,990,90,110,90,90,50,50,50,50,0,0,0,0,-999
AL122016,KARL,54,20160924,0600,,TS,31.5N,64.8W,55,990,90,110,90,90,50,50,50,50,0,0,0,0,-999
AL122016,KARL,54,20160924,1200,,TS,32.2N,63.3W,55,994,90,150,90,90,60,60,40,30,0,0,0,0,-999
AL122016,KARL,54,20160924,1800,,TS,32.9N,61.5W,55,994,100,150,90,70,60,60,30,0,0,0,0,0,-999
AL122016,KARL,54,20160925,0000,,TS,33.8N,59.3W,55,992,100,150,90,70,60,60,30,0,0,0,0,0,-999
AL122016,KARL,54,20160925,0600,,TS,35.8N,55.1W,60,990,140,160,90,60,70,80,30,0,0,0,0,0,-999
AL122016,KARL,54,20160925,1200,,EX,38.1N,50.4W,60,986,140,160,90,60,70,80,30,0,0,0,0,0,-999
AL122016,KARL,54,20160925,1800,,EX,41.0N,45.0W,60,980,140,160,90,60,70,80,30,0,0,0,0,0,-999
AL122016,KARL,54,20160926,0000,,EX,45.0N,39.9W,55,986,140,160,90,60,70,80,30,0,0,0,0,0,-999
AL132016,LISA,30,20160919,0600,,LO,13.2N,26.7W,25,1008,0,0,0,0,0,0,0,0,0,0,0,0,-999
AL132016,LISA,30,20160919,1200,,TD,13.4N,27.3W,30,1007,0,0,0,0,0,0,0,0,0,0,0,0,-999
AL132016,LISA,30,20160919,1800,,TD,13.6N,27.8W,30,1007,0,0,0,0,0,0,0,0,0,0,0,0,-999
AL132016,LISA,30,20160920,0000,,TD,13.9N,28.4W,30,1007,0,0,0,0,0,0,0,0,0,0,0,0,-999
AL132016,LISA,30,20160920,0600,,TD,14.4N,29.3W,30,1007,0,0,0,0,0,0,0,0,0,0,0,0,-999
AL132016,LISA,30,20160920,1200,,TS,15.1N,30.0W,35,1006,60,50,0,50,0,0,0,0,0,0,0,0,-999
AL132016,LISA,30,20160920,1800,,TS,16.0N,30.7W,40,1004,60,50,0,50,0,0,0,0,0,0,0,0,-999
AL132016,LISA,30,20160921,0000,,TS,16.7N,31.3W,40,1004,110,50,0,50,0,0,0,0,0,0,0,0,-999
AL132016,LISA,30,20160921,0600,,TS,17.2N,31.7W,45,1002,110,50,0,50,0,0,0,0,0,0,0,0,-999
AL132016,LISA,30,20160921,1200,,TS,17.7N,32.1W,45,1002,110,50,0,50,0,0,0,0,0,0,0,0,-999
AL132016,LISA,30,20160921,1800,,TS,18.3N,32.4W,40,1004,110,50,0,50,0,0,0,0,0,0,0,0,-999
AL132016,LISA,30,20160922,0000,,TS,18.9N,32.7W,40,1005,110,60,0,60,0,0,0,0,0,0,0,0,-999
AL132016,LISA,30,20160922,0600,,TS,19.3N,33.3W,40,1004,130,60,0,70,0,0,0,0,0,0,0,0,-999
AL132016,LISA,30,20160922,1200,,TS,19.7N,33.8W,45,999,150,0,0,80,0,0,0,0,0,0,0,0,-999
AL132016,LISA,30,20160922,1800,,TS,20.3N,34.2W,45,999,150,0,0,80,0,0,0,0,0,0,0,0,-999
AL132016,LISA,30,20160923,0000,,TS,20.9N,34.8W,40,1003,170,0,0,80,0,0,0,0,0,0,0,0,-999
AL132016,LISA,30,20160923,0600,,TS,21.5N,35.4W,35,1007,130,0,0,80,0,0,0,0,0,0,0,0,-999
AL132016,LISA,30,20160923,1200,,TS,22.0N,35.9W,35,1008,100,0,0,80,0,0,0,0,0,0,0,0,-999
AL132016,LISA,30,20160923,1800,,TS,22.4N,36.3W,35,1009,80,0,0,80,0,0,0,0,0,0,0,0,-999
AL132016,LISA,30,20160924,0000,,TS,22.9N,36.8W,35,1009,80,0,0,80,0,0,0,0,0,0,0,0,-999
AL132016,LISA,30,20160924,0600,,TS,23.6N,37.4W,40,1007,70,0,0,60,0,0,0,0,0,0,0,0,-999
AL132016,LISA,30,20160924,1200,,TS,24.4N,38.1W,40,1007,70,0,0,50,0,0,0,0,0,0,0,0,-999
AL132016,LISA,30,20160924,1800,,TS,24.9N,39.2W,35,1009,70,0,0,50,0,0,0,0,0,0,0,0,-999
AL132016,LISA,30,20160925,0000,,TD,25.4N,40.4W,30,1011,0,0,0,0,0,0,0,0,0,0,0,0,-999
AL132016,LISA,30,20160925,0600,,LO,26.5N,41.4W,30,1011,0,0,0,0,0,0,0,0,0,0,0,0,-999
AL132016,LISA,30,20160925,1200,,LO,27.6N,42.5W,30,1012,0,0,0,0,0,0,0,0,0,0,0,0,-999
AL132016,LISA,30,20160925,1800,,LO,28.9N,42.5W,35,1013,0,40,0,0,0,0,0,0,0,0,0,0,-999
AL132016,LISA,30,20160926,0000,,LO,29.8N,42.1W,40,1014,0,50,0,0,0,0,0,0,0,0,0,0,-999
AL132016,LISA,30,20160926,0600,,LO,30.6N,41.2W,40,1014,0,50,0,0,0,0,0,0,0,0,0,0,-999
AL132016,LISA,30,20160926,1200,,LO,31.6N,40.5W,40,1014,0,50,0,0,0,0,0,0,0,0,0,0,-999
AL142016,MATTHEW,50,20160928,1200,,TS,13.4N,59.8W,50,1009,180,180,0,90,90,0,0,0,0,0,0,0,-999
AL142016,MATTHEW,50,20160928,1800,,TS,13.6N,61.2W,50,1008,180,180,0,100,90,0,0,0,0,0,0,0,-999
AL142016,MATTHEW,50,20160929,0000,,TS,13.9N,62.6W,55,1004,180,180,0,110,90,0,0,0,0,0,0,0,-999
AL142016,MATTHEW,50,20160929,0600,,TS,14.0N,64.0W,55,1002,180,160,0,120,90,0,0,80,0,0,0,0,-999
AL142016,MATTHEW,50,20160929,1200,,TS,14.1N,65.5W,60,995,180,140,50,130,90,0,0,70,0,0,0,0,-999
AL142016,MATTHEW,50,20160929,1800,,HU,14.2N,66.9W,65,993,180,120,50,140,90,0,0,60,60,0,0,30,-999
AL142016,MATTHEW,50,20160930,0000,,HU,14.2N,68.1W,70,987,170,120,50,150,90,0,0,60,50,0,0,30,-999
AL142016,MATTHEW,50,20160930,0600,,HU,14.0N,69.3W,85,979,170,100,50,160,80,30,30,60,40,20,15,30,-999
AL142016,MATTHEW,50,20160930,1200,,HU,13.8N,70.4W,100,968,170,90,50,170,80,30,30,80,30,20,15,30,-999
AL142016,MATTHEW,50,20160930,1800,,HU,13.5N,71.2W,120,955,170,90,60,170,80,30,30,80,30,20,15,30,-999
AL142016,MATTHEW,50,20161001,0000,,HU,13.4N,71.9W,145,942,170,90,60,170,80,30,30,70,30,20,15,40,-999
AL142016,MATTHEW,50,20161001,0600,,HU,13.4N,72.5W,140,942,170,90,50,170,80,30,30,70,30,20,15,40,-999
AL142016,MATTHEW,50,20161001,1200,,HU,13.4N,73.1W,135,944,170,90,60,170,70,40,30,70,25,20,15,25,-999
AL142016,MATTHEW,50,20161001,1800,,HU,13.4N,73.3W,130,942,170,90,70,170,70,40,30,50,20,20,15,25,-999
AL142016,MATTHEW,50,20161002,0000,,HU,13.5N,73.5W,130,940,170,90,70,160,70,40,30,50,25,20,20,25,-999
AL142016,MATTHEW,50,20161002,0600,,HU,13.7N,73.9W,125,941,170,70,70,160,60,40,30,50,25,20,20,25,-999
AL142016,MATTHEW,50,20161002,1200,,HU,14.0N,74.3W,130,947,170,80,70,150,60,40,30,50,25,20,15,25,-999
AL142016,MATTHEW,50,20161002,1800,,HU,14.2N,74.7W,135,945,170,90,70,140,60,40,30,50,25,20,15,25,-999
AL142016,MATTHEW,50,20161003,0000,,HU,14.5N,75.0W,130,944,170,100,80,130,60,50,30,50,30,20,20,25,-999
AL142016,MATTHEW,50,20161003,0600,,HU,14.9N,75.0W,125,942,170,110,80,130,60,50,40,50,30,25,20,25,-999
AL142016,MATTHEW,50,20161003,1200,,HU,15.4N,75.0W,125,941,170,120,80,120,60,50,40,50,30,25,20,25,-999
AL142016,MATTHEW,50,20161003,1800,,HU,15.9N,74.9W,125,938,170,130,90,120,70,50,50,50,35,30,30,30,-999
AL142016,MATTHEW,50,20161004,0000,,HU,16.6N,74.6W,130,934,170,140,90,110,70,60,50,50,35,30,30,30,-999
AL142016,MATTHEW,50,20161004,0600,,HU,17.5N,74.4W,130,934,170,150,90,100,70,60,50,60,35,35,30,30,-999
AL142016,MATTHEW,50,20161004,1100,L,HU,18.3N,74.3W,130,935,170,150,90,100,70,60,50,60,35,35,30,30,-999
AL142016,MATTHEW,50,20161004,1200,,HU,18.4N,74.3W,125,937,170,150,90,100,70,60,50,60,35,40,30,30,-999
AL142016,MATTHEW,50,20161004,1800,,HU,19.3N,74.3W,120,947,160,150,90,100,70,60,50,60,40,40,40,40,-999
AL142016,MATTHEW,50,20161005,0000,L,HU,20.1N,74.3W,115,949,160,150,90,100,70,60,50,60,40,40,40,40,-999
AL142016,MATTHEW,50,20161005,0600,,HU,20.7N,74.4W,110,960,160,140,90,90,70,60,50,60,40,35,35,40,-999
AL142016,MATTHEW,50,20161005,1200,,HU,21.4N,74.8W,105,962,160,140,80,90,70,60,50,60,40,30,30,40,-999
AL142016,MATTHEW,50,20161005,1800,,HU,22.2N,75.4W,105,963,160,140,70,90,70,60,40,60,40,30,30,40,-999
AL142016,MATTHEW,50,20161006,0000,,HU,23.0N,76.0W,105,960,160,140,70,90,70,60,40,60,40,30,30,40,-999
AL142016,MATTHEW,50,20161006,0600,,HU,23.8N,76.7W,110,952,160,140,70,90,70,60,40,60,40,30,30,40,-999
AL142016,MATTHEW,50,20161006,1200,,HU,24.7N,77.5W,120,937,160,140,70,100,70,60,40,60,40,40,30,40,-999
AL142016,MATTHEW,50,20161006,1800,,HU,25.7N,78.3W,120,937,160,140,80,110,70,60,40,60,50,40,30,40,-999
AL142016,MATTHEW,50,20161007,0000,L,HU,26.7N,79.0W,115,937,170,150,80,120,70,70,50,60,50,40,30,40,-999
AL142016,MATTHEW,50,20161007,0600,,HU,27.7N,79.7W,110,939,170,150,80,120,70,70,50,60,50,40,30,40,-999
AL142016,MATTHEW,50,20161007,1200,,HU,28.9N,80.3W,105,944,170,150,80,120,80,70,60,60,50,40,35,40,-999
AL142016,MATTHEW,50,20161007,1800,,HU,29.7N,80.7W,100,946,170,150,80,120,80,70,60,60,50,40,35,40,-999
AL142016,MATTHEW,50,20161008,0000,,HU,30.7N,80.6W,95,949,180,150,80,120,80,70,50,50,50,50,30,35,-999
AL142016,MATTHEW,50,20161008,0600,,HU,31.6N,80.6W,85,953,180,160,90,130,80,70,50,40,40,40,25,30,-999
AL142016,MATTHEW,50,20161008,0900,T,HU,32.1N,80.5W,85,957,180,160,90,130,80,70,50,40,40,40,25,30,-999
AL142016,MATTHEW,50,20161008,1200,,HU,32.5N,79.9W,80,963,190,160,90,140,70,70,60,30,30,25,20,0,-999
AL142016,MATTHEW,50,20161008,1500,L,HU,33.0N,79.5W,75,967,190,160,90,140,70,70,60,30,30,25,20,0,-999
AL142016,MATTHEW,50,20161008,1800,,HU,33.5N,79.0W,70,973,190,170,100,150,60,80,30,20,25,25,25,0,-999
AL142016,MATTHEW,50,20161009,0000,,HU,33.9N,77.3W,70,981,190,170,120,160,70,80,90,60,0,0,40,0,-999
AL142016,MATTHEW,50,20161009,0600,,HU,34.7N,76.0W,70,983,200,170,150,170,60,80,110,60,0,0,50,0,-999
AL142016,MATTHEW,50,20161009,1200,,EX,35.0N,74.5W,65,984,200,180,180,190,50,60,90,90,0,0,50,0,-999
AL142016,MATTHEW,50,20161009,1800,,EX,35.2N,72.8W,60,987,210,180,180,210,60,60,100,120,0,0,0,0,-999
AL142016,MATTHEW,50,20161010,0000,,EX,35.3N,71.1W,55,990,210,180,180,210,70,70,100,120,0,0,0,0,-999
AL152016,NICOLE,63,20161004,0600,,TS,23.2N,59.8W,35,1007,0,90,0,0,0,0,0,0,0,0,0,0,-999
AL152016,NICOLE,63,20161004,1200,,TS,23.5N,60.3W,40,1005,60,60,0,40,0,0,0,0,0,0,0,0,-999
AL152016,NICOLE,63,20161004,1800,,TS,23.8N,60.7W,45,1002,60,60,0,40,0,0,0,0,0,0,0,0,-999
AL152016,NICOLE,63,20161005,0000,,TS,24.1N,61.2W,45,1001,60,60,0,40,0,0,0,0,0,0,0,0,-999
AL152016,NICOLE,63,20161005,0600,,TS,24.4N,61.7W,45,1001,60,60,0,40,0,0,0,0,0,0,0,0,-999
AL152016,NICOLE,63,20161005,1200,,TS,24.7N,62.5W,45,1001,60,60,0,40,0,0,0,0,0,0,0,0,-999
AL152016,NICOLE,63,20161005,1800,,TS,25.1N,63.3W,50,1000,60,60,30,40,20,20,0,0,0,0,0,0,-999
AL152016,NICOLE,63,20161006,0000,,TS,25.7N,63.9W,50,999,60,60,30,40,30,30,0,0,0,0,0,0,-999
AL152016,NICOLE,63,20161006,0600,,TS,26.2N,64.5W,55,995,60,60,30,40,30,30,0,0,0,0,0,0,-999
AL152016,NICOLE,63,20161006,1200,,TS,26.7N,64.8W,60,991,60,60,30,40,30,30,0,0,0,0,0,0,-999
AL152016,NICOLE,63,20161006,1800,,HU,27.3N,65.1W,75,980,50,80,30,40,30,30,20,20,15,15,10,15,-999
AL152016,NICOLE,63,20161007,0000,,HU,27.5N,65.2W,90,969,50,80,50,50,30,30,20,20,15,15,10,15,-999
AL152016,NICOLE,63,20161007,0600,,HU,27.6N,65.2W,75,970,50,80,50,50,30,30,20,20,15,15,10,15,-999
AL152016,NICOLE,63,20161007,1200,,TS,27.6N,65.2W,60,985,50,80,50,50,30,30,0,0,0,0,0,0,-999
AL152016,NICOLE,63,20161007,1800,,TS,27.2N,65.3W,55,992,50,80,50,50,30,30,0,0,0,0,0,0,-999
AL152016,NICOLE,63,20161008,0000,,TS,26.6N,65.4W,50,997,50,80,50,50,30,30,0,0,0,0,0,0,-999
AL152016,NICOLE,63,20161008,0600,,TS,26.0N,65.5W,40,1002,50,80,50,50,0,0,0,0,0,0,0,0,-999
AL152016,NICOLE,63,20161008,1200,,TS,25.5N,65.6W,40,1002,50,80,50,50,0,0,0,0,0,0,0,0,-999
AL152016,NICOLE,63,20161008,1800,,TS,25.0N,65.7W,45,1000,80,90,50,50,0,0,0,0,0,0,0,0,-999
AL152016,NICOLE,63,20161009,0000,,TS,24.6N,65.6W,45,999,80,90,50,40,0,0,0,0,0,0,0,0,-999
AL152016,NICOLE,63,20161009,0600,,TS,24.1N,65.5W,55,996,80,100,60,50,40,30,0,0,0,0,0,0,-999
AL152016,NICOLE,63,20161009,1200,,TS,24.0N,65.4W,55,993,80,100,60,50,40,30,0,0,0,0,0,0,-999
AL152016,NICOLE,63,20161009,1800,,TS,24.1N,65.3W,55,992,100,100,60,60,40,40,0,0,0,0,0,0,-999
AL152016,NICOLE,63,20161010,0000,,TS,24.3N,65.2W,50,992,100,100,60,60,40,40,0,0,0,0,0,0,-999
AL152016,NICOLE,63,20161010,0600,,TS,24.8N,65.2W,50,992,110,100,60,60,40,40,0,0,0,0,0,0,-999
AL152016,NICOLE,63,20161010,1200,,TS,25.4N,65.2W,50,992,110,100,60,60,40,40,0,0,0,0,0,0,-999
AL152016,NICOLE,63,20161010,1800,,TS,26.0N,65.3W,50,992,110,100,60,60,40,40,0,0,0,0,0,0,-999
AL152016,NICOLE,63,20161011,0000,,TS,26.5N,65.5W,50,992,90,90,60,60,40,40,0,30,0,0,0,0,-999
AL152016,NICOLE,63,20161011,0600,,TS,26.8N,65.6W,50,991,90,90,60,60,40,40,0,30,0,0,0,0,-999
AL152016,NICOLE,63,20161011,1200,,TS,27.1N,65.8W,60,987,90,90,60,60,40,40,0,30,0,0,0,0,-999
AL152016,NICOLE,63,20161011,1800,,HU,27.2N,66.2W,70,980,100,90,70,90,40,30,30,30,25,0,0,0,-999
AL152016,NICOLE,63,20161012,0000,,HU,27.4N,66.6W,75,976,100,90,70,90,40,30,30,30,25,0,0,0,-999
AL152016,NICOLE,63,20161012,0600,,HU,27.6N,66.8W,85,973,100,90,70,90,40,30,30,30,25,0,0,0,-999
AL152016,NICOLE,63,20161012,1200,,HU,28.0N,66.9W,95,969,120,120,70,90,50,50,40,40,35,35,25,25,-999
AL152016,NICOLE,63,20161012,1800,,HU,28.7N,66.8W,105,962,140,130,90,120,70,60,40,50,35,35,25,25,-999
AL152016,NICOLE,63,20161013,0000,,HU,29.6N,66.5W,115,954,150,150,90,150,90,90,50,90,50,60,30,50,-999
AL152016,NICOLE,63,20161013,0600,,HU,30.6N,66.2W,120,950,150,150,90,150,90,90,50,90,70,60,45,70,-999
AL152016,NICOLE,63,20161013,1200,,HU,31.6N,65.3W,110,956,150,180,90,150,90,90,60,90,70,60,50,70,-999
AL152016,NICOLE,63,20161013,1500,R,HU,32.3N,64.7W,105,959,150,180,90,150,100,120,60,90,70,90,50,70,-999
AL152016,NICOLE,63,20161013,1800,,HU,33.0N,63.9W,95,962,150,180,90,150,100,120,60,90,70,90,50,70,-999
AL152016,NICOLE,63,20161014,0000,,HU,34.0N,62.1W,85,967,180,180,120,180,100,120,80,90,70,90,50,70,-999
AL152016,NICOLE,63,20161014,0600,,HU,34.9N,60.5W,75,972,180,180,120,180,90,120,80,90,60,60,50,70,-999
AL152016,NICOLE,63,20161014,1200,,HU,35.6N,58.9W,70,975,240,240,180,240,90,120,80,90,60,60,50,70,-999
AL152016,NICOLE,63,20161014,1800,,HU,36.4N,56.5W,65,977,240,240,180,240,90,120,80,90,60,60,50,70,-999
AL152016,NICOLE,63,20161015,0000,,HU,37.2N,54.2W,65,974,240,240,180,270,90,120,150,150,30,60,50,70,-999
AL152016,NICOLE,63,20161015,0600,,HU,38.0N,52.6W,75,965,240,270,240,270,90,120,150,150,30,60,50,70,-999
AL152016,NICOLE,63,20161015,1200,,HU,38.7N,51.1W,75,960,360,330,240,360,150,150,150,150,0,80,80,80,-999
AL152016,NICOLE,63,20161015,1800,,HU,39.0N,49.8W,75,961,360,300,300,360,150,120,150,150,0,80,80,80,-999
AL152016,NICOLE,63,20161016,0000,,HU,39.3N,48.7W,75,961,360,330,300,420,150,150,180,180,60,80,80,80,-999
AL152016,NICOLE,63,20161016,0600,,HU,39.1N,48.0W,70,962,360,330,300,420,150,150,180,180,60,80,80,80,-999
AL152016,NICOLE,63,20161016,1200,,HU,38.9N,47.2W,70,963,360,330,300,360,150,150,180,180,60,80,80,80,-999
AL152016,NICOLE,63,20161016,1800,,HU,39.4N,46.4W,65,964,360,330,330,360,150,150,180,180,60,80,80,70,-999
AL152016,NICOLE,63,20161017,0000,,HU,40.1N,45.8W,65,965,360,300,330,360,150,150,120,120,60,80,80,70,-999
AL152016,NICOLE,63,20161017,0600,,HU,40.6N,45.5W,65,965,360,300,330,300,150,150,120,120,60,80,80,70,-999
AL152016,NICOLE,63,20161017,1200,,HU,40.9N,45.1W,65,966,360,300,330,300,150,150,120,120,60,80,80,70,-999
AL152016,NICOLE,63,20161017,1800,,HU,41.8N,43.6W,65,966,300,300,330,300,150,150,120,120,60,80,80,70,-999
AL152016,NICOLE,63,20161018,0000,,TS,43.5N,41.9W,60,966,270,300,330,180,120,150,150,60,0,0,0,0,-999
AL152016,NICOLE,63,20161018,0600,,TS,45.6N,39.7W,55,966,270,300,300,150,120,150,150,0,0,0,0,0,-999
AL152016,NICOLE,63,20161018,1200,,EX,49.0N,38.5W,55,966,270,300,300,150,120,150,150,0,0,0,0,0,-999
AL152016,NICOLE,63,20161018,1800,,EX,53.0N,38.5W,50,967,270,300,300,150,120,150,150,0,0,0,0,0,-999
AL152016,NICOLE,63,20161019,0000,,EX,55.1N,38.0W,50,968,270,300,300,150,120,150,150,0,0,0,0,0,-999
AL152016,NICOLE,63,20161019,0600,,EX,57.0N,37.0W,50,969,270,300,300,150,120,150,150,0,0,0,0,0,-999
AL152016,NICOLE,63,20161019,1200,,EX,59.0N,36.5W,50,969,270,300,300,150,120,150,150,0,0,0,0,0,-999
AL162016,OTTO,38,20161117,1800,,LO,12.5N,80.7W,20,1006,0,0,0,0,0,0,0,0,0,0,0,0,-999
AL162016,OTTO,38,20161118,0000,,LO,12.3N,81.3W,20,1005,0,0,0,0,0,0,0,0,0,0,0,0,-999
AL162016,OTTO,38,20161118,0600,,LO,11.8N,81.7W,20,1005,0,0,0,0,0,0,0,0,0,0,0,0,-999
AL162016,OTTO,38,20161118,1200,,LO,11.4N,82.0W,20,1005,0,0,0,0,0,0,0,0,0,0,0,0,-999
AL162016,OTTO,38,20161118,1800,,LO,11.2N,82.0W,20,1005,0,0,0,0,0,0,0,0,0,0,0,0,-999
AL162016,OTTO,38,20161119,0000,,LO,11.1N,82.0W,25,1005,0,0,0,0,0,0,0,0,0,0,0,0,-999
AL162016,OTTO,38,20161119,0600,,LO,11.0N,81.8W,25,1005,0,0,0,0,0,0,0,0,0,0,0,0,-999
AL162016,OTTO,38,20161119,1200,,LO,10.9N,81.5W,25,1005,0,0,0,0,0,0,0,0,0,0,0,0,-999
AL162016,OTTO,38,20161119,1800,,LO,10.8N,81.2W,25,1005,0,0,0,0,0,0,0,0,0,0,0,0,-999
AL162016,OTTO,38,20161120,0000,,LO,10.7N,80.8W,25,1005,0,0,0,0,0,0,0,0,0,0,0,0,-999
AL162016,OTTO,38,20161120,0600,,LO,10.7N,80.4W,25,1005,0,0,0,0,0,0,0,0,0,0,0,0,-999
AL162016,OTTO,38,20161120,1200,,LO,10.9N,80.0W,25,1004,0,0,0,0,0,0,0,0,0,0,0,0,-999
AL162016,OTTO,38,20161120,1800,,TD,11.1N,79.7W,30,1002,0,0,0,0,0,0,0,0,0,0,0,0,-999
AL162016,OTTO,38,20161121,0000,,TD,11.3N,79.4W,30,1002,0,0,0,0,0,0,0,0,0,0,0,0,-999
AL162016,OTTO,38,20161121,0600,,TS,11.3N,79.3W,35,1002,30,30,0,20,0,0,0,0,0,0,0,0,-999
AL162016,OTTO,38,20161121,1200,,TS,11.3N,79.2W,40,1001,30,30,20,30,0,0,0,0,0,0,0,0,-999
AL162016,OTTO,38,20161121,1800,,TS,11.1N,79.1W,45,1000,30,30,20,30,0,0,0,0,0,0,0,0,-999
AL162016,OTTO,38,20161122,0000,,TS,10.8N,79.1W,50,998,30,30,20,30,10,10,0,0,0,0,0,0,-999
AL162016,OTTO,38,20161122,0600,,TS,10.6N,79.1W,55,992,50,50,40,50,20,20,20,20,0,0,0,0,-999
AL162016,OTTO,38,20161122,1200,,TS,10.4N,79.2W,60,986,50,50,50,50,20,20,20,20,0,0,0,0,-999
AL162016,OTTO,38,20161122,1800,,TS,10.5N,79.4W,60,986,50,50,50,50,20,20,20,20,0,0,0,0,-999
AL162016,OTTO,38,20161123,0000,,TS,10.6N,79.6W,60,987,50,50,50,50,20,20,20,20,0,0,0,0,-999
AL162016,OTTO,38,20161123,0600,,TS,10.8N,80.0W,60,991,50,50,50,50,20,20,20,20,0,0,0,0,-999
AL162016,OTTO,38,20161123,1200,,TS,11.0N,80.4W,60,994,50,50,50,50,20,20,20,20,0,0,0,0,-999
AL162016,OTTO,38,20161123,1800,,HU,11.2N,81.1W,65,990,50,50,50,50,20,20,20,20,10,10,0,10,-999
AL162016,OTTO,38,20161124,0000,,HU,11.2N,81.8W,80,980,50,50,50,50,20,20,20,20,10,10,10,10,-999
AL162016,OTTO,38,20161124,0600,,HU,11.1N,82.4W,90,978,50,50,50,50,30,30,30,30,15,15,15,15,-999
AL162016,OTTO,38,20161124,1200,,HU,11.0N,83.0W,100,975,50,50,50,50,30,30,30,30,15,15,15,15,-999
AL162016,OTTO,38,20161124,1730,L,HU,11.0N,83.8W,100,975,50,50,50,50,30,30,30,30,15,15,15,15,-999
AL162016,OTTO,38,20161124,1800,,HU,11.0N,83.9W,95,978,50,50,40,50,30,30,20,30,15,15,10,15,-999
AL162016,OTTO,38,20161125,0000,,HU,10.9N,84.9W,65,992,50,40,40,50,20,10,10,20,10,0,0,10,-999
AL162016,OTTO,38,20161125,0330,T,TS,10.7N,85.6W,60,993,50,40,40,50,20,10,10,20,0,0,0,0,-999
AL162016,OTTO,38,20161125,0600,,TS,10.6N,86.2W,60,994,40,40,30,40,10,10,0,10,0,0,0,0,-999
AL162016,OTTO,38,20161125,1200,,TS,10.3N,87.5W,55,995,40,40,30,40,10,10,0,10,0,0,0,0,-999
AL162016,OTTO,38,20161125,1800,,TS,10.0N,88.8W,50,997,40,40,30,40,10,10,0,10,0,0,0,0,-999
AL162016,OTTO,38,20161126,0000,,TS,9.7N,90.2W,45,1000,40,40,30,40,0,0,0,0,0,0,0,0,-999
AL162016,OTTO,38,20161126,0600,,TS,9.4N,91.7W,40,1003,40,40,30,40,0,0,0,0,0,0,0,0,-999
AL162016,OTTO,38,20161126,1200,,TD,9.1N,93.3W,30,1005,0,0,0,0,0,0,0,0,0,0,0,0,-999
AL012017,ARLENE,27,20170416,0600,,EX,35.8N,50.3W,55,992,180,180,360,360,90,90,180,180,0,0,0,0,-999
AL012017,ARLENE,27,20170416,1200,,EX,35.1N,49.5W,55,989,180,180,360,360,90,90,180,180,0,0,0,0,-999
AL012017,ARLENE,27,20170416,1800,,EX,34.4N,48.7W,55,986,180,180,360,300,0,0,180,150,0,0,0,0,-999
AL012017,ARLENE,27,20170417,0000,,EX,33.7N,47.8W,50,987,180,180,360,300,0,0,180,150,0,0,0,0,-999
AL012017,ARLENE,27,20170417,0600,,EX,33.2N,47.0W,45,988,150,150,300,270,0,0,0,0,0,0,0,0,-999
AL012017,ARLENE,27,20170417,1200,,EX,32.7N,46.1W,45,989,150,150,270,240,0,0,0,0,0,0,0,0,-999
AL012017,ARLENE,27,20170417,1800,,EX,32.3N,45.3W,40,991,150,150,240,210,0,0,0,0,0,0,0,0,-999
AL012017,ARLENE,27,20170418,0000,,EX,32.1N,44.7W,40,993,150,150,240,210,0,0,0,0,0,0,0,0,-999
AL012017,ARLENE,27,20170418,0600,,EX,31.9N,44.4W,35,994,150,150,240,210,0,0,0,0,0,0,0,0,-999
AL012017,ARLENE,27,20170418,1200,,EX,31.6N,44.1W,35,995,150,150,240,210,0,0,0,0,0,0,0,0,-999
AL012017,ARLENE,27,20170418,1800,,EX,31.1N,43.5W,30,996,0,0,0,0,0,0,0,0,0,0,0,0,-999
AL012017,ARLENE,27,20170419,0000,,SD,31.1N,42.6W,30,996,0,0,0,0,0,0,0,0,0,0,0,0,-999
AL012017,ARLENE,27,20170419,0600,,SD,31.3N,41.8W,30,996,0,0,0,0,0,0,0,0,0,0,0,0,-999
AL012017,ARLENE,27,20170419,1200,,SD,31.7N,41.1W,30,996,0,0,0,0,0,0,0,0,0,0,0,0,-999
AL012017,ARLENE,27,20170419,1800,,SD,32.1N,40.4W,30,996,0,0,0,0,0,0,0,0,0,0,0,0,-999
AL012017,ARLENE,27,20170420,0000,,TD,32.8N,39.6W,30,996,0,0,0,0,0,0,0,0,0,0,0,0,-999
AL012017,ARLENE,27,20170420,0600,,TS,33.8N,39.2W,35,994,60,60,0,0,0,0,0,0,0,0,0,0,-999
AL012017,ARLENE,27,20170420,1200,,TS,35.4N,39.6W,35,994,60,60,0,0,0,0,0,0,0,0,0,0,-999
AL012017,ARLENE,27,20170420,1800,,TS,37.3N,40.7W,40,992,90,90,0,0,0,0,0,0,0,0,0,0,-999
AL012017,ARLENE,27,20170421,0000,,TS,39.0N,43.0W,45,990,120,90,0,0,0,0,0,0,0,0,0,0,-999
AL012017,ARLENE,27,20170421,0600,,TS,40.0N,46.3W,45,990,120,90,0,120,0,0,0,0,0,0,0,0,-999
AL012017,ARLENE,27,20170421,1200,,EX,39.9N,49.3W,45,990,90,90,90,120,0,0,0,0,0,0,0,0,-999
AL012017,ARLENE,27,20170421,1800,,EX,38.5N,50.8W,40,992,90,90,120,120,0,0,0,0,0,0,0,0,-999
AL012017,ARLENE,27,20170422,0000,,EX,36.3N,51.2W,40,994,0,90,120,120,0,0,0,0,0,0,0,0,-999
AL012017,ARLENE,27,20170422,0600,,EX,34.7N,50.0W,40,996,0,90,120,90,0,0,0,0,0,0,0,0,-999
AL012017,ARLENE,27,20170422,1200,,EX,32.8N,48.7W,35,999,0,90,120,0,0,0,0,0,0,0,0,0,-999
AL012017,ARLENE,27,20170422,1800,,EX,31.9N,46.4W,30,1001,0,0,0,0,0,0,0,0,0,0,0,0,-999
AL022017,BRET,9,20170618,1800,,DB,7.5N,49.6W,30,1008,0,0,0,0,0,0,0,0,0,0,0,0,-999
AL022017,BRET,9,20170619,0000,,DB,7.8N,51.7W,35,1008,50,0,0,50,0,0,0,0,0,0,0,0,-999
AL022017,BRET,9,20170619,0600,,DB,8.1N,53.9W,35,1007,50,0,0,50,0,0,0,0,0,0,0,0,-999
AL022017,BRET,9,20170619,1200,,DB,8.6N,56.5W,35,1007,60,0,0,60,0,0,0,0,0,0,0,0,-999
AL022017,BRET,9,20170619,1800,,TS,9.2N,58.9W,40,1007,80,0,0,80,0,0,0,0,0,0,0,0,-999
AL022017,BRET,9,20170620,0000,,TS,9.7N,60.5W,40,1008,80,0,0,80,0,0,0,0,0,0,0,0,-999
AL022017,BRET,9,20170620,0200,L,TS,10.1N,61.1W,45,1008,100,0,0,80,0,0,0,0,0,0,0,0,-999
AL022017,BRET,9,20170620,0600,,TS,10.4N,62.1W,45,1008,120,0,0,90,0,0,0,0,0,0,0,0,-999
AL022017,BRET,9,20170620,0900,L,TS,10.6N,62.6W,45,1008,120,0,0,90,0,0,0,0,0,0,0,0,-999
AL032017,CINDY,20,20170619,1800,,DB,23.6N,88.6W,35,1003,180,0,0,0,0,0,0,0,0,0,0,0,-999
AL032017,CINDY,20,20170620,0000,,DB,24.0N,89.2W,35,1000,180,0,0,0,0,0,0,0,0,0,0,0,-999
AL032017,CINDY,20,20170620,0600,,DB,24.4N,89.8W,35,999,180,0,0,0,0,0,0,0,0,0,0,0,-999
AL032017,CINDY,20,20170620,1200,,DB,25.0N,90.3W,40,997,180,180,0,0,0,0,0,0,0,0,0,0,-999
AL032017,CINDY,20,20170620,1800,,TS,25.6N,90.6W,45,996,210,150,0,60,0,0,0,0,0,0,0,0,-999
AL032017,CINDY,20,20170621,0000,,TS,26.2N,90.9W,50,995,240,120,50,120,0,0,0,80,0,0,0,0,-999
AL032017,CINDY,20,20170621,0600,,TS,26.8N,91.5W,50,994,240,120,50,120,0,0,0,80,0,0,0,0,-999
AL032017,CINDY,20,20170621,1200,,TS,27.3N,92.3W,50,993,180,100,50,100,0,0,0,60,0,0,0,0,-999
AL032017,CINDY,20,20170621,1800,,TS,27.8N,93.0W,45,993,120,100,50,100,0,0,0,0,0,0,0,0,-999
AL032017,CINDY,20,20170622,0000,,TS,28.5N,93.4W,45,992,100,100,50,100,0,0,0,0,0,0,0,0,-999
AL032017,CINDY,20,20170622,0600,,TS,29.4N,93.6W,45,991,100,100,60,60,0,0,0,0,0,0,0,0,-999
AL032017,CINDY,20,20170622,0700,L,TS,29.8N,93.7W,45,991,80,100,60,50,0,0,0,0,0,0,0,0,-999
AL032017,CINDY,20,20170622,1200,,TS,30.5N,93.8W,40,993,0,60,80,0,0,0,0,0,0,0,0,0,-999
AL032017,CINDY,20,20170622,1800,,TS,31.6N,93.8W,35,996,0,30,50,0,0,0,0,0,0,0,0,0,-999
AL032017,CINDY,20,20170623,0000,,TD,32.8N,93.6W,30,999,0,0,0,0,0,0,0,0,0,0,0,0,-999
AL032017,CINDY,20,20170623,0600,,TD,34.2N,92.8W,30,1000,0,0,0,0,0,0,0,0,0,0,0,0,-999
AL032017,CINDY,20,20170623,1200,,TD,35.5N,90.8W,30,1001,0,0,0,0,0,0,0,0,0,0,0,0,-999
AL032017,CINDY,20,20170623,1800,,LO,36.7N,88.1W,25,1002,0,0,0,0,0,0,0,0,0,0,0,0,-999
AL032017,CINDY,20,20170624,0000,,LO,37.7N,84.4W,25,1003,0,0,0,0,0,0,0,0,0,0,0,0,-999
AL032017,CINDY,20,20170624,0600,,LO,38.9N,78.5W,25,1003,0,0,0,0,0,0,0,0,0,0,0,0,-999
AL042017,FOUR,9,20170705,1200,,LO,11.8N,35.9W,20,1010,0,0,0,0,0,0,0,0,0,0,0,0,-999
AL042017,FOUR,9,20170705,1800,,TD,12.0N,37.1W,25,1010,0,0,0,0,0,0,0,0,0,0,0,0,-999
AL042017,FOUR,9,20170706,0000,,TD,12.4N,38.6W,25,1010,0,0,0,0,0,0,0,0,0,0,0,0,-999
AL042017,FOUR,9,20170706,0600,,TD,12.8N,40.3W,25,1010,0,0,0,0,0,0,0,0,0,0,0,0,-999
AL042017,FOUR,9,20170706,1200,,TD,13.3N,42.2W,25,1009,0,0,0,0,0,0,0,0,0,0,0,0,-999
AL042017,FOUR,9,20170706,1800,,TD,13.8N,44.1W,25,1010,0,0,0,0,0,0,0,0,0,0,0,0,-999
AL042017,FOUR,9,20170707,0000,,TD,14.3N,46.0W,25,1011,0,0,0,0,0,0,0,0,0,0,0,0,-999
AL042017,FOUR,9,20170707,0600,,TD,14.8N,47.9W,25,1011,0,0,0,0,0,0,0,0,0,0,0,0,-999
AL042017,FOUR,9,20170707,1200,,TD,15.4N,49.7W,25,1011,0,0,0,0,0,0,0,0,0,0,0,0,-999
AL052017,DON,7,20170717,0000,,LO,10.3N,47.7W,25,1011,0,0,0,0,0,0,0,0,0,0,0,0,-999
AL052017,DON,7,20170717,0600,,TD,10.4N,49.1W,30,1010,0,0,0,0,0,0,0,0,0,0,0,0,-999
AL052017,DON,7,20170717,1200,,TS,10.7N,50.6W,35,1009,20,0,0,0,0,0,0,0,0,0,0,0,-999
AL052017,DON,7,20170717,1800,,TS,11.0N,52.2W,40,1007,20,20,0,20,0,0,0,0,0,0,0,0,-999
AL052017,DON,7,20170718,0000,,TS,11.2N,53.8W,45,1005,20,20,0,20,0,0,0,0,0,0,0,0,-999
AL052017,DON,7,20170718,0600,,TS,11.3N,55.4W,40,1008,30,20,0,30,0,0,0,0,0,0,0,0,-999
AL052017,DON,7,20170718,1200,,TS,11.4N,57.1W,35,1011,30,20,0,30,0,0,0,0,0,0,0,0,-999
AL062017,EMILY,11,20170730,1800,,TD,28.4N,85.4W,30,1009,0,0,0,0,0,0,0,0,0,0,0,0,-999
AL062017,EMILY,11,20170731,0000,,TS,28.0N,84.6W,35,1008,0,30,0,0,0,0,0,0,0,0,0,0,-999
AL062017,EMILY,11,20170731,0600,,TS,27.7N,83.9W,40,1006,20,40,40,0,0,0,0,0,0,0,0,0,-999
AL062017,EMILY,11,20170731,1200,,TS,27.5N,83.1W,45,1003,20,50,40,0,0,0,0,0,0,0,0,0,-999
AL062017,EMILY,11,20170731,1445,L,TS,27.5N,82.7W,50,1001,20,50,40,0,0,20,20,0,0,0,0,0,-999
AL062017,EMILY,11,20170731,1800,,TS,27.5N,82.2W,35,1005,0,50,40,0,0,0,0,0,0,0,0,0,-999
AL062017,EMILY,11,20170801,0000,,TD,27.5N,81.3W,30,1006,0,0,0,0,0,0,0,0,0,0,0,0,-999
AL062017,EMILY,11,20170801,0600,,TD,27.8N,80.4W,30,1008,0,0,0,0,0,0,0,0,0,0,0,0,-999
AL062017,EMILY,11,20170801,1200,,TD,28.7N,79.5W,30,1010,0,0,0,0,0,0,0,0,0,0,0,0,-999
AL062017,EMILY,11,20170801,1800,,TD,29.7N,78.6W,30,1010,0,0,0,0,0,0,0,0,0,0,0,0,-999
AL062017,EMILY,11,20170802,0000,,LO,30.7N,78.1W,30,1011,0,0,0,0,0,0,0,0,0,0,0,0,-999
AL072017,FRANKLIN,18,20170806,1800,,LO,15.5N,81.5W,30,1008,0,0,0,0,0,0,0,0,0,0,0,0,-999
AL072017,FRANKLIN,18,20170807,0000,,TS,16.1N,82.7W,35,1006,90,0,0,0,0,0,0,0,0,0,0,0,-999
AL072017,FRANKLIN,18,20170807,0600,,TS,16.7N,83.6W,40,1004,100,120,0,0,0,0,0,0,0,0,0,0,-999
AL072017,FRANKLIN,18,20170807,1200,,TS,17.4N,84.4W,45,1002,100,120,0,60,0,0,0,0,0,0,0,0,-999
AL072017,FRANKLIN,18,20170807,1800,,TS,18.1N,85.3W,50,999,120,120,40,60,30,0,0,0,0,0,0,0,-999
AL072017,FRANKLIN,18,20170808,0000,,TS,18.8N,86.6W,50,995,120,120,50,90,30,0,0,0,0,0,0,0,-999
AL072017,FRANKLIN,18,20170808,0345,L,TS,19.1N,87.6W,50,995,120,120,35,80,30,0,0,0,0,0,0,0,-999
AL072017,FRANKLIN,18,20170808,0600,,TS,19.2N,87.9W,50,996,140,120,40,70,30,0,0,0,0,0,0,0,-999
AL072017,FRANKLIN,18,20170808,1200,,TS,19.6N,88.9W,40,998,160,90,0,30,0,0,0,0,0,0,0,0,-999
AL072017,FRANKLIN,18,20170808,1800,,TS,19.9N,89.8W,35,999,160,60,0,60,0,0,0,0,0,0,0,0,-999
AL072017,FRANKLIN,18,20170809,0000,,TS,20.2N,90.9W,40,996,160,60,0,120,0,0,0,0,0,0,0,0,-999
AL072017,FRANKLIN,18,20170809,0600,,TS,20.4N,92.2W,55,994,140,60,0,120,40,0,0,0,0,0,0,0,-999
AL072017,FRANKLIN,18,20170809,1200,,TS,20.2N,93.3W,60,987,130,90,40,120,50,50,0,0,0,0,0,0,-999
AL072017,FRANKLIN,18,20170809,1800,,HU,20.2N,94.4W,65,984,130,90,40,120,50,50,0,0,30,0,0,0,-999
AL072017,FRANKLIN,18,20170810,0000,,HU,20.3N,95.5W,75,981,130,90,60,130,50,50,30,40,30,25,0,0,-999
AL072017,FRANKLIN,18,20170810,0500,L,HU,20.0N,96.6W,70,990,130,90,50,130,50,50,20,40,30,25,0,0,-999
AL072017,FRANKLIN,18,20170810,0600,,TS,20.0N,96.8W,60,991,100,90,30,100,50,50,0,30,0,0,0,0,-999
AL072017,FRANKLIN,18,20170810,1200,,TD,19.8N,98.3W,25,1000,0,0,0,0,0,0,0,0,0,0,0,0,-999
AL082017,GERT,28,20170812,0000,,LO,22.4N,66.8W,25,1013,0,0,0,0,0,0,0,0,0,0,0,0,-999
AL082017,GERT,28,20170812,0600,,LO,22.7N,67.8W,25,1013,0,0,0,0,0,0,0,0,0,0,0,0,-999
AL082017,GERT,28,20170812,1200,,LO,23.2N,68.7W,25,1013,0,0,0,0,0,0,0,0,0,0,0,0,-999
AL082017,GERT,28,20170812,1800,,TD,24.0N,69.4W,30,1013,0,0,0,0,0,0,0,0,0,0,0,0,-999
AL082017,GERT,28,20170813,0000,,TS,24.9N,70.0W,35,1012,70,0,0,0,0,0,0,0,0,0,0,0,-999
AL082017,GERT,28,20170813,0600,,TS,25.8N,70.6W,35,1012,70,0,0,0,0,0,0,0,0,0,0,0,-999
AL082017,GERT,28,20170813,1200,,TS,26.8N,71.2W,35,1012,70,0,0,0,0,0,0,0,0,0,0,0,-999
AL082017,GERT,28,20170813,1800,,TS,27.7N,71.6W,35,1012,70,0,0,0,0,0,0,0,0,0,0,0,-999
AL082017,GERT,28,20170814,0000,,TS,28.5N,71.9W,40,1009,80,60,0,0,0,0,0,0,0,0,0,0,-999
AL082017,GERT,28,20170814,0600,,TS,29.2N,72.1W,45,1006,80,60,0,0,0,0,0,0,0,0,0,0,-999
AL082017,GERT,28,20170814,1200,,TS,29.7N,72.2W,50,1002,80,60,0,0,40,30,0,0,0,0,0,0,-999
AL082017,GERT,28,20170814,1800,,TS,30.2N,72.3W,55,996,90,80,30,50,50,40,0,30,0,0,0,0,-999
AL082017,GERT,28,20170815,0000,,TS,30.8N,72.3W,60,992,90,80,40,50,50,40,0,30,0,0,0,0,-999
AL082017,GERT,28,20170815,0600,,HU,31.5N,72.3W,65,986,90,80,50,50,50,40,0,30,20,20,0,0,-999
AL082017,GERT,28,20170815,1200,,HU,32.3N,72.1W,70,982,90,90,60,50,50,50,0,30,20,20,0,0,-999
AL082017,GERT,28,20170815,1800,,HU,33.2N,71.8W,70,980,100,100,60,50,50,50,0,30,20,20,0,0,-999
AL082017,GERT,28,20170816,0000,,HU,34.2N,71.0W,75,976,100,100,60,50,50,50,0,30,20,20,0,0,-999
AL082017,GERT,28,20170816,0600,,HU,35.4N,69.5W,80,973,110,110,70,40,50,50,40,20,30,30,20,10,-999
AL082017,GERT,28,20170816,1200,,HU,36.8N,67.1W,85,969,120,120,70,40,50,50,40,20,30,30,20,10,-999
AL082017,GERT,28,20170816,1800,,HU,38.2N,64.1W,95,962,140,140,80,50,50,60,40,20,30,30,20,10,-999
AL082017,GERT,28,20170817,0000,,HU,39.4N,60.4W,90,964,160,140,90,50,50,60,40,20,30,30,20,10,-999
AL082017,GERT,28,20170817,0600,,HU,40.7N,56.2W,80,968,180,150,100,50,50,70,40,0,20,30,20,0,-999
AL082017,GERT,28,20170817,1200,,TS,42.2N,52.0W,60,981,200,170,100,50,50,70,40,0,0,0,0,0,-999
AL082017,GERT,28,20170817,1800,,EX,44.0N,48.0W,50,988,220,220,100,20,60,60,0,0,0,0,0,0,-999
AL082017,GERT,28,20170818,0000,,EX,45.9N,44.3W,40,991,240,220,100,0,0,0,0,0,0,0,0,0,-999
AL082017,GERT,28,20170818,0600,,EX,47.7N,40.5W,35,994,270,270,0,0,0,0,0,0,0,0,0,0,-999
AL082017,GERT,28,20170818,1200,,EX,48.8N,37.8W,35,996,300,300,0,0,0,0,0,0,0,0,0,0,-999
AL082017,GERT,28,20170818,1800,,EX,50.5N,36.5W,35,998,330,0,0,0,0,0,0,0,0,0,0,0,-999
AL092017,HARVEY,74,20170816,0600,,LO,13.7N,45.8W,25,1013,0,0,0,0,0,0,0,0,0,0,0,0,-999
AL092017,HARVEY,74,20170816,1200,,LO,13.7N,47.4W,25,1010,0,0,0,0,0,0,0,0,0,0,0,0,-999
AL092017,HARVEY,74,20170816,1800,,LO,13.6N,49.0W,25,1009,0,0,0,0,0,0,0,0,0,0,0,0,-999
AL092017,HARVEY,74,20170817,0000,,LO,13.6N,50.6W,25,1010,0,0,0,0,0,0,0,0,0,0,0,0,-999
AL092017,HARVEY,74,20170817,0600,,TD,13.4N,52.0W,25,1008,0,0,0,0,0,0,0,0,0,0,0,0,-999
AL092017,HARVEY,74,20170817,1200,,TD,13.1N,53.4W,30,1008,0,0,0,0,0,0,0,0,0,0,0,0,-999
AL092017,HARVEY,74,20170817,1800,,TS,13.0N,55.0W,35,1004,30,0,0,30,0,0,0,0,0,0,0,0,-999
AL092017,HARVEY,74,20170818,0000,,TS,13.0N,56.6W,40,1003,50,0,0,50,0,0,0,0,0,0,0,0,-999
AL092017,HARVEY,74,20170818,0600,,TS,13.0N,58.4W,40,1004,50,0,0,50,0,0,0,0,0,0,0,0,-999
AL092017,HARVEY,74,20170818,1000,L,TS,13.1N,59.6W,40,1004,50,0,0,50,0,0,0,0,0,0,0,0,-999
AL092017,HARVEY,74,20170818,1200,,TS,13.1N,60.3W,40,1004,60,0,0,60,0,0,0,0,0,0,0,0,-999
AL092017,HARVEY,74,20170818,1500,L,TS,13.2N,61.2W,40,1004,60,0,0,60,0,0,0,0,0,0,0,0,-999
AL092017,HARVEY,74,20170818,1800,,TS,13.2N,62.2W,35,1005,60,0,0,60,0,0,0,0,0,0,0,0,-999
AL092017,HARVEY,74,20170819,0000,,TS,13.4N,64.0W,35,1005,60,0,0,60,0,0,0,0,0,0,0,0,-999
AL092017,HARVEY,74,20170819,0600,,TS,13.5N,65.7W,35,1005,60,0,0,60,0,0,0,0,0,0,0,0,-999
AL092017,HARVEY,74,20170819,1200,,TD,13.7N,67.5W,30,1006,0,0,0,0,0,0,0,0,0,0,0,0,-999
AL092017,HARVEY,74,20170819,1800,,WV,13.8N,69.2W,30,1007,0,0,0,0,0,0,0,0,0,0,0,0,-999
AL092017,HARVEY,74,20170820,0000,,WV,14.0N,71.0W,30,1007,0,0,0,0,0,0,0,0,0,0,0,0,-999
AL092017,HARVEY,74,20170820,0600,,WV,14.2N,72.9W,30,1007,0,0,0,0,0,0,0,0,0,0,0,0,-999
AL092017,HARVEY,74,20170820,1200,,WV,14.4N,75.0W,30,1006,0,0,0,0,0,0,0,0,0,0,0,0,-999
AL092017,HARVEY,74,20170820,1800,,WV,14.7N,76.8W,30,1007,0,0,0,0,0,0,0,0,0,0,0,0,-999
AL092017,HARVEY,74,20170821,0000,,WV,15.1N,78.6W,25,1007,0,0,0,0,0,0,0,0,0,0,0,0,-999
AL092017,HARVEY,74,20170821,0600,,WV,15.7N,80.5W,25,1008,0,0,0,0,0,0,0,0,0,0,0,0,-999
AL092017,HARVEY,74,20170821,1200,,WV,16.4N,82.5W,25,1008,0,0,0,0,0,0,0,0,0,0,0,0,-999
AL092017,HARVEY,74,20170821,1800,,WV,17.3N,84.6W,25,1008,0,0,0,0,0,0,0,0,0,0,0,0,-999
AL092017,HARVEY,74,20170822,0000,,WV,18.0N,86.4W,25,1008,0,0,0,0,0,0,0,0,0,0,0,0,-999
AL092017,HARVEY,74,20170822,0600,,WV,18.6N,87.8W,25,1009,0,0,0,0,0,0,0,0,0,0,0,0,-999
AL092017,HARVEY,74,20170822,1200,,WV,19.4N,88.8W,25,1010,0,0,0,0,0,0,0,0,0,0,0,0,-999
AL092017,HARVEY,74,20170822,1800,,LO,20.0N,89.7W,25,1010,0,0,0,0,0,0,0,0,0,0,0,0,-999
AL092017,HARVEY,74,20170823,0000,,LO,20.5N,90.7W,25,1009,0,0,0,0,0,0,0,0,0,0,0,0,-999
AL092017,HARVEY,74,20170823,0600,,LO,20.9N,91.6W,25,1008,0,0,0,0,0,0,0,0,0,0,0,0,-999
AL092017,HARVEY,74,20170823,1200,,TD,21.4N,92.3W,30,1006,0,0,0,0,0,0,0,0,0,0,0,0,-999
AL092017,HARVEY,74,20170823,1800,,TS,21.6N,92.4W,35,1005,60,0,0,0,0,0,0,0,0,0,0,0,-999
AL092017,HARVEY,74,20170824,0000,,TS,22.0N,92.5W,40,1003,70,0,0,0,0,0,0,0,0,0,0,0,-999
AL092017,HARVEY,74,20170824,0600,,TS,22.8N,92.6W,50,997,80,0,0,50,30,0,0,0,0,0,0,0,-999
AL092017,HARVEY,74,20170824,1200,,TS,23.7N,93.1W,60,986,80,30,20,50,30,10,0,20,0,0,0,0,-999
AL092017,HARVEY,74,20170824,1800,,HU,24.4N,93.6W,70,978,80,40,30,60,30,20,20,30,20,0,0,0,-999
AL092017,HARVEY,74,20170825,0000,,HU,25.0N,94.4W,80,973,90,50,40,60,30,20,20,30,20,10,10,10,-999
AL092017,HARVEY,74,20170825,0600,,HU,25.6N,95.1W,90,966,120,50,40,90,30,30,20,30,20,20,10,20,-999
AL092017,HARVEY,74,20170825,1200,,HU,26.3N,95.8W,95,949,120,90,80,100,50,40,40,30,30,20,10,20,-999
AL092017,HARVEY,74,20170825,1800,,HU,27.1N,96.3W,105,943,120,90,80,100,50,40,40,40,30,25,20,25,-999
AL092017,HARVEY,74,20170826,0000,,HU,27.8N,96.8W,115,941,120,90,80,70,60,40,40,40,35,25,20,25,-999
AL092017,HARVEY,74,20170826,0300,L,HU,28.0N,96.9W,115,937,120,90,80,70,60,40,40,40,35,25,20,25,10
AL092017,HARVEY,74,20170826,0600,L,HU,28.2N,97.1W,105,948,120,100,70,70,50,50,30,40,30,25,20,25,10
AL092017,HARVEY,74,20170826,1200,,HU,28.7N,97.3W,65,978,120,100,70,70,50,50,30,40,25,20,15,20,-999
AL092017,HARVEY,74,20170826,1800,,TS,29.0N,97.5W,50,991,75,100,30,50,40,40,20,30,0,0,0,0,-999
AL092017,HARVEY,74,20170827,0000,,TS,29.2N,97.4W,45,995,50,100,30,50,0,0,0,0,0,0,0,0,-999
AL092017,HARVEY,74,20170827,0600,,TS,29.3N,97.6W,40,998,50,100,30,50,0,0,0,0,0,0,0,0,-999
AL092017,HARVEY,74,20170827,1200,,TS,29.1N,97.5W,35,998,150,60,0,30,0,0,0,0,0,0,0,0,-999
AL092017,HARVEY,74,20170827,1800,,TS,29.0N,97.2W,35,998,120,60,30,60,0,0,0,0,0,0,0,0,-999
AL092017,HARVEY,74,20170828,0000,,TS,28.8N,96.8W,35,997,120,60,30,60,0,0,0,0,0,0,0,0,-999
AL092017,HARVEY,74,20170828,0600,,TS,28.6N,96.5W,40,997,150,150,30,60,0,0,0,0,0,0,0,0,-999
AL092017,HARVEY,74,20170828,1200,,TS,28.5N,96.2W,40,997,150,150,30,0,0,0,0,0,0,0,0,0,-999
AL092017,HARVEY,74,20170828,1800,,TS,28.4N,95.9W,40,997,150,150,60,0,0,0,0,0,0,0,0,0,-999
AL092017,HARVEY,74,20170829,0000,,TS,28.2N,95.4W,40,996,150,150,60,60,0,0,0,0,0,0,0,0,-999
AL092017,HARVEY,74,20170829,0600,,TS,28.1N,95.0W,40,996,150,150,60,60,0,0,0,0,0,0,0,0,-999
AL092017,HARVEY,74,20170829,1200,,TS,28.2N,94.6W,40,995,140,140,60,60,0,0,0,0,0,0,0,0,-999
AL092017,HARVEY,74,20170829,1800,,TS,28.5N,94.2W,45,993,100,140,60,60,0,0,0,0,0,0,0,0,-999
AL092017,HARVEY,74,20170830,0000,,TS,28.9N,93.8W,45,994,100,140,60,60,0,0,0,0,0,0,0,0,-999
AL092017,HARVEY,74,20170830,0600,,TS,29.4N,93.6W,40,990,70,70,70,70,0,0,0,0,0,0,0,0,-999
AL092017,HARVEY,74,20170830,0800,L,TS,29.8N,93.5W,40,991,60,60,70,70,0,0,0,0,0,0,0,0,-999
AL092017,HARVEY,74,20170830,1200,,TS,30.1N,93.4W,40,992,40,60,70,40,0,0,0,0,0,0,0,0,-999
AL092017,HARVEY,74,20170830,1800,,TS,30.6N,93.1W,35,996,0,60,70,0,0,0,0,0,0,0,0,0,-999
AL092017,HARVEY,74,20170831,0000,,TD,31.3N,92.6W,30,998,0,0,0,0,0,0,0,0,0,0,0,0,-999
AL092017,HARVEY,74,20170831,0600,,TD,31.9N,92.2W,25,999,0,0,0,0,0,0,0,0,0,0,0,0,-999
AL092017,HARVEY,74,20170831,1200,,TD,32.5N,91.7W,20,1001,0,0,0,0,0,0,0,0,0,0,0,0,-999
AL092017,HARVEY,74,20170831,1800,,TD,33.4N,90.9W,25,1001,0,0,0,0,0,0,0,0,0,0,0,0,-999
AL092017,HARVEY,74,20170901,0000,,TD,34.1N,89.6W,30,1000,0,0,0,0,0,0,0,0,0,0,0,0,-999
AL092017,HARVEY,74,20170901,0600,,EX,34.9N,88.2W,30,1002,0,0,0,0,0,0,0,0,0,0,0,0,-999
AL092017,HARVEY,74,20170901,1200,,EX,36.0N,87.1W,25,1002,0,0,0,0,0,0,0,0,0,0,0,0,-999
AL092017,HARVEY,74,20170901,1800,,EX,36.5N,86.4W,20,1004,0,0,0,0,0,0,0,0,0,0,0,0,-999
AL092017,HARVEY,74,20170902,0000,,EX,37.2N,85.6W,20,1007,0,0,0,0,0,0,0,0,0,0,0,0,-999
AL092017,HARVEY,74,20170902,0600,,EX,37.9N,84.9W,20,1009,0,0,0,0,0,0,0,0,0,0,0,0,-999
AL092017,HARVEY,74,20170902,1200,,EX,38.2N,84.7W,15,1013,0,0,0,0,0,0,0,0,0,0,0,0,-999
AL112017,IRMA,66,20170830,0000,,TD,16.1N,26.9W,30,1008,0,0,0,0,0,0,0,0,0,0,0,0,-999
AL112017,IRMA,66,20170830,0600,,TS,16.2N,28.3W,35,1007,30,0,0,0,0,0,0,0,0,0,0,0,-999
AL112017,IRMA,66,20170830,1200,,TS,16.3N,29.7W,45,1006,30,0,0,30,0,0,0,0,0,0,0,0,-999
AL112017,IRMA,66,20170830,1800,,TS,16.3N,30.8W,50,1004,30,30,0,30,10,0,0,0,0,0,0,0,-999
AL112017,IRMA,66,20170831,0000,,TS,16.3N,31.7W,55,999,40,40,30,40,20,20,0,0,0,0,0,0,-999
AL112017,IRMA,66,20170831,0600,,HU,16.4N,32.5W,65,994,50,40,30,50,20,20,0,0,10,0,0,0,-999
AL112017,IRMA,66,20170831,1200,,HU,16.7N,33.4W,80,983,60,50,40,60,30,20,20,30,15,10,10,10,-999
AL112017,IRMA,66,20170831,1800,,HU,17.1N,34.2W,95,970,70,50,40,60,30,20,20,30,15,10,10,10,-999
AL112017,IRMA,66,20170901,0000,,HU,17.5N,35.1W,100,967,70,60,40,60,40,30,20,30,15,10,10,10,-999
AL112017,IRMA,66,20170901,0600,,HU,17.9N,36.1W,100,967,80,60,40,60,40,30,20,30,15,10,10,10,-999
AL112017,IRMA,66,20170901,1200,,HU,18.4N,37.3W,100,967,80,60,40,60,40,30,20,30,15,10,10,10,-999
AL112017,IRMA,66,20170901,1800,,HU,18.8N,38.5W,100,967,90,60,40,60,40,30,20,30,20,15,10,15,-999
AL112017,IRMA,66,20170902,0000,,HU,19.1N,39.7W,100,967,90,60,40,60,40,30,20,30,20,15,10,15,-999
AL112017,IRMA,66,20170902,0600,,HU,19.1N,41.1W,100,967,90,60,40,60,40,30,20,30,20,15,10,15,-999
AL112017,IRMA,66,20170902,1200,,HU,18.9N,42.6W,95,973,90,60,40,60,40,30,20,30,20,15,10,15,-999
AL112017,IRMA,66,20170902,1800,,HU,18.7N,44.1W,95,973,90,60,40,70,40,30,20,30,20,15,10,15,-999
AL112017,IRMA,66,20170903,0000,,HU,18.5N,45.5W,95,973,100,60,40,80,40,30,20,30,20,15,10,15,-999
AL112017,IRMA,66,20170903,0600,,HU,18.2N,46.7W,95,973,110,60,40,90,40,30,20,30,20,10,10,15,-999
AL112017,IRMA,66,20170903,1200,,HU,17.9N,47.9W,100,969,120,70,50,90,40,40,30,40,25,20,15,20,-999
AL112017,IRMA,66,20170903,1800,,HU,17.6N,49.2W,100,965,120,80,50,100,50,40,30,40,25,20,15,25,-999
AL112017,IRMA,66,20170904,0000,,HU,17.3N,50.4W,100,959,120,80,50,100,50,40,30,40,25,20,15,25,-999
AL112017,IRMA,66,20170904,0600,,HU,17.0N,51.5W,105,952,120,80,50,100,50,40,30,50,25,20,20,25,-999
AL112017,IRMA,66,20170904,1200,,HU,16.8N,52.6W,110,945,120,90,60,100,50,40,30,50,30,25,20,30,-999
AL112017,IRMA,66,20170904,1800,,HU,16.7N,53.9W,115,944,120,100,70,110,60,50,40,50,35,30,20,30,-999
AL112017,IRMA,66,20170905,0000,,HU,16.6N,55.1W,125,943,120,100,80,110,70,60,40,60,45,35,30,35,-999
AL112017,IRMA,66,20170905,0600,,HU,16.6N,56.4W,135,933,130,100,80,120,70,60,40,60,45,40,30,35,-999
AL112017,IRMA,66,20170905,1200,,HU,16.7N,57.8W,150,929,140,110,80,130,80,60,40,70,45,40,30,40,-999
AL112017,IRMA,66,20170905,1800,,HU,16.9N,59.2W,155,926,150,110,90,140,80,60,40,70,45,40,30,45,-999
AL112017,IRMA,66,20170906,0000,,HU,17.3N,60.6W,155,915,150,110,90,150,80,60,40,70,45,40,30,45,-999
AL112017,IRMA,66,20170906,0545,L,HU,17.7N,61.8W,155,914,150,110,90,150,80,60,40,70,45,40,30,45,-999
AL112017,IRMA,66,20170906,0600,,HU,17.7N,61.9W,155,914,150,110,90,150,80,60,50,70,45,40,30,45,-999
AL112017,IRMA,66,20170906,1115,L,HU,18.1N,63.1W,155,914,150,110,90,150,80,60,50,70,45,40,30,45,-999
AL112017,IRMA,66,20170906,1200,,HU,18.1N,63.3W,155,915,160,110,90,150,90,60,50,70,45,45,30,45,-999
AL112017,IRMA,66,20170906,1630,L,HU,18.5N,64.4W,155,915,160,110,90,150,90,60,50,70,45,45,30,45,-999
AL112017,IRMA,66,20170906,1800,,HU,18.6N,64.7W,150,916,160,120,90,150,100,70,50,70,50,45,30,45,-999
AL112017,IRMA,66,20170907,0000,,HU,19.2N,66.2W,150,916,160,120,90,150,100,70,50,70,50,50,30,45,-999
AL112017,IRMA,66,20170907,0600,,HU,19.7N,67.6W,145,920,160,120,90,150,100,70,50,70,50,50,30,45,-999
AL112017,IRMA,66,20170907,1200,,HU,20.2N,69.0W,145,921,160,120,90,150,100,70,50,70,50,50,30,50,-999
AL112017,IRMA,66,20170907,1800,,HU,20.7N,70.4W,145,922,160,120,90,150,100,70,50,70,60,50,30,50,-999
AL112017,IRMA,66,20170908,0000,,HU,21.1N,71.8W,140,919,160,120,90,150,100,70,50,80,60,50,30,55,-999
AL112017,IRMA,66,20170908,0500,L,HU,21.5N,73.0W,135,924,160,120,90,150,100,80,50,80,60,50,30,55,-999
AL112017,IRMA,66,20170908,0600,,HU,21.5N,73.2W,135,925,160,120,90,150,100,80,50,80,60,50,30,55,-999
AL112017,IRMA,66,20170908,1200,,HU,21.8N,74.7W,135,927,160,120,100,150,100,90,50,80,60,50,30,55,-999
AL112017,IRMA,66,20170908,1800,,HU,22.0N,76.0W,140,925,160,120,100,150,100,90,50,80,60,60,30,60,-999
AL112017,IRMA,66,20170909,0000,,HU,22.1N,77.2W,145,924,160,130,110,160,100,90,50,80,60,60,30,60,-999
AL112017,IRMA,66,20170909,0300,L,HU,22.3N,77.9W,145,924,160,140,110,160,100,90,50,80,60,60,30,60,-999
AL112017,IRMA,66,20170909,0600,,HU,22.4N,78.3W,130,930,160,160,120,170,100,90,60,80,60,60,30,60,-999
AL112017,IRMA,66,20170909,1200,,HU,22.7N,79.3W,110,941,160,160,120,170,100,90,60,90,60,60,30,60,-999
AL112017,IRMA,66,20170909,1800,,HU,23.1N,80.2W,95,938,180,160,120,180,100,90,70,90,60,60,30,60,-999
AL112017,IRMA,66,20170910,0000,,HU,23.4N,80.9W,100,932,210,170,120,180,100,100,70,90,60,60,30,60,-999
AL112017,IRMA,66,20170910,0600,,HU,23.7N,81.3W,115,930,240,170,140,190,110,110,70,100,70,60,30,50,-999
AL112017,IRMA,66,20170910,1200,,HU,24.5N,81.5W,115,931,270,180,140,210,120,120,70,100,70,60,30,50,-999
AL112017,IRMA,66,20170910,1300,L,HU,24.7N,81.5W,115,931,270,180,140,210,120,120,80,110,70,60,30,50,10
AL112017,IRMA,66,20170910,1800,,HU,25.6N,81.7W,100,936,300,190,140,220,130,130,80,110,70,60,30,50,-999
AL112017,IRMA,66,20170910,1930,L,HU,25.9N,81.7W,100,936,330,190,140,220,130,130,80,110,70,60,30,50,15
AL112017,IRMA,66,20170911,0000,,HU,26.8N,81.7W,80,942,360,200,150,240,140,140,90,120,60,60,30,50,-999
AL112017,IRMA,66,20170911,0600,,HU,28.2N,82.2W,65,961,360,210,150,240,140,140,90,120,30,30,20,50,-999
AL112017,IRMA,66,20170911,1200,,TS,29.6N,82.7W,50,970,360,230,150,240,140,140,90,120,0,0,0,0,-999
AL112017,IRMA,66,20170911,1800,,TS,30.9N,83.5W,45,980,360,250,150,240,0,0,0,0,0,0,0,0,-999
AL112017,IRMA,66,20170912,0000,,TS,31.9N,84.4W,35,986,360,270,0,0,0,0,0,0,0,0,0,0,-999
AL112017,IRMA,66,20170912,0600,,LO,32.9N,85.6W,25,997,0,0,0,0,0,0,0,0,0,0,0,0,-999
AL112017,IRMA,66,20170912,1200,,LO,33.8N,86.9W,20,1000,0,0,0,0,0,0,0,0,0,0,0,0,-999
AL112017,IRMA,66,20170912,1800,,LO,34.8N,88.1W,15,1003,0,0,0,0,0,0,0,0,0,0,0,0,-999
AL112017,IRMA,66,20170913,0000,,LO,35.6N,88.9W,15,1004,0,0,0,0,0,0,0,0,0,0,0,0,-999
AL112017,IRMA,66,20170913,0600,,LO,36.2N,89.5W,15,1004,0,0,0,0,0,0,0,0,0,0,0,0,-999
AL112017,IRMA,66,20170913,1200,,LO,36.8N,90.1W,15,1005,0,0,0,0,0,0,0,0,0,0,0,0,-999
AL122017,JOSE,85,20170904,0600,,LO,9.3N,33.5W,20,1010,0,0,0,0,0,0,0,0,0,0,0,0,-999
AL122017,JOSE,85,20170904,1200,,LO,10.0N,34.9W,25,1010,0,0,0,0,0,0,0,0,0,0,0,0,-999
AL122017,JOSE,85,20170904,1800,,LO,10.6N,36.0W,25,1010,0,0,0,0,0,0,0,0,0,0,0,0,-999
AL122017,JOSE,85,20170905,0000,,LO,11.1N,37.0W,25,1009,0,0,0,0,0,0,0,0,0,0,0,0,-999
AL122017,JOSE,85,20170905,0600,,TD,11.6N,37.9W,30,1008,0,0,0,0,0,0,0,0,0,0,0,0,-999
AL122017,JOSE,85,20170905,1200,,TS,12.0N,38.8W,35,1008,0,40,0,0,0,0,0,0,0,0,0,0,-999
AL122017,JOSE,85,20170905,1800,,TS,12.2N,40.0W,40,1006,50,40,0,0,0,0,0,0,0,0,0,0,-999
AL122017,JOSE,85,20170906,0000,,TS,12.2N,41.3W,45,1004,50,40,0,30,0,0,0,0,0,0,0,0,-999
AL122017,JOSE,85,20170906,0600,,TS,12.5N,42.6W,50,1001,50,40,0,40,30,20,0,20,0,0,0,0,-999
AL122017,JOSE,85,20170906,1200,,TS,13.1N,43.9W,55,998,50,40,40,50,30,20,20,20,0,0,0,0,-999
AL122017,JOSE,85,20170906,1800,,HU,13.7N,45.2W,65,995,60,40,40,60,30,20,20,30,15,0,0,10,-999
AL122017,JOSE,85,20170907,0000,,HU,14.1N,46.7W,70,993,70,50,40,70,30,20,20,30,20,0,0,15,-999
AL122017,JOSE,85,20170907,0600,,HU,14.4N,48.3W,80,986,80,60,40,80,40,20,20,30,20,0,0,20,-999
AL122017,JOSE,85,20170907,1200,,HU,14.7N,49.9W,90,977,90,60,40,90,40,30,30,40,25,0,0,25,-999
AL122017,JOSE,85,20170907,1800,,HU,15.1N,51.5W,100,969,100,70,40,90,40,30,30,40,25,0,0,25,-999
AL122017,JOSE,85,20170908,0000,,HU,15.5N,53.2W,105,964,100,70,40,100,50,40,30,50,30,15,15,30,-999
AL122017,JOSE,85,20170908,0600,,HU,15.9N,54.9W,115,955,110,80,50,110,50,40,30,50,30,20,15,30,-999
AL122017,JOSE,85,20170908,1200,,HU,16.1N,56.4W,130,940,120,90,50,110,50,40,30,50,30,25,20,30,-999
AL122017,JOSE,85,20170908,1800,,HU,16.4N,57.8W,135,939,120,90,50,110,60,50,30,50,30,30,20,30,-999
AL122017,JOSE,85,20170909,0000,,HU,16.7N,58.9W,135,938,130,100,50,120,60,50,30,60,30,30,20,30,-999
AL122017,JOSE,85,20170909,0600,,HU,17.2N,59.9W,130,940,130,100,50,120,60,50,30,60,35,30,20,30,-999
AL122017,JOSE,85,20170909,1200,,HU,17.9N,60.8W,125,941,130,110,50,120,60,60,30,60,35,30,20,30,-999
AL122017,JOSE,85,20170909,1800,,HU,18.6N,61.8W,120,942,130,110,60,120,60,60,30,60,35,30,20,30,-999
AL122017,JOSE,85,20170910,0000,,HU,19.4N,62.9W,115,943,130,110,60,120,60,60,30,60,30,30,20,30,-999
AL122017,JOSE,85,20170910,0600,,HU,20.3N,64.0W,115,945,130,110,60,120,60,60,30,60,30,30,20,30,-999
AL122017,JOSE,85,20170910,1200,,HU,21.2N,65.3W,115,948,130,110,60,110,60,50,30,60,30,30,20,30,-999
AL122017,JOSE,85,20170910,1800,,HU,22.2N,66.5W,105,956,130,110,60,110,60,50,30,50,30,25,20,25,-999
AL122017,JOSE,85,20170911,0000,,HU,23.3N,67.6W,100,962,130,110,60,110,50,50,30,50,30,25,15,25,-999
AL122017,JOSE,85,20170911,0600,,HU,24.3N,68.6W,90,968,130,110,70,110,50,50,30,50,25,25,15,20,-999
AL122017,JOSE,85,20170911,1200,,HU,25.4N,69.4W,85,972,130,110,70,100,50,50,30,40,25,25,15,20,-999
AL122017,JOSE,85,20170911,1800,,HU,26.5N,69.5W,80,974,120,110,70,100,50,40,20,40,25,20,10,15,-999
AL122017,JOSE,85,20170912,0000,,HU,27.2N,69.4W,75,977,120,110,70,90,50,40,20,40,20,20,10,15,-999
AL122017,JOSE,85,20170912,0600,,HU,27.6N,69.1W,70,979,120,110,70,90,50,40,20,30,20,20,10,10,-999
AL122017,JOSE,85,20170912,1200,,HU,27.7N,68.3W,70,979,120,100,70,90,40,40,20,30,20,20,10,10,-999
AL122017,JOSE,85,20170912,1800,,HU,27.4N,67.4W,70,980,110,100,70,80,40,40,20,30,20,20,10,10,-999
AL122017,JOSE,85,20170913,0000,,HU,26.8N,66.7W,70,981,110,100,70,80,40,40,20,20,20,20,10,10,-999
AL122017,JOSE,85,20170913,0600,,HU,26.3N,66.2W,70,981,110,100,70,80,40,40,20,20,20,20,10,10,-999
AL122017,JOSE,85,20170913,1200,,HU,25.8N,65.8W,70,981,110,100,70,80,40,40,20,20,20,20,15,10,-999
AL122017,JOSE,85,20170913,1800,,HU,25.4N,65.6W,70,981,110,100,70,70,40,40,20,20,20,20,15,10,-999
AL122017,JOSE,85,20170914,0000,,HU,25.1N,65.7W,70,981,110,100,70,70,40,40,20,20,20,20,15,10,-999
AL122017,JOSE,85,20170914,0600,,HU,24.9N,65.9W,70,981,110,100,70,70,40,40,20,20,20,20,15,10,-999
AL122017,JOSE,85,20170914,1200,,HU,24.8N,66.3W,65,983,110,100,70,70,40,40,20,20,20,20,15,10,-999
AL122017,JOSE,85,20170914,1800,,HU,25.0N,66.9W,65,985,110,110,70,70,50,50,20,30,20,20,15,10,-999
AL122017,JOSE,85,20170915,0000,,TS,25.4N,67.6W,60,988,110,110,70,80,50,50,20,30,0,0,0,0,-999
AL122017,JOSE,85,20170915,0600,,TS,25.8N,68.2W,60,988,120,110,70,80,50,50,20,30,0,0,0,0,-999
AL122017,JOSE,85,20170915,1200,,TS,26.3N,69.0W,60,986,120,120,70,80,50,60,30,30,0,0,0,0,-999
AL122017,JOSE,85,20170915,1800,,HU,26.8N,69.9W,65,983,120,120,70,90,60,60,30,40,30,15,0,20,-999
AL122017,JOSE,85,20170916,0000,,HU,27.2N,70.7W,65,983,130,120,80,90,60,60,30,40,30,15,0,20,-999
AL122017,JOSE,85,20170916,0600,,HU,27.7N,71.4W,65,983,130,130,80,90,70,70,30,50,30,15,0,20,-999
AL122017,JOSE,85,20170916,1200,,HU,28.2N,71.8W,65,980,140,140,80,100,70,70,30,50,35,15,0,20,-999
AL122017,JOSE,85,20170916,1800,,HU,28.6N,72.0W,65,973,150,140,90,100,80,70,40,60,35,20,15,20,-999
AL122017,JOSE,85,20170917,0000,,HU,29.1N,72.0W,70,971,150,150,90,110,80,80,40,60,40,25,15,20,-999
AL122017,JOSE,85,20170917,0600,,HU,29.8N,72.0W,75,969,160,150,90,120,90,80,40,70,40,30,15,25,-999
AL122017,JOSE,85,20170917,1200,,HU,30.5N,71.9W,80,967,170,160,100,120,90,80,40,80,40,40,20,35,-999
AL122017,JOSE,85,20170917,1800,,HU,31.2N,71.8W,80,967,180,170,100,130,90,80,50,80,45,45,20,40,-999
AL122017,JOSE,85,20170918,0000,,HU,31.9N,71.6W,80,972,180,170,110,140,100,80,50,80,45,40,20,50,-999
AL122017,JOSE,85,20170918,0600,,HU,32.7N,71.4W,75,974,190,180,120,140,100,80,50,90,50,30,20,50,-999
AL122017,JOSE,85,20170918,1200,,HU,33.5N,71.2W,70,976,200,180,120,150,100,80,60,90,50,0,0,50,-999
AL122017,JOSE,85,20170918,1800,,HU,34.2N,71.2W,65,975,200,190,130,150,100,70,60,90,50,0,0,45,-999
AL122017,JOSE,85,20170919,0000,,HU,34.9N,71.4W,65,972,210,190,140,160,110,70,70,100,45,0,0,40,-999
AL122017,JOSE,85,20170919,0600,,HU,35.6N,71.6W,65,971,210,190,140,170,110,70,70,100,40,0,0,40,-999
AL122017,JOSE,85,20170919,1200,,TS,36.3N,71.7W,60,973,210,190,150,170,100,70,70,100,0,0,0,0,-999
AL122017,JOSE,85,20170919,1800,,TS,37.0N,71.5W,60,973,210,200,160,170,100,60,80,100,0,0,0,0,-999
AL122017,JOSE,85,20170920,0000,,TS,37.6N,71.2W,60,973,210,200,160,180,90,60,80,100,0,0,0,0,-999
AL122017,JOSE,85,20170920,0600,,TS,38.1N,70.8W,60,975,210,190,170,180,80,60,80,90,0,0,0,0,-999
AL122017,JOSE,85,20170920,1200,,TS,38.7N,70.2W,60,976,200,190,170,180,70,70,90,90,0,0,0,0,-999
AL122017,JOSE,85,20170920,1800,,TS,39.2N,69.4W,60,976,200,190,180,180,60,70,90,90,0,0,0,0,-999
AL122017,JOSE,85,20170921,0000,,TS,39.4N,68.5W,55,979,190,180,180,180,50,80,90,90,0,0,0,0,-999
AL122017,JOSE,85,20170921,0600,,TS,39.7N,68.1W,55,982,180,170,180,180,0,0,90,80,0,0,0,0,-999
AL122017,JOSE,85,20170921,1200,,TS,39.7N,68.0W,55,984,170,170,180,170,0,0,90,80,0,0,0,0,-999
AL122017,JOSE,85,20170921,1800,,TS,39.5N,68.0W,50,984,160,150,180,170,0,0,90,80,0,0,0,0,-999
AL122017,JOSE,85,20170922,0000,,TS,39.5N,68.2W,45,986,150,140,170,160,0,0,0,0,0,0,0,0,-999
AL122017,JOSE,85,20170922,0600,,TS,39.6N,68.6W,45,989,150,130,160,150,0,0,0,0,0,0,0,0,-999
AL122017,JOSE,85,20170922,1200,,TS,39.7N,69.0W,40,992,140,120,140,140,0,0,0,0,0,0,0,0,-999
AL122017,JOSE,85,20170922,1800,,LO,39.7N,69.1W,40,996,0,0,130,130,0,0,0,0,0,0,0,0,-999
AL122017,JOSE,85,20170923,0000,,LO,39.7N,69.3W,35,999,0,0,110,120,0,0,0,0,0,0,0,0,-999
AL122017,JOSE,85,20170923,0600,,LO,39.5N,69.6W,35,1002,0,0,100,110,0,0,0,0,0,0,0,0,-999
AL122017,JOSE,85,20170923,1200,,LO,39.1N,69.7W,30,1004,0,0,0,0,0,0,0,0,0,0,0,0,-999
AL122017,JOSE,85,20170923,1800,,LO,38.7N,69.1W,30,1007,0,0,0,0,0,0,0,0,0,0,0,0,-999
AL122017,JOSE,85,20170924,0000,,LO,38.7N,68.7W,25,1009,0,0,0,0,0,0,0,0,0,0,0,0,-999
AL122017,JOSE,85,20170924,0600,,LO,38.9N,68.4W,25,1010,0,0,0,0,0,0,0,0,0,0,0,0,-999
AL122017,JOSE,85,20170924,1200,,LO,38.9N,68.0W,20,1011,0,0,0,0,0,0,0,0,0,0,0,0,-999
AL122017,JOSE,85,20170924,1800,,LO,38.7N,68.2W,15,1011,0,0,0,0,0,0,0,0,0,0,0,0,-999
AL122017,JOSE,85,20170925,0000,,LO,38.7N,68.7W,15,1012,0,0,0,0,0,0,0,0,0,0,0,0,-999
AL122017,JOSE,85,20170925,0600,,LO,38.7N,69.2W,15,1013,0,0,0,0,0,0,0,0,0,0,0,0,-999
AL132017,KATIA,18,20170905,1200,,TD,22.2N,97.2W,25,1010,0,0,0,0,0,0,0,0,0,0,0,0,-999
AL132017,KATIA,18,20170905,1800,,TD,22.4N,97.0W,30,1008,0,0,0,0,0,0,0,0,0,0,0,0,-999
AL132017,KATIA,18,20170906,0000,,TD,22.4N,96.7W,30,1008,0,0,0,0,0,0,0,0,0,0,0,0,-999
AL132017,KATIA,18,20170906,0600,,TS,22.2N,96.4W,35,1006,40,40,20,20,0,0,0,0,0,0,0,0,-999
AL132017,KATIA,18,20170906,1200,,TS,22.0N,95.8W,45,1004,40,40,20,20,0,0,0,0,0,0,0,0,-999
AL132017,KATIA,18,20170906,1800,,HU,21.8N,95.2W,65,992,50,40,40,20,20,20,20,10,10,0,0,0,-999
AL132017,KATIA,18,20170907,0000,,HU,21.7N,94.9W,70,989,50,40,40,20,20,20,20,10,10,10,10,0,-999
AL132017,KATIA,18,20170907,0600,,HU,21.6N,94.6W,70,985,50,40,40,20,20,20,20,10,10,10,10,0,-999
AL132017,KATIA,18,20170907,1200,,HU,21.6N,94.6W,70,982,50,40,40,20,20,20,20,10,10,10,10,0,-999
AL132017,KATIA,18,20170907,1800,,HU,21.6N,94.6W,70,982,50,40,40,30,20,20,20,10,10,10,10,0,-999
AL132017,KATIA,18,20170908,0000,,HU,21.5N,95.0W,75,982,50,50,50,40,20,20,20,20,10,10,10,0,-999
AL132017,KATIA,18,20170908,0600,,HU,21.4N,95.3W,80,977,50,50,50,40,20,20,20,10,10,10,10,0,-999
AL132017,KATIA,18,20170908,1200,,HU,21.1N,95.7W,85,973,50,60,60,50,20,40,30,20,15,20,15,10,-999
AL132017,KATIA,18,20170908,1800,,HU,21.1N,96.2W,90,972,50,60,60,50,20,40,30,20,15,20,15,15,-999
AL132017,KATIA,18,20170909,0000,,HU,20.8N,96.9W,70,988,50,50,50,40,20,20,20,20,10,15,10,10,-999
AL132017,KATIA,18,20170909,0300,L,HU,20.6N,97.1W,65,990,50,50,50,40,20,20,20,20,10,15,10,10,-999
AL132017,KATIA,18,20170909,0600,,TS,20.3N,97.4W,35,1001,50,50,0,0,0,0,0,0,0,0,0,0,-999
AL132017,KATIA,18,20170909,1200,,TD,20.1N,97.7W,30,1004,0,0,0,0,0,0,0,0,0,0,0,0,-999
AL142017,LEE,63,20170914,1800,,TD,10.4N,23.1W,25,1011,0,0,0,0,0,0,0,0,0,0,0,0,-999
AL142017,LEE,63,20170915,0000,,TD,10.6N,24.7W,30,1010,0,0,0,0,0,0,0,0,0,0,0,0,-999
AL142017,LEE,63,20170915,0600,,TD,11.1N,26.2W,30,1008,0,0,0,0,0,0,0,0,0,0,0,0,-999
AL142017,LEE,63,20170915,1200,,TD,11.7N,27.6W,30,1008,0,0,0,0,0,0,0,0,0,0,0,0,-999
AL142017,LEE,63,20170915,1800,,TD,12.4N,29.0W,30,1009,0,0,0,0,0,0,0,0,0,0,0,0,-999
AL142017,LEE,63,20170916,0000,,TD,12.6N,30.5W,30,1009,0,0,0,0,0,0,0,0,0,0,0,0,-999
AL142017,LEE,63,20170916,0600,,TD,12.6N,31.9W,30,1008,0,0,0,0,0,0,0,0,0,0,0,0,-999
AL142017,LEE,63,20170916,1200,,TS,12.5N,33.1W,35,1007,60,60,0,60,0,0,0,0,0,0,0,0,-999
AL142017,LEE,63,20170916,1800,,TS,12.6N,33.9W,35,1007,60,60,0,60,0,0,0,0,0,0,0,0,-999
AL142017,LEE,63,20170917,0000,,TS,12.7N,34.6W,35,1007,0,40,50,0,0,0,0,0,0,0,0,0,-999
AL142017,LEE,63,20170917,0600,,TS,12.8N,35.4W,35,1007,0,40,50,0,0,0,0,0,0,0,0,0,-999
AL142017,LEE,63,20170917,1200,,TD,12.9N,36.2W,30,1008,0,0,0,0,0,0,0,0,0,0,0,0,-999
AL142017,LEE,63,20170917,1800,,TD,13.1N,37.0W,30,1008,0,0,0,0,0,0,0,0,0,0,0,0,-999
AL142017,LEE,63,20170918,0000,,TD,13.4N,37.9W,30,1008,0,0,0,0,0,0,0,0,0,0,0,0,-999
AL142017,LEE,63,20170918,0600,,TD,13.8N,39.0W,30,1008,0,0,0,0,0,0,0,0,0,0,0,0,-999
AL142017,LEE,63,20170918,1200,,TD,14.2N,40.2W,30,1008,0,0,0,0,0,0,0,0,0,0,0,0,-999
AL142017,LEE,63,20170918,1800,,TD,14.5N,41.5W,30,1008,0,0,0,0,0,0,0,0,0,0,0,0,-999
AL142017,LEE,63,20170919,0000,,TD,14.9N,42.6W,25,1009,0,0,0,0,0,0,0,0,0,0,0,0,-999
AL142017,LEE,63,20170919,0600,,TD,15.5N,43.3W,25,1009,0,0,0,0,0,0,0,0,0,0,0,0,-999
AL142017,LEE,63,20170919,1200,,TD,16.1N,43.8W,30,1008,0,0,0,0,0,0,0,0,0,0,0,0,-999
AL142017,LEE,63,20170919,1800,,TS,16.8N,44.4W,35,1007,40,0,0,0,0,0,0,0,0,0,0,0,-999
AL142017,LEE,63,20170920,0000,,TS,17.6N,45.0W,40,1006,70,70,0,0,0,0,0,0,0,0,0,0,-999
AL142017,LEE,63,20170920,0600,,TS,18.3N,45.2W,35,1007,70,0,0,0,0,0,0,0,0,0,0,0,-999
AL142017,LEE,63,20170920,1200,,DB,20.4N,44.1W,30,1009,0,0,0,0,0,0,0,0,0,0,0,0,-999
AL142017,LEE,63,20170920,1800,,DB,22.0N,43.9W,30,1011,0,0,0,0,0,0,0,0,0,0,0,0,-999
AL142017,LEE,63,20170921,0000,,DB,23.8N,43.9W,25,1015,0,0,0,0,0,0,0,0,0,0,0,0,-999
AL142017,LEE,63,20170921,0600,,DB,26.5N,45.3W,25,1016,0,0,0,0,0,0,0,0,0,0,0,0,-999
AL142017,LEE,63,20170921,1200,,DB,27.8N,46.5W,25,1016,0,0,0,0,0,0,0,0,0,0,0,0,-999
AL142017,LEE,63,20170921,1800,,DB,28.8N,47.5W,25,1016,0,0,0,0,0,0,0,0,0,0,0,0,-999
AL142017,LEE,63,20170922,0000,,DB,29.3N,48.3W,25,1016,0,0,0,0,0,0,0,0,0,0,0,0,-999
AL142017,LEE,63,20170922,0600,,DB,29.6N,48.7W,25,1016,0,0,0,0,0,0,0,0,0,0,0,0,-999
AL142017,LEE,63,20170922,1200,,TD,30.0N,48.9W,25,1014,0,0,0,0,0,0,0,0,0,0,0,0,-999
AL142017,LEE,63,20170922,1800,,TD,30.5N,49.1W,30,1012,0,0,0,0,0,0,0,0,0,0,0,0,-999
AL142017,LEE,63,20170923,0000,,TS,31.1N,49.2W,35,1010,20,20,20,20,0,0,0,0,0,0,0,0,-999
AL142017,LEE,63,20170923,0600,,TS,31.5N,49.3W,35,1009,20,20,20,20,0,0,0,0,0,0,0,0,-999
AL142017,LEE,63,20170923,1200,,TS,31.8N,49.4W,40,1006,20,20,20,20,0,0,0,0,0,0,0,0,-999
AL142017,LEE,63,20170923,1800,,TS,32.0N,49.8W,45,1003,30,30,30,30,0,0,0,0,0,0,0,0,-999
AL142017,LEE,63,20170924,0000,,TS,31.9N,50.1W,50,1000,30,30,30,30,20,20,20,20,0,0,0,0,-999
AL142017,LEE,63,20170924,0600,,HU,31.7N,50.2W,65,990,30,30,30,30,20,20,20,20,10,10,10,10,-999
AL142017,LEE,63,20170924,1200,,HU,31.5N,50.1W,75,983,30,30,30,30,20,20,20,20,10,10,10,10,-999
AL142017,LEE,63,20170924,1800,,HU,31.3N,49.8W,80,980,30,30,30,30,20,20,20,20,10,10,10,10,-999
AL142017,LEE,63,20170925,0000,,HU,31.2N,49.6W,85,976,30,30,30,30,20,20,20,20,10,10,10,10,-999
AL142017,LEE,63,20170925,0600,,HU,31.0N,49.5W,80,978,30,30,30,30,20,20,20,20,10,10,10,10,-999
AL142017,LEE,63,20170925,1200,,HU,30.8N,49.7W,80,980,30,30,30,30,20,20,20,20,10,10,10,10,-999
AL142017,LEE,63,20170925,1800,,HU,30.6N,50.2W,75,984,30,30,30,30,20,20,20,20,10,10,10,10,-999
AL142017,LEE,63,20170926,0000,,HU,30.3N,51.0W,80,982,40,40,40,40,30,30,30,30,15,15,15,15,-999
AL142017,LEE,63,20170926,0600,,HU,30.1N,52.0W,85,979,40,40,40,40,30,30,30,30,15,15,15,15,-999
AL142017,LEE,63,20170926,1200,,HU,29.9N,53.2W,90,976,40,40,40,40,30,30,30,30,15,15,15,15,-999
AL142017,LEE,63,20170926,1800,,HU,29.9N,54.2W,95,972,50,50,40,40,30,30,30,30,20,15,15,15,-999
AL142017,LEE,63,20170927,0000,,HU,29.9N,55.1W,95,970,50,50,40,40,30,30,30,30,20,15,15,15,-999
AL142017,LEE,63,20170927,0600,,HU,30.1N,56.0W,95,967,70,70,50,60,40,30,30,40,25,20,20,20,-999
AL142017,LEE,63,20170927,1200,,HU,30.3N,56.6W,100,963,80,60,60,70,50,40,40,50,30,25,25,30,-999
AL142017,LEE,63,20170927,1800,,HU,30.8N,57.0W,100,962,80,60,60,70,50,40,40,50,30,25,25,30,-999
AL142017,LEE,63,20170928,0000,,HU,31.4N,57.2W,95,965,80,60,60,70,50,40,40,50,30,25,25,30,-999
AL142017,LEE,63,20170928,0600,,HU,32.1N,57.3W,90,969,80,80,70,70,50,50,40,40,30,30,25,25,-999
AL142017,LEE,63,20170928,1200,,HU,33.0N,57.2W,85,973,80,80,70,70,50,50,40,40,30,30,25,25,-999
AL142017,LEE,63,20170928,1800,,HU,34.3N,56.6W,80,977,80,80,70,70,50,50,40,40,30,30,25,25,-999
AL142017,LEE,63,20170929,0000,,HU,35.7N,55.5W,75,981,80,100,80,60,50,70,50,30,20,30,25,10,-999
AL142017,LEE,63,20170929,0600,,HU,37.3N,53.8W,70,983,100,120,110,60,50,70,60,30,20,30,30,0,-999
AL142017,LEE,63,20170929,1200,,HU,39.0N,51.2W,65,985,100,120,110,60,50,70,60,30,0,30,30,0,-999
AL142017,LEE,63,20170929,1800,,TS,41.0N,48.2W,55,987,100,120,110,60,50,70,60,30,0,0,0,0,-999
AL142017,LEE,63,20170930,0000,,TS,43.2N,44.5W,50,990,100,120,110,60,50,70,60,0,0,0,0,0,-999
AL142017,LEE,63,20170930,0600,,LO,45.8N,38.9W,45,993,90,130,130,0,0,0,0,0,0,0,0,0,-999
AL152017,MARIA,68,20170916,1200,,TD,12.2N,49.7W,30,1006,0,0,0,0,0,0,0,0,0,0,0,0,-999
AL152017,MARIA,68,20170916,1800,,TS,12.2N,51.7W,40,1004,40,0,0,40,0,0,0,0,0,0,0,0,-999
AL152017,MARIA,68,20170917,0000,,TS,12.4N,53.1W,45,1002,40,30,0,40,0,0,0,0,0,0,0,0,-999
AL152017,MARIA,68,20170917,0600,,TS,12.8N,54.4W,55,994,50,40,0,50,20,20,0,20,0,0,0,0,-999
AL152017,MARIA,68,20170917,1200,,TS,13.3N,55.7W,60,990,60,40,30,50,30,20,0,20,0,0,0,0,-999
AL152017,MARIA,68,20170917,1800,,HU,13.6N,57.0W,65,986,70,60,40,60,30,20,0,20,15,0,0,10,-999
AL152017,MARIA,68,20170918,0000,,HU,14.0N,58.0W,75,979,90,60,40,70,30,20,20,20,15,10,10,10,-999
AL152017,MARIA,68,20170918,0600,,HU,14.3N,59.0W,80,977,90,60,40,70,30,20,20,30,15,10,10,10,-999
AL152017,MARIA,68,20170918,1200,,HU,14.5N,59.7W,100,967,110,90,70,90,30,30,30,30,15,15,15,15,-999
AL152017,MARIA,68,20170918,1800,,HU,14.9N,60.4W,110,956,110,90,80,90,30,30,30,30,20,15,15,20,-999
AL152017,MARIA,68,20170919,0000,,HU,15.3N,61.1W,145,924,110,110,80,90,40,40,30,40,25,25,20,25,-999
AL152017,MARIA,68,20170919,0115,L,HU,15.4N,61.3W,145,922,110,110,80,90,40,40,30,40,25,25,20,25,-999
AL152017,MARIA,68,20170919,0600,,HU,15.7N,61.9W,135,940,110,110,80,100,50,50,30,50,25,25,20,25,-999
AL152017,MARIA,68,20170919,1200,,HU,16.1N,62.7W,140,931,120,110,80,100,80,50,40,80,25,25,20,30,-999
AL152017,MARIA,68,20170919,1800,,HU,16.6N,63.5W,145,920,120,110,80,100,80,60,60,80,30,30,30,30,-999
AL152017,MARIA,68,20170920,0000,,HU,17.0N,64.3W,150,909,130,110,100,110,80,70,60,80,50,45,35,40,-999
AL152017,MARIA,68,20170920,0300,I,HU,17.3N,64.7W,150,908,130,110,100,110,80,70,60,80,50,45,35,40,-999
AL152017,MARIA,68,20170920,0600,,HU,17.6N,65.1W,140,913,130,110,100,110,80,70,60,80,50,45,35,40,-999
AL152017,MARIA,68,20170920,1015,L,HU,18.0N,65.9W,135,920,130,110,100,110,80,70,60,80,50,45,35,40,15
AL152017,MARIA,68,20170920,1200,,HU,18.2N,66.2W,115,935,130,110,100,110,80,70,60,80,50,45,35,40,-999
AL152017,MARIA,68,20170920,1800,,HU,18.6N,67.0W,95,959,130,110,100,110,70,70,60,70,50,45,35,40,-999
AL152017,MARIA,68,20170921,0000,,HU,19.0N,67.6W,95,958,130,110,110,110,70,70,60,70,50,30,40,40,-999
AL152017,MARIA,68,20170921,0600,,HU,19.4N,68.2W,100,959,130,110,110,110,70,70,60,70,50,30,40,40,-999
AL152017,MARIA,68,20170921,1200,,HU,19.9N,68.8W,100,959,130,110,110,110,80,80,60,80,50,50,40,50,-999
AL152017,MARIA,68,20170921,1800,,HU,20.5N,69.5W,105,960,140,130,110,110,90,80,60,80,60,50,40,50,-999
AL152017,MARIA,68,20170922,0000,,HU,20.8N,70.0W,110,953,140,120,100,120,90,80,60,80,60,50,40,50,-999
AL152017,MARIA,68,20170922,0600,,HU,21.2N,70.5W,110,959,140,120,100,130,90,80,60,80,60,50,40,50,-999
AL152017,MARIA,68,20170922,1200,,HU,21.9N,70.9W,110,958,140,120,100,130,90,80,60,90,60,40,40,40,-999
AL152017,MARIA,68,20170922,1800,,HU,22.8N,71.2W,110,959,140,130,100,120,80,60,60,70,50,40,35,30,-999
AL152017,MARIA,68,20170923,0000,,HU,23.7N,71.6W,105,953,160,130,100,120,80,60,60,70,50,40,35,30,-999
AL152017,MARIA,68,20170923,0600,,HU,24.4N,71.9W,100,952,170,170,100,120,90,90,60,70,50,40,35,30,-999
AL152017,MARIA,68,20170923,1200,,HU,25.1N,72.1W,100,952,170,170,100,150,90,90,60,70,50,40,35,40,-999
AL152017,MARIA,68,20170923,1800,,HU,25.9N,72.3W,100,952,210,200,100,150,90,80,60,80,50,40,35,45,-999
AL152017,MARIA,68,20170924,0000,,HU,26.6N,72.4W,100,945,210,200,100,150,100,80,60,80,50,40,35,45,-999
AL152017,MARIA,68,20170924,0600,,HU,27.5N,72.6W,95,942,210,200,120,160,100,80,60,80,50,40,35,45,-999
AL152017,MARIA,68,20170924,1200,,HU,28.4N,72.8W,95,947,210,200,120,160,100,80,60,80,50,40,35,45,-999
AL152017,MARIA,68,20170924,1800,,HU,29.1N,72.9W,90,943,200,200,140,160,100,100,70,90,50,40,35,45,-999
AL152017,MARIA,68,20170925,0000,,HU,29.7N,72.9W,85,947,200,200,140,160,100,100,70,90,50,40,35,45,-999
AL152017,MARIA,68,20170925,0600,,HU,30.3N,72.9W,75,954,200,200,160,170,100,100,90,90,60,60,0,0,-999
AL152017,MARIA,68,20170925,1200,,HU,30.8N,73.0W,70,961,200,200,160,160,120,120,90,90,80,80,0,0,-999
AL152017,MARIA,68,20170925,1800,,HU,31.4N,73.1W,70,966,180,180,160,160,120,120,90,90,90,90,0,0,-999
AL152017,MARIA,68,20170926,0000,,HU,32.0N,73.1W,70,966,180,180,160,160,120,120,90,90,90,90,0,0,-999
AL152017,MARIA,68,20170926,0600,,HU,32.6N,73.1W,65,970,200,210,160,160,120,120,90,90,90,90,0,0,-999
AL152017,MARIA,68,20170926,1200,,HU,33.3N,73.1W,65,970,200,210,160,160,120,120,90,90,90,90,0,0,-999
AL152017,MARIA,68,20170926,1800,,HU,33.9N,73.1W,65,975,200,200,160,160,120,120,80,100,90,90,0,90,-999
AL152017,MARIA,68,20170927,0000,,HU,34.4N,73.0W,65,975,200,200,160,160,120,120,80,100,90,90,0,90,-999
AL152017,MARIA,68,20170927,0600,,HU,34.9N,72.9W,65,976,200,200,160,150,120,120,0,100,90,0,0,90,-999
AL152017,MARIA,68,20170927,1200,,HU,35.4N,72.8W,65,977,200,200,160,150,120,120,0,100,90,0,0,90,-999
AL152017,MARIA,68,20170927,1800,,HU,36.0N,72.6W,65,979,200,200,160,150,120,120,0,100,90,0,0,90,-999
AL152017,MARIA,68,20170928,0000,,HU,36.6N,72.2W,65,979,200,200,160,150,120,120,0,100,90,0,0,90,-999
AL152017,MARIA,68,20170928,0600,,TS,36.7N,71.3W,60,982,180,210,160,150,90,90,70,80,0,0,0,0,-999
AL152017,MARIA,68,20170928,1200,,TS,36.8N,70.0W,60,982,180,210,160,150,90,90,70,80,0,0,0,0,-999
AL152017,MARIA,68,20170928,1800,,TS,36.8N,68.6W,55,985,180,210,160,150,90,90,70,80,0,0,0,0,-999
AL152017,MARIA,68,20170929,0000,,TS,36.9N,66.8W,55,985,180,200,160,150,90,90,70,80,0,0,0,0,-999
AL152017,MARIA,68,20170929,0600,,TS,37.0N,64.6W,50,987,100,210,220,180,0,90,100,0,0,0,0,0,-999
AL152017,MARIA,68,20170929,1200,,TS,37.0N,62.0W,50,988,100,210,220,180,0,90,100,0,0,0,0,0,-999
AL152017,MARIA,68,20170929,1800,,TS,37.4N,59.0W,50,988,100,220,220,180,0,100,100,0,0,0,0,0,-999
AL152017,MARIA,68,20170930,0000,,TS,38.1N,55.6W,50,988,100,220,220,180,0,100,100,0,0,0,0,0,-999
AL152017,MARIA,68,20170930,0600,,TS,39.1N,52.2W,50,988,110,200,200,180,0,100,100,0,0,0,0,0,-999
AL152017,MARIA,68,20170930,1200,,TS,40.0N,48.8W,50,988,110,200,200,180,0,100,100,0,0,0,0,0,-999
AL152017,MARIA,68,20170930,1800,,EX,41.2N,45.6W,45,991,110,200,200,150,0,0,0,0,0,0,0,0,-999
AL152017,MARIA,68,20171001,0000,,EX,42.2N,42.6W,45,994,110,200,200,150,0,0,0,0,0,0,0,0,-999
AL152017,MARIA,68,20171001,0600,,EX,43.4N,39.4W,45,996,110,200,200,150,0,0,0,0,0,0,0,0,-999
AL152017,MARIA,68,20171001,1200,,EX,44.9N,35.5W,45,999,110,200,200,150,0,0,0,0,0,0,0,0,-999
AL152017,MARIA,68,20171001,1800,,EX,46.5N,31.0W,45,1003,110,200,200,150,0,0,0,0,0,0,0,0,-999
AL152017,MARIA,68,20171002,0000,,EX,47.5N,26.5W,40,1005,0,0,200,150,0,0,0,0,0,0,0,0,-999
AL152017,MARIA,68,20171002,0600,,EX,48.0N,22.0W,40,1012,0,0,200,150,0,0,0,0,0,0,0,0,-999
AL152017,MARIA,68,20171002,1200,,EX,48.0N,17.0W,30,1016,0,0,0,0,0,0,0,0,0,0,0,0,-999
AL162017,NATE,32,20171003,1200,,LO,10.7N,80.8W,20,1008,0,0,0,0,0,0,0,0,0,0,0,0,-999
AL162017,NATE,32,20171003,1800,,LO,11.1N,81.1W,25,1007,0,0,0,0,0,0,0,0,0,0,0,0,-999
AL162017,NATE,32,20171004,0000,,LO,11.4N,81.2W,25,1007,0,0,0,0,0,0,0,0,0,0,0,0,-999
AL162017,NATE,32,20171004,0600,,LO,11.7N,81.4W,25,1006,0,0,0,0,0,0,0,0,0,0,0,0,-999
AL162017,NATE,32,20171004,1200,,TD,12.0N,81.8W,25,1005,0,0,0,0,0,0,0,0,0,0,0,0,-999
AL162017,NATE,32,20171004,1800,,TD,12.3N,82.3W,30,1005,0,0,0,0,0,0,0,0,0,0,0,0,-999
AL162017,NATE,32,20171005,0000,,TD,12.6N,82.7W,30,1004,0,0,0,0,0,0,0,0,0,0,0,0,-999
AL162017,NATE,32,20171005,0600,,TS,13.1N,83.1W,35,1001,30,0,0,0,0,0,0,0,0,0,0,0,-999
AL162017,NATE,32,20171005,1200,L,TS,13.9N,83.5W,35,999,40,40,0,0,0,0,0,0,0,0,0,0,-999
AL162017,NATE,32,20171005,1800,,TS,14.5N,84.0W,35,1000,40,0,0,0,0,0,0,0,0,0,0,0,-999
AL162017,NATE,32,20171006,0000,,TS,15.3N,84.4W,35,1000,50,0,0,0,0,0,0,0,0,0,0,0,-999
AL162017,NATE,32,20171006,0600,,TS,16.3N,84.7W,40,999,80,80,0,0,0,0,0,0,0,0,0,0,-999
AL162017,NATE,32,20171006,1200,,TS,17.9N,84.7W,40,996,100,80,0,0,0,0,0,0,0,0,0,0,-999
AL162017,NATE,32,20171006,1800,,TS,19.5N,85.2W,45,995,110,80,20,0,0,0,0,0,0,0,0,0,-999
AL162017,NATE,32,20171007,0000,,TS,21.3N,85.9W,55,990,110,80,50,0,30,40,0,0,0,0,0,0,-999
AL162017,NATE,32,20171007,0600,,HU,23.5N,86.5W,70,987,110,90,50,40,50,50,0,0,30,0,0,0,-999
AL162017,NATE,32,20171007,1200,,HU,25.7N,87.9W,80,986,110,90,50,40,60,50,0,0,30,30,0,0,-999
AL162017,NATE,32,20171007,1800,,HU,27.6N,88.9W,80,981,110,100,50,80,60,60,0,30,35,35,0,0,-999
AL162017,NATE,32,20171008,0000,L,HU,29.1N,89.2W,75,983,110,100,40,70,50,50,0,20,30,30,0,0,15
AL162017,NATE,32,20171008,0520,L,HU,30.4N,89.0W,65,984,90,100,40,70,40,50,0,0,25,30,0,0,20
AL162017,NATE,32,20171008,0600,,TS,30.5N,88.9W,60,984,60,100,0,0,20,30,0,0,0,0,0,0,-999
AL162017,NATE,32,20171008,1200,,TS,32.2N,88.0W,35,993,0,40,0,0,0,0,0,0,0,0,0,0,-999
AL162017,NATE,32,20171008,1800,,TD,34.1N,87.1W,25,996,0,0,0,0,0,0,0,0,0,0,0,0,-999
AL162017,NATE,32,20171009,0000,,LO,36.2N,85.7W,20,999,0,0,0,0,0,0,0,0,0,0,0,0,-999
AL162017,NATE,32,20171009,0600,,EX,39.1N,83.4W,20,1004,0,0,0,0,0,0,0,0,0,0,0,0,-999
AL162017,NATE,32,20171009,1200,,EX,41.5N,80.5W,25,1005,0,0,0,0,0,0,0,0,0,0,0,0,-999
AL162017,NATE,32,20171009,1800,,EX,43.1N,76.3W,25,1005,0,0,0,0,0,0,0,0,0,0,0,0,-999
AL162017,NATE,32,20171010,0000,,EX,44.2N,72.0W,25,1006,0,0,0,0,0,0,0,0,0,0,0,0,-999
AL162017,NATE,32,20171010,0600,,EX,45.6N,67.6W,25,1006,0,0,0,0,0,0,0,0,0,0,0,0,-999
AL162017,NATE,32,20171010,1200,,EX,46.1N,63.9W,25,1007,0,0,0,0,0,0,0,0,0,0,0,0,-999
AL162017,NATE,32,20171010,1800,,EX,46.5N,60.4W,25,1004,0,0,0,0,0,0,0,0,0,0,0,0,-999
AL162017,NATE,32,20171011,0000,,EX,47.5N,56.0W,25,1001,0,0,0,0,0,0,0,0,0,0,0,0,-999
AL172017,OPHELIA,47,20171006,1200,,LO,31.8N,39.5W,20,1013,0,0,0,0,0,0,0,0,0,0,0,0,-999
AL172017,OPHELIA,47,20171006,1800,,LO,32.3N,38.6W,20,1012,0,0,0,0,0,0,0,0,0,0,0,0,-999
AL172017,OPHELIA,47,20171007,0000,,LO,32.9N,37.3W,25,1011,0,0,0,0,0,0,0,0,0,0,0,0,-999
AL172017,OPHELIA,47,20171007,0600,,LO,32.7N,38.5W,30,1010,0,0,0,0,0,0,0,0,0,0,0,0,-999
AL172017,OPHELIA,47,20171007,1200,,LO,32.3N,39.5W,30,1010,0,0,0,0,0,0,0,0,0,0,0,0,-999
AL172017,OPHELIA,47,20171007,1800,,LO,31.5N,39.5W,30,1010,0,0,0,0,0,0,0,0,0,0,0,0,-999
AL172017,OPHELIA,47,20171008,0000,,LO,31.3N,39.5W,30,1010,0,0,0,0,0,0,0,0,0,0,0,0,-999
AL172017,OPHELIA,47,20171008,0600,,LO,31.0N,39.6W,35,1010,40,0,0,40,0,0,0,0,0,0,0,0,-999
AL172017,OPHELIA,47,20171008,1200,,LO,30.6N,39.7W,35,1009,40,0,0,40,0,0,0,0,0,0,0,0,-999
AL172017,OPHELIA,47,20171008,1800,,LO,30.4N,40.1W,35,1009,50,0,0,40,0,0,0,0,0,0,0,0,-999
AL172017,OPHELIA,47,20171009,0000,,LO,30.5N,40.1W,35,1008,50,0,0,40,0,0,0,0,0,0,0,0,-999
AL172017,OPHELIA,47,20171009,0600,,TS,30.9N,40.0W,35,1008,60,0,0,40,0,0,0,0,0,0,0,0,-999
AL172017,OPHELIA,47,20171009,1200,,TS,31.3N,40.0W,35,1008,60,0,0,40,0,0,0,0,0,0,0,0,-999
AL172017,OPHELIA,47,20171009,1800,,TS,31.7N,39.6W,40,1005,60,40,0,50,0,0,0,0,0,0,0,0,-999
AL172017,OPHELIA,47,20171010,0000,,TS,32.0N,39.1W,40,1005,60,50,30,60,0,0,0,0,0,0,0,0,-999
AL172017,OPHELIA,47,20171010,0600,,TS,31.9N,38.8W,45,1003,60,50,40,60,0,0,0,0,0,0,0,0,-999
AL172017,OPHELIA,47,20171010,1200,,TS,31.6N,38.5W,45,1002,60,60,60,60,0,0,0,0,0,0,0,0,-999
AL172017,OPHELIA,47,20171010,1800,,TS,31.3N,38.2W,45,1002,60,60,60,60,0,0,0,0,0,0,0,0,-999
AL172017,OPHELIA,47,20171011,0000,,TS,30.9N,37.8W,50,1000,60,60,60,60,0,0,30,30,0,0,0,0,-999
AL172017,OPHELIA,47,20171011,0600,,TS,30.4N,37.2W,55,998,60,60,60,60,0,0,30,30,0,0,0,0,-999
AL172017,OPHELIA,47,20171011,1200,,TS,30.0N,36.7W,60,994,60,60,60,60,0,30,30,30,0,0,0,0,-999
AL172017,OPHELIA,47,20171011,1800,,HU,29.8N,36.2W,65,991,60,60,60,60,30,30,30,30,0,20,20,0,-999
AL172017,OPHELIA,47,20171012,0000,,HU,29.9N,35.8W,70,986,60,60,60,60,30,30,30,30,15,20,20,15,-999
AL172017,OPHELIA,47,20171012,0600,,HU,30.2N,35.7W,75,982,60,60,60,60,30,30,30,30,20,20,20,20,-999
AL172017,OPHELIA,47,20171012,1200,,HU,30.4N,35.7W,80,975,60,60,60,60,30,30,30,30,20,20,20,20,-999
AL172017,OPHELIA,47,20171012,1800,,HU,30.5N,35.6W,85,971,70,70,70,70,30,30,30,30,20,20,20,20,-999
AL172017,OPHELIA,47,20171013,0000,,HU,30.5N,35.1W,90,967,70,70,70,70,30,30,30,30,20,20,20,20,-999
AL172017,OPHELIA,47,20171013,0600,,HU,30.9N,34.4W,90,966,70,70,70,70,30,30,30,30,20,20,20,15,-999
AL172017,OPHELIA,47,20171013,1200,,HU,31.4N,33.4W,80,974,80,80,70,70,40,40,30,30,20,20,20,15,-999
AL172017,OPHELIA,47,20171013,1800,,HU,32.0N,32.5W,80,973,80,80,80,70,40,40,30,30,20,20,20,15,-999
AL172017,OPHELIA,47,20171014,0000,,HU,32.6N,31.5W,85,970,80,80,80,70,40,40,40,30,20,20,20,15,-999
AL172017,OPHELIA,47,20171014,0600,,HU,33.4N,29.7W,95,963,80,90,90,70,40,40,40,30,20,20,20,15,-999
AL172017,OPHELIA,47,20171014,1200,,HU,34.2N,27.7W,100,959,90,100,100,80,50,50,50,30,20,30,30,15,-999
AL172017,OPHELIA,47,20171014,1800,,HU,35.3N,25.2W,100,959,90,110,110,90,50,60,60,30,30,40,40,15,-999
AL172017,OPHELIA,47,20171015,0000,,HU,36.4N,22.6W,95,959,100,130,130,100,60,70,70,40,30,40,40,20,-999
AL172017,OPHELIA,47,20171015,0600,,HU,37.9N,19.8W,90,959,110,150,150,110,60,80,80,50,30,40,40,20,-999
AL172017,OPHELIA,47,20171015,1200,,HU,39.9N,17.0W,85,959,120,180,180,140,60,90,90,50,30,50,50,30,-999
AL172017,OPHELIA,47,20171015,1800,,HU,43.1N,14.3W,80,959,130,220,220,180,60,100,100,60,30,50,50,30,-999
AL172017,OPHELIA,47,20171016,0000,,EX,47.6N,13.4W,75,958,140,240,240,210,70,120,120,70,30,60,60,30,-999
AL172017,OPHELIA,47,20171016,0600,,EX,50.0N,12.1W,70,957,150,240,240,210,70,140,120,70,30,60,60,30,-999
AL172017,OPHELIA,47,20171016,1100,L,EX,51.9N,10.4W,65,957,150,240,240,210,70,140,120,80,30,60,60,30,-999
AL172017,OPHELIA,47,20171016,1200,,EX,52.3N,10.0W,65,959,170,240,240,210,70,160,120,80,30,60,60,30,-999
AL172017,OPHELIA,47,20171016,1800,,EX,55.3N,8.3W,60,969,200,240,240,210,70,160,120,80,0,0,0,0,-999
AL172017,OPHELIA,47,20171017,0000,,EX,57.3N,6.1W,50,977,240,360,240,210,0,180,0,0,0,0,0,0,-999
AL172017,OPHELIA,47,20171017,0600,,EX,58.7N,2.9W,45,987,240,360,240,210,0,0,0,0,0,0,0,0,-999
AL172017,OPHELIA,47,20171017,1200,,EX,59.3N,1.5E,40,994,120,270,240,150,0,0,0,0,0,0,0,0,-999
AL172017,OPHELIA,47,20171017,1800,,EX,60.1N,5.3E,40,997,0,210,210,120,0,0,0,0,0,0,0,0,-999
AL182017,PHILIPPE,7,20171027,1800,,DB,17.5N,84.2W,30,1006,0,0,0,0,0,0,0,0,0,0,0,0,-999
AL182017,PHILIPPE,7,20171028,0000,,DB,18.2N,84.5W,30,1006,0,0,0,0,0,0,0,0,0,0,0,0,-999
AL182017,PHILIPPE,7,20171028,0600,,DB,19.1N,84.3W,30,1004,0,0,0,0,0,0,0,0,0,0,0,0,-999
AL182017,PHILIPPE,7,20171028,1200,,TD,20.1N,83.5W,30,1003,0,0,0,0,0,0,0,0,0,0,0,0,-999
AL182017,PHILIPPE,7,20171028,1800,,TS,21.3N,82.4W,35,1000,90,120,0,0,0,0,0,0,0,0,0,0,-999
AL182017,PHILIPPE,7,20171028,2200,L,TS,22.2N,81.6W,35,1000,90,120,0,0,0,0,0,0,0,0,0,0,-999
AL182017,PHILIPPE,7,20171029,0000,,TD,22.7N,81.2W,30,1003,0,0,0,0,0,0,0,0,0,0,0,0,-999
AL192017,RINA,21,20171104,1200,,LO,25.5N,52.3W,25,1013,0,0,0,0,0,0,0,0,0,0,0,0,-999
AL192017,RINA,21,20171104,1800,,LO,26.5N,52.1W,25,1013,0,0,0,0,0,0,0,0,0,0,0,0,-999
AL192017,RINA,21,20171105,0000,,LO,27.5N,52.0W,25,1013,0,0,0,0,0,0,0,0,0,0,0,0,-999
AL192017,RINA,21,20171105,0600,,LO,28.4N,52.0W,25,1013,0,0,0,0,0,0,0,0,0,0,0,0,-999
AL192017,RINA,21,20171105,1200,,LO,29.0N,51.9W,25,1013,0,0,0,0,0,0,0,0,0,0,0,0,-999
AL192017,RINA,21,20171105,1800,,TD,29.2N,51.7W,30,1012,0,0,0,0,0,0,0,0,0,0,0,0,-999
AL192017,RINA,21,20171106,0000,,TD,29.1N,51.2W,30,1011,0,0,0,0,0,0,0,0,0,0,0,0,-999
AL192017,RINA,21,20171106,0600,,TD,29.0N,50.7W,30,1010,0,0,0,0,0,0,0,0,0,0,0,0,-999
AL192017,RINA,21,20171106,1200,,TD,29.1N,50.4W,30,1010,0,0,0,0,0,0,0,0,0,0,0,0,-999
AL192017,RINA,21,20171106,1800,,TD,29.4N,50.2W,30,1009,0,0,0,0,0,0,0,0,0,0,0,0,-999
AL192017,RINA,21,20171107,0000,,TS,30.0N,50.0W,35,1008,60,0,0,0,0,0,0,0,0,0,0,0,-999
AL192017,RINA,21,20171107,0600,,TS,30.8N,49.9W,40,1006,80,0,0,0,0,0,0,0,0,0,0,0,-999
AL192017,RINA,21,20171107,1200,,TS,31.8N,49.5W,40,1004,90,90,0,0,0,0,0,0,0,0,0,0,-999
AL192017,RINA,21,20171107,1800,,TS,33.0N,49.1W,40,1002,110,110,0,0,0,0,0,0,0,0,0,0,-999
AL192017,RINA,21,20171108,0000,,TS,34.6N,48.7W,45,999,130,130,0,70,0,0,0,0,0,0,0,0,-999
AL192017,RINA,21,20171108,0600,,TS,36.4N,48.7W,50,996,140,140,0,80,70,70,0,0,0,0,0,0,-999
AL192017,RINA,21,20171108,1200,,TS,38.3N,48.8W,45,994,160,160,0,90,0,0,0,0,0,0,0,0,-999
AL192017,RINA,21,20171108,1800,,TS,40.1N,49.0W,45,992,180,180,0,100,0,0,0,0,0,0,0,0,-999
AL192017,RINA,21,20171109,0000,,TS,41.8N,48.8W,45,991,180,200,0,100,0,0,0,0,0,0,0,0,-999
AL192017,RINA,21,20171109,0600,,LO,43.6N,48.0W,40,993,160,210,0,120,0,0,0,0,0,0,0,0,-999
AL192017,RINA,21,20171109,1200,,LO,45.5N,47.0W,40,995,160,240,0,140,0,0,0,0,0,0,0,0,-999
AL012018,ALBERTO,26,20180525,1200,,SD,18.8N,87.1W,30,1006,0,0,0,0,0,0,0,0,0,0,0,0,-999
AL012018,ALBERTO,26,20180525,1800,,SD,18.7N,86.5W,30,1006,0,0,0,0,0,0,0,0,0,0,0,0,-999
AL012018,ALBERTO,26,20180526,0000,,SD,18.9N,85.9W,30,1006,0,0,0,0,0,0,0,0,0,0,0,0,-999
AL012018,ALBERTO,26,20180526,0600,,SD,19.6N,85.7W,30,1005,0,0,0,0,0,0,0,0,0,0,0,0,-999
AL012018,ALBERTO,26,20180526,1200,,SD,21.3N,85.6W,30,1004,0,0,0,0,0,0,0,0,0,0,0,0,-999
AL012018,ALBERTO,26,20180526,1800,,SS,22.6N,85.3W,35,1002,120,100,0,0,0,0,0,0,0,0,0,0,-999
AL012018,ALBERTO,26,20180527,0000,,SS,23.6N,84.8W,35,1000,120,100,0,0,0,0,0,0,0,0,0,0,-999
AL012018,ALBERTO,26,20180527,0600,,SS,24.9N,84.3W,35,998,120,100,0,0,0,0,0,0,0,0,0,0,-999
AL012018,ALBERTO,26,20180527,1200,,SS,26.6N,84.4W,40,995,110,90,0,60,0,0,0,0,0,0,0,0,-999
AL012018,ALBERTO,26,20180527,1800,,SS,27.6N,85.0W,45,992,100,80,40,70,0,0,0,0,0,0,0,0,-999
AL012018,ALBERTO,26,20180528,0000,,TS,28.2N,85.8W,55,991,100,70,40,80,40,40,0,0,0,0,0,0,-999
AL012018,ALBERTO,26,20180528,0600,,TS,28.6N,86.0W,55,990,90,70,50,90,40,40,0,0,0,0,0,0,-999
AL012018,ALBERTO,26,20180528,1200,,TS,29.1N,85.9W,50,991,90,70,50,80,40,40,0,0,0,0,0,0,-999
AL012018,ALBERTO,26,20180528,1800,,TS,29.8N,85.9W,45,991,80,60,40,70,0,0,0,0,0,0,0,0,-999
AL012018,ALBERTO,26,20180528,2100,L,TS,30.3N,86.0W,40,992,80,60,40,60,0,0,0,0,0,0,0,0,-999
AL012018,ALBERTO,26,20180529,0000,,TD,30.9N,86.1W,30,993,0,0,0,0,0,0,0,0,0,0,0,0,-999
AL012018,ALBERTO,26,20180529,0600,,TD,31.9N,86.6W,30,994,0,0,0,0,0,0,0,0,0,0,0,0,-999
AL012018,ALBERTO,26,20180529,1200,,TD,33.0N,87.0W,30,996,0,0,0,0,0,0,0,0,0,0,0,0,-999
AL012018,ALBERTO,26,20180529,1800,,TD,34.2N,87.3W,30,997,0,0,0,0,0,0,0,0,0,0,0,0,-999
AL012018,ALBERTO,26,20180530,0000,,TD,35.4N,87.6W,30,998,0,0,0,0,0,0,0,0,0,0,0,0,-999
AL012018,ALBERTO,26,20180530,0600,,TD,36.7N,87.9W,30,998,0,0,0,0,0,0,0,0,0,0,0,0,-999
AL012018,ALBERTO,26,20180530,1200,,TD,38.2N,87.7W,30,998,0,0,0,0,0,0,0,0,0,0,0,0,-999
AL012018,ALBERTO,26,20180530,1800,,TD,39.9N,87.0W,30,998,0,0,0,0,0,0,0,0,0,0,0,0,-999
AL012018,ALBERTO,26,20180531,0000,,TD,41.5N,86.0W,30,997,0,0,0,0,0,0,0,0,0,0,0,0,-999
AL012018,ALBERTO,26,20180531,0600,,LO,43.5N,84.6W,30,995,0,0,0,0,0,0,0,0,0,0,0,0,-999
AL012018,ALBERTO,26,20180531,1200,,LO,46.0N,83.3W,30,995,0,0,0,0,0,0,0,0,0,0,0,0,-999
AL022018,BERYL,52,20180704,1200,,TD,10.0N,34.9W,30,1008,0,0,0,0,0,0,0,0,0,0,0,0,-999
AL022018,BERYL,52,20180704,1800,,TD,10.1N,36.5W,30,1008,0,0,0,0,0,0,0,0,0,0,0,0,-999
AL022018,BERYL,52,20180705,0000,,TS,10.1N,38.0W,35,1007,0,0,0,30,0,0,0,0,0,0,0,0,-999
AL022018,BERYL,52,20180705,0600,,TS,10.1N,39.5W,35,1007,30,0,0,30,0,0,0,0,0,0,0,0,-999
AL022018,BERYL,52,20180705,1200,,TS,10.2N,40.9W,40,1005,30,0,0,30,0,0,0,0,0,0,0,0,-999
AL022018,BERYL,52,20180705,1800,,TS,10.3N,42.3W,45,1003,30,0,0,30,0,0,0,0,0,0,0,0,-999
AL022018,BERYL,52,20180706,0000,,TS,10.3N,43.4W,55,999,30,20,20,30,10,0,0,10,0,0,0,0,-999
AL022018,BERYL,52,20180706,0600,,HU,10.5N,44.6W,70,991,30,20,20,30,20,10,10,20,10,0,0,10,-999
AL022018,BERYL,52,20180706,1200,,HU,10.7N,46.0W,70,992,30,20,20,30,20,10,10,20,10,0,0,10,-999
AL022018,BERYL,52,20180706,1800,,HU,10.6N,47.3W,65,993,30,20,20,30,20,10,10,20,10,0,0,10,-999
AL022018,BERYL,52,20180707,0000,,HU,10.7N,48.3W,65,994,30,20,20,30,20,10,10,20,10,0,0,10,-999
AL022018,BERYL,52,20180707,0600,,HU,11.1N,49.3W,65,995,30,20,20,30,20,10,10,20,10,0,0,10,-999
AL022018,BERYL,52,20180707,1200,,TS,11.7N,50.4W,55,999,30,20,20,30,20,10,0,20,0,0,0,0,-999
AL022018,BERYL,52,20180707,1800,,TS,12.4N,52.0W,45,1003,40,20,0,30,0,0,0,0,0,0,0,0,-999
AL022018,BERYL,52,20180708,0000,,TS,12.9N,53.6W,45,1005,40,20,0,30,0,0,0,0,0,0,0,0,-999
AL022018,BERYL,52,20180708,0600,,TS,13.4N,55.2W,45,1006,40,20,0,30,0,0,0,0,0,0,0,0,-999
AL022018,BERYL,52,20180708,1200,,DB,14.1N,56.9W,45,1006,40,20,0,30,0,0,0,0,0,0,0,0,-999
AL022018,BERYL,52,20180708,1800,,DB,14.8N,59.2W,40,1008,40,0,0,30,0,0,0,0,0,0,0,0,-999
AL022018,BERYL,52,20180709,0000,,DB,15.5N,61.3W,35,1010,40,0,0,30,0,0,0,0,0,0,0,0,-999
AL022018,BERYL,52,20180709,0600,,DB,16.2N,63.2W,35,1011,40,0,0,30,0,0,0,0,0,0,0,0,-999
AL022018,BERYL,52,20180709,1200,,DB,16.6N,65.3W,35,1013,40,0,0,40,0,0,0,0,0,0,0,0,-999
AL022018,BERYL,52,20180709,1800,,DB,17.1N,67.1W,35,1013,40,0,0,40,0,0,0,0,0,0,0,0,-999
AL022018,BERYL,52,20180710,0000,,DB,17.6N,68.9W,35,1013,40,0,0,40,0,0,0,0,0,0,0,0,-999
AL022018,BERYL,52,20180710,0600,,DB,18.1N,70.5W,30,1013,0,0,0,0,0,0,0,0,0,0,0,0,-999
AL022018,BERYL,52,20180710,1200,,DB,19.3N,71.6W,30,1013,0,0,0,0,0,0,0,0,0,0,0,0,-999
AL022018,BERYL,52,20180710,1800,,DB,20.2N,72.4W,30,1013,0,0,0,0,0,0,0,0,0,0,0,0,-999
AL022018,BERYL,52,20180711,0000,,DB,21.3N,73.0W,25,1013,0,0,0,0,0,0,0,0,0,0,0,0,-999
AL022018,BERYL,52,20180711,0600,,DB,22.4N,73.6W,25,1013,0,0,0,0,0,0,0,0,0,0,0,0,-999
AL022018,BERYL,52,20180711,1200,,DB,23.7N,73.8W,25,1013,0,0,0,0,0,0,0,0,0,0,0,0,-999
AL022018,BERYL,52,20180711,1800,,DB,25.2N,73.8W,25,1013,0,0,0,0,0,0,0,0,0,0,0,0,-999
AL022018,BERYL,52,20180712,0000,,DB,26.7N,73.6W,25,1013,0,0,0,0,0,0,0,0,0,0,0,0,-999
AL022018,BERYL,52,20180712,0600,,DB,28.2N,73.1W,25,1013,0,0,0,0,0,0,0,0,0,0,0,0,-999
AL022018,BERYL,52,20180712,1200,,DB,29.6N,72.4W,25,1013,0,0,0,0,0,0,0,0,0,0,0,0,-999
AL022018,BERYL,52,20180712,1800,,DB,30.8N,71.6W,25,1013,0,0,0,0,0,0,0,0,0,0,0,0,-999
AL022018,BERYL,52,20180713,0000,,DB,31.9N,70.7W,25,1013,0,0,0,0,0,0,0,0,0,0,0,0,-999
AL022018,BERYL,52,20180713,0600,,DB,32.6N,70.1W,25,1013,0,0,0,0,0,0,0,0,0,0,0,0,-999
AL022018,BERYL,52,20180713,1200,,LO,33.3N,69.4W,25,1013,0,0,0,0,0,0,0,0,0,0,0,0,-999
AL022018,BERYL,52,20180713,1800,,LO,33.9N,68.6W,25,1013,0,0,0,0,0,0,0,0,0,0,0,0,-999
AL022018,BERYL,52,20180714,0000,,LO,34.5N,68.0W,25,1013,0,0,0,0,0,0,0,0,0,0,0,0,-999
AL022018,BERYL,52,20180714,0600,,LO,35.0N,67.3W,30,1013,0,0,0,0,0,0,0,0,0,0,0,0,-999
AL022018,BERYL,52,20180714,1200,,SS,35.6N,66.2W,35,1008,70,0,0,0,0,0,0,0,0,0,0,0,-999
AL022018,BERYL,52,20180714,1800,,SS,36.7N,65.5W,35,1007,70,0,0,0,0,0,0,0,0,0,0,0,-999
AL022018,BERYL,52,20180715,0000,,SS,37.8N,65.5W,35,1005,60,0,0,0,0,0,0,0,0,0,0,0,-999
AL022018,BERYL,52,20180715,0600,,SS,38.2N,65.4W,35,1006,50,50,0,0,0,0,0,0,0,0,0,0,-999
AL022018,BERYL,52,20180715,1200,,SS,38.1N,65.1W,35,1008,30,50,50,0,0,0,0,0,0,0,0,0,-999
AL022018,BERYL,52,20180715,1800,,SS,38.0N,64.3W,35,1009,30,40,30,0,0,0,0,0,0,0,0,0,-999
AL022018,BERYL,52,20180716,0000,,LO,38.3N,63.1W,35,1010,30,30,0,0,0,0,0,0,0,0,0,0,-999
AL022018,BERYL,52,20180716,0600,,LO,38.7N,61.8W,35,1011,30,30,0,0,0,0,0,0,0,0,0,0,-999
AL022018,BERYL,52,20180716,1200,,LO,39.5N,60.2W,35,1011,30,30,0,0,0,0,0,0,0,0,0,0,-999
AL022018,BERYL,52,20180716,1800,,LO,40.7N,58.5W,35,1012,30,30,0,0,0,0,0,0,0,0,0,0,-999
AL022018,BERYL,52,20180717,0000,,LO,43.0N,57.1W,30,1012,0,0,0,0,0,0,0,0,0,0,0,0,-999
AL022018,BERYL,52,20180717,0600,,LO,45.5N,55.7W,30,1012,0,0,0,0,0,0,0,0,0,0,0,0,-999
AL032018,CHRIS,50,20180705,0600,,LO,30.7N,68.5W,20,1021,0,0,0,0,0,0,0,0,0,0,0,0,-999
AL032018,CHRIS,50,20180705,1200,,LO,30.7N,69.7W,20,1021,0,0,0,0,0,0,0,0,0,0,0,0,-999
AL032018,CHRIS,50,20180705,1800,,LO,30.8N,70.7W,20,1020,0,0,0,0,0,0,0,0,0,0,0,0,-999
AL032018,CHRIS,50,20180706,0000,,LO,30.9N,71.7W,25,1019,0,0,0,0,0,0,0,0,0,0,0,0,-999
AL032018,CHRIS,50,20180706,0600,,LO,31.2N,72.6W,25,1018,0,0,0,0,0,0,0,0,0,0,0,0,-999
AL032018,CHRIS,50,20180706,1200,,TD,31.5N,73.1W,25,1016,0,0,0,0,0,0,0,0,0,0,0,0,-999
AL032018,CHRIS,50,20180706,1800,,TD,31.8N,73.6W,25,1016,0,0,0,0,0,0,0,0,0,0,0,0,-999
AL032018,CHRIS,50,20180707,0000,,TD,32.2N,74.2W,25,1015,0,0,0,0,0,0,0,0,0,0,0,0,-999
AL032018,CHRIS,50,20180707,0600,,TD,32.6N,74.6W,25,1015,0,0,0,0,0,0,0,0,0,0,0,0,-999
AL032018,CHRIS,50,20180707,1200,,TD,32.7N,74.9W,25,1015,0,0,0,0,0,0,0,0,0,0,0,0,-999
AL032018,CHRIS,50,20180707,1800,,TD,32.8N,75.2W,30,1014,0,0,0,0,0,0,0,0,0,0,0,0,-999
AL032018,CHRIS,50,20180708,0000,,TD,32.9N,75.3W,30,1012,0,0,0,0,0,0,0,0,0,0,0,0,-999
AL032018,CHRIS,50,20180708,0600,,TS,33.1N,75.4W,35,1010,0,50,0,0,0,0,0,0,0,0,0,0,-999
AL032018,CHRIS,50,20180708,1200,,TS,33.1N,75.0W,35,1008,50,50,0,0,0,0,0,0,0,0,0,0,-999
AL032018,CHRIS,50,20180708,1800,,TS,32.8N,74.8W,40,1007,50,50,0,30,0,0,0,0,0,0,0,0,-999
AL032018,CHRIS,50,20180709,0000,,TS,32.6N,74.6W,45,1005,50,60,30,40,0,0,0,0,0,0,0,0,-999
AL032018,CHRIS,50,20180709,0600,,TS,32.4N,74.5W,45,1001,60,60,40,50,0,0,0,0,0,0,0,0,-999
AL032018,CHRIS,50,20180709,1200,,TS,32.2N,74.6W,50,999,60,60,50,60,30,20,20,30,0,0,0,0,-999
AL032018,CHRIS,50,20180709,1800,,TS,32.1N,74.4W,55,996,60,60,60,60,30,30,30,30,0,0,0,0,-999
AL032018,CHRIS,50,20180710,0000,,TS,32.2N,74.3W,60,994,60,60,60,60,30,30,30,30,0,0,0,0,-999
AL032018,CHRIS,50,20180710,0600,,TS,32.4N,74.1W,60,992,60,60,60,60,30,30,30,30,0,0,0,0,-999
AL032018,CHRIS,50,20180710,1200,,HU,32.9N,73.5W,65,990,60,60,60,60,30,30,30,30,15,0,0,0,-999
AL032018,CHRIS,50,20180710,1800,,HU,33.4N,72.8W,75,983,80,80,60,60,50,50,30,30,15,15,0,0,-999
AL032018,CHRIS,50,20180711,0000,,HU,33.9N,71.9W,90,969,80,80,60,60,50,50,30,30,20,20,15,15,-999
AL032018,CHRIS,50,20180711,0600,,HU,34.6N,70.7W,90,969,80,80,60,60,50,50,30,30,20,20,15,15,-999
AL032018,CHRIS,50,20180711,1200,,HU,35.6N,69.1W,85,973,100,110,80,70,50,60,30,30,20,25,20,15,-999
AL032018,CHRIS,50,20180711,1800,,HU,37.0N,66.8W,80,976,120,140,110,80,60,70,50,30,25,30,30,0,-999
AL032018,CHRIS,50,20180712,0000,,HU,38.5N,64.3W,75,980,130,150,130,90,60,70,50,50,35,35,30,0,-999
AL032018,CHRIS,50,20180712,0600,,HU,40.9N,61.7W,65,985,150,150,130,90,60,70,50,50,35,35,30,0,-999
AL032018,CHRIS,50,20180712,1200,,TS,43.3N,59.2W,60,987,180,180,150,90,60,70,50,50,0,0,0,0,-999
AL032018,CHRIS,50,20180712,1800,,EX,45.7N,56.4W,55,989,180,180,150,90,60,70,50,50,0,0,0,0,-999
AL032018,CHRIS,50,20180713,0000,,EX,48.0N,53.4W,45,998,150,180,150,80,0,0,0,0,0,0,0,0,-999
AL032018,CHRIS,50,20180713,0600,,EX,50.0N,50.0W,45,999,150,180,150,80,0,0,0,0,0,0,0,0,-999
AL032018,CHRIS,50,20180713,1200,,EX,51.0N,45.0W,40,1000,150,180,210,80,0,0,0,0,0,0,0,0,-999
AL032018,CHRIS,50,20180713,1800,,EX,52.0N,39.0W,40,1000,0,240,300,0,0,0,0,0,0,0,0,0,-999
AL032018,CHRIS,50,20180714,0000,,EX,53.5N,33.5W,40,997,0,360,360,0,0,0,0,0,0,0,0,0,-999
AL032018,CHRIS,50,20180714,0600,,EX,56.0N,28.0W,45,993,0,360,360,0,0,0,0,0,0,0,0,0,-999
AL032018,CHRIS,50,20180714,1200,,EX,58.0N,25.0W,45,988,0,360,360,0,0,0,0,0,0,0,0,0,-999
AL032018,CHRIS,50,20180714,1800,,EX,59.5N,22.5W,45,986,0,360,360,0,0,0,0,0,0,0,0,0,-999
AL032018,CHRIS,50,20180715,0000,,EX,60.5N,21.0W,45,983,0,360,360,0,0,0,0,0,0,0,0,0,-999
AL032018,CHRIS,50,20180715,0600,,EX,60.6N,20.6W,40,985,0,300,300,0,0,0,0,0,0,0,0,0,-999
AL032018,CHRIS,50,20180715,1200,,EX,60.7N,20.3W,35,988,0,240,240,0,0,0,0,0,0,0,0,0,-999
AL032018,CHRIS,50,20180715,1800,,EX,60.9N,19.5W,30,990,0,0,0,0,0,0,0,0,0,0,0,0,-999
AL032018,CHRIS,50,20180716,0000,,EX,61.0N,18.5W,25,992,0,0,0,0,0,0,0,0,0,0,0,0,-999
AL032018,CHRIS,50,20180716,0600,,EX,61.1N,16.3W,25,994,0,0,0,0,0,0,0,0,0,0,0,0,-999
AL032018,CHRIS,50,20180716,1200,,EX,61.3N,13.7W,25,996,0,0,0,0,0,0,0,0,0,0,0,0,-999
AL032018,CHRIS,50,20180716,1800,,EX,62.1N,12.5W,25,999,0,0,0,0,0,0,0,0,0,0,0,0,-999
AL032018,CHRIS,50,20180717,0000,,EX,63.1N,12.0W,20,1002,0,0,0,0,0,0,0,0,0,0,0,0,-999
AL032018,CHRIS,50,20180717,0600,,EX,63.3N,11.8W,20,1005,0,0,0,0,0,0,0,0,0,0,0,0,-999
AL032018,CHRIS,50,20180717,1200,,EX,63.5N,11.5W,15,1007,0,0,0,0,0,0,0,0,0,0,0,0,-999
AL042018,DEBBY,32,20180802,1800,,EX,41.2N,33.7W,30,1012,0,0,0,0,0,0,0,0,0,0,0,0,-999
AL042018,DEBBY,32,20180803,0000,,EX,40.8N,35.5W,35,1011,0,0,90,90,0,0,0,0,0,0,0,0,-999
AL042018,DEBBY,32,20180803,0600,,EX,40.4N,37.2W,35,1011,0,0,90,90,0,0,0,0,0,0,0,0,-999
AL042018,DEBBY,32,20180803,1200,,EX,39.9N,38.9W,35,1011,0,0,90,90,0,0,0,0,0,0,0,0,-999
AL042018,DEBBY,32,20180803,1800,,LO,39.2N,40.5W,35,1010,0,0,90,90,0,0,0,0,0,0,0,0,-999
AL042018,DEBBY,32,20180804,0000,,LO,38.6N,42.2W,35,1010,0,0,90,90,0,0,0,0,0,0,0,0,-999
AL042018,DEBBY,32,20180804,0600,,LO,37.8N,44.0W,30,1010,0,0,0,0,0,0,0,0,0,0,0,0,-999
AL042018,DEBBY,32,20180804,1200,,LO,36.7N,45.1W,30,1010,0,0,0,0,0,0,0,0,0,0,0,0,-999
AL042018,DEBBY,32,20180804,1800,,LO,35.7N,46.0W,30,1010,0,0,0,0,0,0,0,0,0,0,0,0,-999
AL042018,DEBBY,32,20180805,0000,,LO,34.8N,47.2W,30,1010,0,0,0,0,0,0,0,0,0,0,0,0,-999
AL042018,DEBBY,32,20180805,0600,,LO,33.9N,48.4W,30,1010,0,0,0,0,0,0,0,0,0,0,0,0,-999
AL042018,DEBBY,32,20180805,1200,,LO,32.9N,49.2W,30,1010,0,0,0,0,0,0,0,0,0,0,0,0,-999
AL042018,DEBBY,32,20180805,1800,,LO,32.2N,49.8W,30,1010,0,0,0,0,0,0,0,0,0,0,0,0,-999
AL042018,DEBBY,32,20180806,0000,,LO,31.7N,50.3W,30,1010,0,0,0,0,0,0,0,0,0,0,0,0,-999
AL042018,DEBBY,32,20180806,0600,,LO,31.3N,50.0W,30,1010,0,0,0,0,0,0,0,0,0,0,0,0,-999
AL042018,DEBBY,32,20180806,1200,,LO,31.9N,49.5W,30,1010,0,0,0,0,0,0,0,0,0,0,0,0,-999
AL042018,DEBBY,32,20180806,1800,,LO,32.6N,48.9W,30,1010,0,0,0,0,0,0,0,0,0,0,0,0,-999
AL042018,DEBBY,32,20180807,0000,,LO,33.7N,47.9W,30,1009,0,0,0,0,0,0,0,0,0,0,0,0,-999
AL042018,DEBBY,32,20180807,0600,,SS,36.0N,47.6W,35,1008,140,0,0,0,0,0,0,0,0,0,0,0,-999
AL042018,DEBBY,32,20180807,1200,,SS,37.9N,48.1W,35,1008,140,0,0,0,0,0,0,0,0,0,0,0,-999
AL042018,DEBBY,32,20180807,1800,,SS,39.0N,49.0W,35,1008,120,80,0,0,0,0,0,0,0,0,0,0,-999
AL042018,DEBBY,32,20180808,0000,,TS,39.7N,49.2W,35,1006,70,70,0,0,0,0,0,0,0,0,0,0,-999
AL042018,DEBBY,32,20180808,0600,,TS,40.4N,49.0W,40,1003,40,40,30,0,0,0,0,0,0,0,0,0,-999
AL042018,DEBBY,32,20180808,1200,,TS,41.0N,48.6W,40,1003,40,40,30,0,0,0,0,0,0,0,0,0,-999
AL042018,DEBBY,32,20180808,1800,,TS,41.6N,48.1W,40,1000,40,50,0,0,0,0,0,0,0,0,0,0,-999
AL042018,DEBBY,32,20180809,0000,,TS,42.4N,47.2W,45,998,30,60,0,0,0,0,0,0,0,0,0,0,-999
AL042018,DEBBY,32,20180809,0600,,TS,43.2N,46.0W,40,1000,30,60,0,0,0,0,0,0,0,0,0,0,-999
AL042018,DEBBY,32,20180809,1200,,TS,44.0N,44.4W,40,1002,0,90,0,0,0,0,0,0,0,0,0,0,-999
AL042018,DEBBY,32,20180809,1800,,LO,45.1N,42.0W,35,1004,0,90,0,0,0,0,0,0,0,0,0,0,-999
AL042018,DEBBY,32,20180810,0000,,EX,45.9N,38.5W,35,1004,0,90,0,0,0,0,0,0,0,0,0,0,-999
AL042018,DEBBY,32,20180810,0600,,EX,46.5N,34.7W,35,1004,0,90,0,0,0,0,0,0,0,0,0,0,-999
AL042018,DEBBY,32,20180810,1200,,EX,47.0N,30.8W,30,1004,0,0,0,0,0,0,0,0,0,0,0,0,-999
AL052018,ERNESTO,18,20180815,0000,,LO,36.9N,45.5W,30,1011,0,0,0,0,0,0,0,0,0,0,0,0,-999
AL052018,ERNESTO,18,20180815,0600,,SD,37.4N,45.7W,30,1009,0,0,0,0,0,0,0,0,0,0,0,0,-999
AL052018,ERNESTO,18,20180815,1200,,SS,37.8N,45.9W,35,1008,120,140,0,0,0,0,0,0,0,0,0,0,-999
AL052018,ERNESTO,18,20180815,1800,,SS,38.5N,45.8W,35,1008,120,140,0,0,0,0,0,0,0,0,0,0,-999
AL052018,ERNESTO,18,20180816,0000,,SS,39.3N,45.4W,35,1008,120,140,0,0,0,0,0,0,0,0,0,0,-999
AL052018,ERNESTO,18,20180816,0600,,SS,40.3N,44.7W,35,1008,120,140,0,0,0,0,0,0,0,0,0,0,-999
AL052018,ERNESTO,18,20180816,1200,,SS,41.5N,43.8W,40,1007,90,140,0,0,0,0,0,0,0,0,0,0,-999
AL052018,ERNESTO,18,20180816,1800,,TS,42.4N,42.1W,40,1007,90,140,0,0,0,0,0,0,0,0,0,0,-999
AL052018,ERNESTO,18,20180817,0000,,TS,43.5N,40.2W,40,1007,90,140,0,0,0,0,0,0,0,0,0,0,-999
AL052018,ERNESTO,18,20180817,0600,,TS,44.9N,37.9W,40,1006,90,140,0,0,0,0,0,0,0,0,0,0,-999
AL052018,ERNESTO,18,20180817,1200,,TS,46.6N,35.1W,40,1005,70,140,60,0,0,0,0,0,0,0,0,0,-999
AL052018,ERNESTO,18,20180817,1800,,TS,48.3N,31.8W,40,1003,0,160,100,0,0,0,0,0,0,0,0,0,-999
AL052018,ERNESTO,18,20180818,0000,,LO,49.8N,27.7W,40,999,0,150,130,0,0,0,0,0,0,0,0,0,-999
AL052018,ERNESTO,18,20180818,0600,,EX,51.3N,22.6W,35,1002,0,150,130,0,0,0,0,0,0,0,0,0,-999
AL052018,ERNESTO,18,20180818,1200,,EX,52.3N,18.2W,35,1003,0,150,130,0,0,0,0,0,0,0,0,0,-999
AL052018,ERNESTO,18,20180818,1800,,EX,53.4N,13.8W,35,1004,0,150,130,0,0,0,0,0,0,0,0,0,-999
AL052018,ERNESTO,18,20180819,0000,,EX,54.2N,9.6W,35,1005,0,180,0,0,0,0,0,0,0,0,0,0,-999
AL052018,ERNESTO,18,20180819,0600,,EX,55.0N,4.5W,35,1007,0,180,0,0,0,0,0,0,0,0,0,0,-999
AL062018,FLORENCE,79,20180830,0600,,LO,12.8N,16.9W,20,1008,0,0,0,0,0,0,0,0,0,0,0,0,-999
AL062018,FLORENCE,79,20180830,1200,,LO,12.8N,17.9W,25,1007,0,0,0,0,0,0,0,0,0,0,0,0,-999
AL062018,FLORENCE,79,20180830,1800,,LO,12.8N,19.0W,25,1007,0,0,0,0,0,0,0,0,0,0,0,0,-999
AL062018,FLORENCE,79,20180831,0000,,LO,13.1N,20.2W,30,1006,0,0,0,0,0,0,0,0,0,0,0,0,-999
AL062018,FLORENCE,79,20180831,0600,,LO,13.4N,21.4W,30,1006,0,0,0,0,0,0,0,0,0,0,0,0,-999
AL062018,FLORENCE,79,20180831,1200,,LO,13.6N,22.6W,30,1006,0,0,0,0,0,0,0,0,0,0,0,0,-999
AL062018,FLORENCE,79,20180831,1800,,TD,13.8N,23.8W,30,1006,0,0,0,0,0,0,0,0,0,0,0,0,-999
AL062018,FLORENCE,79,20180901,0000,,TD,14.0N,24.9W,30,1006,0,0,0,0,0,0,0,0,0,0,0,0,-999
AL062018,FLORENCE,79,20180901,0600,,TS,14.3N,26.1W,35,1005,30,30,0,30,0,0,0,0,0,0,0,0,-999
AL062018,FLORENCE,79,20180901,1200,,TS,14.8N,27.2W,35,1004,30,30,0,30,0,0,0,0,0,0,0,0,-999
AL062018,FLORENCE,79,20180901,1800,,TS,15.4N,28.3W,40,1002,40,40,20,40,0,0,0,0,0,0,0,0,-999
AL062018,FLORENCE,79,20180902,0000,,TS,15.9N,29.6W,45,1000,40,40,20,40,0,0,0,0,0,0,0,0,-999
AL062018,FLORENCE,79,20180902,0600,,TS,16.4N,30.9W,50,999,40,40,20,40,20,0,0,20,0,0,0,0,-999
AL062018,FLORENCE,79,20180902,1200,,TS,16.8N,32.4W,50,998,50,40,20,50,20,0,0,20,0,0,0,0,-999
AL062018,FLORENCE,79,20180902,1800,,TS,17.1N,33.8W,50,998,50,40,20,50,20,0,0,20,0,0,0,0,-999
AL062018,FLORENCE,79,20180903,0000,,TS,17.6N,35.2W,50,997,50,40,20,50,20,0,0,20,0,0,0,0,-999
AL062018,FLORENCE,79,20180903,0600,,TS,17.9N,36.6W,50,997,50,40,20,50,20,20,0,20,0,0,0,0,-999
AL062018,FLORENCE,79,20180903,1200,,TS,18.2N,38.0W,55,996,60,50,20,60,20,20,0,20,0,0,0,0,-999
AL062018,FLORENCE,79,20180903,1800,,TS,18.4N,39.2W,60,993,60,50,30,40,20,20,0,20,0,0,0,0,-999
AL062018,FLORENCE,79,20180904,0000,,HU,18.7N,40.2W,65,990,70,60,30,70,30,20,0,30,15,0,0,15,-999
AL062018,FLORENCE,79,20180904,0600,,HU,19.1N,41.2W,65,989,70,60,40,70,30,20,20,30,15,0,0,15,-999
AL062018,FLORENCE,79,20180904,1200,,HU,19.5N,42.0W,70,986,80,60,40,80,40,30,20,40,15,10,10,15,-999
AL062018,FLORENCE,79,20180904,1800,,HU,20.0N,42.7W,75,982,80,70,50,80,40,30,20,40,15,15,10,15,-999
AL062018,FLORENCE,79,20180905,0000,,HU,20.4N,43.4W,85,975,80,70,50,80,40,30,20,40,15,15,10,15,-999
AL062018,FLORENCE,79,20180905,0600,,HU,21.1N,44.3W,95,968,90,80,50,90,40,30,20,40,15,15,10,15,-999
AL062018,FLORENCE,79,20180905,1200,,HU,21.7N,45.2W,105,960,90,80,50,90,50,30,20,50,20,15,10,20,-999
AL062018,FLORENCE,79,20180905,1800,,HU,22.4N,46.2W,115,950,90,90,50,90,50,30,20,50,20,15,10,20,-999
AL062018,FLORENCE,79,20180906,0000,,HU,23.1N,46.9W,115,950,90,90,50,90,50,30,20,50,20,15,10,20,-999
AL062018,FLORENCE,79,20180906,0600,,HU,23.8N,47.6W,105,958,90,90,50,90,50,30,20,50,20,15,10,20,-999
AL062018,FLORENCE,79,20180906,1200,,HU,24.4N,48.2W,90,970,90,90,50,90,50,30,20,40,15,15,10,15,-999
AL062018,FLORENCE,79,20180906,1800,,HU,24.8N,49.0W,75,980,90,80,40,90,50,30,20,40,15,15,0,15,-999
AL062018,FLORENCE,79,20180907,0000,,TS,25.0N,49.6W,60,990,100,70,40,90,40,30,20,40,0,0,0,0,-999
AL062018,FLORENCE,79,20180907,0600,,TS,25.0N,50.3W,55,992,100,70,40,100,40,20,0,40,0,0,0,0,-999
AL062018,FLORENCE,79,20180907,1200,,TS,24.9N,51.1W,55,993,100,70,40,100,40,20,0,40,0,0,0,0,-999
AL062018,FLORENCE,79,20180907,1800,,TS,24.8N,52.0W,55,993,100,70,40,100,30,20,0,30,0,0,0,0,-999
AL062018,FLORENCE,79,20180908,0000,,TS,24.7N,52.9W,55,993,100,70,40,100,30,20,0,30,0,0,0,0,-999
AL062018,FLORENCE,79,20180908,0600,,TS,24.6N,53.6W,55,993,100,70,40,100,30,20,0,30,0,0,0,0,-999
AL062018,FLORENCE,79,20180908,1200,,TS,24.6N,54.1W,55,992,100,70,40,100,30,20,0,30,0,0,0,0,-999
AL062018,FLORENCE,79,20180908,1800,,TS,24.6N,54.5W,60,989,100,80,40,100,30,20,10,30,0,0,0,0,-999
AL062018,FLORENCE,79,20180909,0000,,TS,24.5N,55.0W,60,989,100,80,50,100,30,20,15,30,0,0,0,0,-999
AL062018,FLORENCE,79,20180909,0600,,TS,24.4N,55.5W,60,988,100,90,50,100,30,20,15,30,0,0,0,0,-999
AL062018,FLORENCE,79,20180909,1200,,HU,24.4N,56.1W,65,984,100,90,50,100,40,30,20,40,10,0,0,0,-999
AL062018,FLORENCE,79,20180909,1800,,HU,24.4N,56.7W,70,979,110,100,50,110,40,30,20,40,15,10,10,15,-999
AL062018,FLORENCE,79,20180910,0000,,HU,24.5N,57.3W,80,973,110,100,60,110,40,30,20,40,20,15,10,20,-999
AL062018,FLORENCE,79,20180910,0600,,HU,24.7N,58.4W,90,967,110,110,60,110,40,30,20,40,20,15,10,20,-999
AL062018,FLORENCE,79,20180910,1200,,HU,24.9N,59.5W,105,954,120,110,70,120,50,40,30,50,25,20,15,25,-999
AL062018,FLORENCE,79,20180910,1800,,HU,25.2N,60.6W,120,940,120,120,80,120,60,50,40,60,30,25,20,30,-999
AL062018,FLORENCE,79,20180911,0000,,HU,25.6N,61.8W,115,944,130,130,90,130,60,60,50,60,35,30,25,35,-999
AL062018,FLORENCE,79,20180911,0600,,HU,26.0N,63.2W,115,950,130,130,90,140,60,60,50,60,35,30,25,35,-999
AL062018,FLORENCE,79,20180911,1200,,HU,26.5N,64.7W,125,947,140,130,90,120,70,60,50,70,40,35,35,40,-999
AL062018,FLORENCE,79,20180911,1800,,HU,27.2N,66.4W,130,937,150,130,100,140,80,60,50,70,50,40,40,45,-999
AL062018,FLORENCE,79,20180912,0000,,HU,27.9N,68.1W,120,943,150,130,100,140,80,60,50,70,50,45,40,45,-999
AL062018,FLORENCE,79,20180912,0600,,HU,28.7N,69.5W,115,945,150,140,110,140,80,65,60,70,60,50,40,50,-999
AL062018,FLORENCE,79,20180912,1200,,HU,29.4N,70.7W,115,945,150,140,110,130,90,80,60,70,60,60,40,50,-999
AL062018,FLORENCE,79,20180912,1800,,HU,30.4N,71.9W,110,949,170,140,110,140,90,80,60,70,60,60,40,50,-999
AL062018,FLORENCE,79,20180913,0000,,HU,31.5N,73.2W,105,955,170,140,110,140,110,80,70,80,70,60,50,60,-999
AL062018,FLORENCE,79,20180913,0600,,HU,32.4N,74.2W,100,955,170,150,110,140,100,90,70,80,70,60,50,60,-999
AL062018,FLORENCE,79,20180913,1200,,HU,33.1N,75.1W,95,954,170,150,120,140,100,90,80,80,70,60,50,60,-999
AL062018,FLORENCE,79,20180913,1800,,HU,33.6N,76.0W,90,953,170,150,120,140,100,90,80,80,70,60,50,60,-999
AL062018,FLORENCE,79,20180914,0000,,HU,34.0N,76.5W,90,952,170,150,130,100,100,80,80,70,70,60,50,50,-999
AL062018,FLORENCE,79,20180914,0600,,HU,34.2N,77.2W,85,952,170,150,130,100,100,80,80,70,70,60,60,50,-999
AL062018,FLORENCE,79,20180914,1115,L,HU,34.2N,77.8W,80,956,170,150,140,90,100,80,80,60,70,60,60,40,25
AL062018,FLORENCE,79,20180914,1200,,HU,34.1N,77.9W,80,957,170,150,140,80,100,80,80,40,60,60,60,20,-999
AL062018,FLORENCE,79,20180914,1800,,HU,34.0N,78.4W,65,969,150,130,120,70,90,70,60,30,0,30,30,0,-999
AL062018,FLORENCE,79,20180915,0000,,TS,33.9N,78.8W,60,978,150,150,100,60,70,70,50,30,0,0,0,0,-999
AL062018,FLORENCE,79,20180915,0600,,TS,33.7N,79.3W,55,986,150,150,90,50,70,70,0,0,0,0,0,0,-999
AL062018,FLORENCE,79,20180915,1200,,TS,33.6N,79.5W,55,992,150,130,80,40,60,100,0,0,0,0,0,0,-999
AL062018,FLORENCE,79,20180915,1800,,TS,33.6N,79.8W,50,997,140,130,0,0,0,110,0,0,0,0,0,0,-999
AL062018,FLORENCE,79,20180916,0000,,TS,33.6N,80.2W,45,998,130,130,0,0,0,0,0,0,0,0,0,0,-999
AL062018,FLORENCE,79,20180916,0600,,TS,33.6N,80.8W,40,999,130,130,0,0,0,0,0,0,0,0,0,0,-999
AL062018,FLORENCE,79,20180916,1200,,TS,33.6N,81.5W,35,1002,0,140,0,0,0,0,0,0,0,0,0,0,-999
AL062018,FLORENCE,79,20180916,1800,,TD,34.1N,82.1W,30,1006,0,0,0,0,0,0,0,0,0,0,0,0,-999
AL062018,FLORENCE,79,20180917,0000,,TD,35.0N,82.2W,25,1007,0,0,0,0,0,0,0,0,0,0,0,0,-999
AL062018,FLORENCE,79,20180917,0600,,TD,36.4N,82.6W,25,1008,0,0,0,0,0,0,0,0,0,0,0,0,-999
AL062018,FLORENCE,79,20180917,1200,,EX,37.8N,82.2W,25,1008,0,0,0,0,0,0,0,0,0,0,0,0,-999
AL062018,FLORENCE,79,20180917,1800,,EX,38.8N,82.0W,25,1008,0,0,0,0,0,0,0,0,0,0,0,0,-999
AL062018,FLORENCE,79,20180918,0000,,EX,39.5N,80.5W,25,1008,0,0,0,0,0,0,0,0,0,0,0,0,-999
AL062018,FLORENCE,79,20180918,0600,,EX,41.3N,76.8W,25,1007,0,0,0,0,0,0,0,0,0,0,0,0,-999
AL062018,FLORENCE,79,20180918,1200,,EX,42.2N,73.3W,25,1006,0,0,0,0,0,0,0,0,0,0,0,0,-999
AL072018,GORDON,25,20180902,1800,,DB,22.4N,77.0W,25,1012,0,0,0,0,0,0,0,0,0,0,0,0,-999
AL072018,GORDON,25,20180903,0000,,DB,23.3N,78.2W,25,1011,0,0,0,0,0,0,0,0,0,0,0,0,-999
AL072018,GORDON,25,20180903,0600,,TD,24.2N,79.4W,30,1009,0,0,0,0,0,0,0,0,0,0,0,0,-999
AL072018,GORDON,25,20180903,0900,R,TS,24.6N,80.0W,35,1008,40,40,0,0,0,0,0,0,0,0,0,0,-999
AL072018,GORDON,25,20180903,1115,L,TS,25.0N,80.5W,45,1006,40,40,0,0,0,0,0,0,0,0,0,0,-999
AL072018,GORDON,25,20180903,1200,,TS,25.1N,80.7W,45,1006,40,40,0,0,0,0,0,0,0,0,0,0,-999
AL072018,GORDON,25,20180903,1315,L,TS,25.2N,80.9W,45,1006,40,40,0,0,0,0,0,0,0,0,0,0,-999
AL072018,GORDON,25,20180903,1800,,TS,25.8N,81.9W,50,1004,40,40,20,20,10,0,0,10,0,0,0,0,-999
AL072018,GORDON,25,20180904,0000,,TS,26.6N,83.3W,55,1003,40,50,20,50,10,0,0,10,0,0,0,0,-999
AL072018,GORDON,25,20180904,0600,,TS,27.2N,84.9W,55,1002,40,50,20,50,20,0,0,10,0,0,0,0,-999
AL072018,GORDON,25,20180904,1200,,TS,28.1N,86.2W,55,1001,70,50,20,60,20,0,0,0,0,0,0,0,-999
AL072018,GORDON,25,20180904,1800,,TS,28.9N,87.2W,60,1000,70,50,20,60,20,0,0,0,0,0,0,0,-999
AL072018,GORDON,25,20180905,0000,,TS,29.8N,88.0W,60,999,70,50,20,50,20,0,0,0,0,0,0,0,-999
AL072018,GORDON,25,20180905,0315,L,TS,30.4N,88.5W,60,996,70,50,20,50,20,0,0,0,0,0,0,0,-999
AL072018,GORDON,25,20180905,0600,,TS,30.9N,88.9W,45,1002,50,50,20,50,0,0,0,0,0,0,0,0,-999
AL072018,GORDON,25,20180905,1200,,TD,31.9N,89.8W,30,1007,0,0,0,0,0,0,0,0,0,0,0,0,-999
AL072018,GORDON,25,20180905,1800,,TD,32.5N,90.4W,25,1012,0,0,0,0,0,0,0,0,0,0,0,0,-999
AL072018,GORDON,25,20180906,0000,,TD,33.0N,90.9W,20,1013,0,0,0,0,0,0,0,0,0,0,0,0,-999
AL072018,GORDON,25,20180906,0600,,TD,33.5N,91.4W,20,1014,0,0,0,0,0,0,0,0,0,0,0,0,-999
AL072018,GORDON,25,20180906,1200,,TD,33.9N,91.7W,15,1014,0,0,0,0,0,0,0,0,0,0,0,0,-999
AL072018,GORDON,25,20180906,1800,,LO,34.2N,91.9W,15,1014,0,0,0,0,0,0,0,0,0,0,0,0,-999
AL072018,GORDON,25,20180907,0000,,LO,34.4N,92.0W,15,1014,0,0,0,0,0,0,0,0,0,0,0,0,-999
AL072018,GORDON,25,20180907,0600,,LO,34.6N,92.1W,15,1014,0,0,0,0,0,0,0,0,0,0,0,0,-999
AL072018,GORDON,25,20180907,1200,,LO,35.0N,92.2W,15,1014,0,0,0,0,0,0,0,0,0,0,0,0,-999
AL072018,GORDON,25,20180907,1800,,LO,35.5N,92.3W,15,1014,0,0,0,0,0,0,0,0,0,0,0,0,-999
AL082018,HELENE,42,20180907,1200,,TD,13.4N,16.8W,30,1004,0,0,0,0,0,0,0,0,0,0,0,0,-999
AL082018,HELENE,42,20180907,1800,,TD,13.5N,17.4W,30,1003,0,0,0,0,0,0,0,0,0,0,0,0,-999
AL082018,HELENE,42,20180908,0000,,TS,13.6N,18.0W,35,1002,0,30,60,0,0,0,0,0,0,0,0,0,-999
AL082018,HELENE,42,20180908,0600,,TS,13.7N,18.9W,40,1002,0,30,50,0,0,0,0,0,0,0,0,0,-999
AL082018,HELENE,42,20180908,1200,,TS,13.5N,19.9W,45,1001,0,30,40,50,0,0,0,0,0,0,0,0,-999
AL082018,HELENE,42,20180908,1800,,TS,13.3N,21.0W,45,1000,0,30,40,50,0,0,0,0,0,0,0,0,-999
AL082018,HELENE,42,20180909,0000,,TS,13.2N,22.2W,50,999,60,60,30,60,30,30,0,0,0,0,0,0,-999
AL082018,HELENE,42,20180909,0600,,TS,13.1N,23.4W,55,998,70,60,30,60,30,30,0,30,0,0,0,0,-999
AL082018,HELENE,42,20180909,1200,,TS,13.2N,24.5W,60,996,70,60,30,60,30,30,0,30,0,0,0,0,-999
AL082018,HELENE,42,20180909,1800,,HU,13.4N,25.6W,65,992,70,60,30,60,30,30,0,30,15,0,0,0,-999
AL082018,HELENE,42,20180910,0000,,HU,13.7N,26.7W,75,984,80,60,30,70,40,30,0,40,20,15,0,20,-999
AL082018,HELENE,42,20180910,0600,,HU,14.0N,28.0W,80,980,80,60,30,70,40,30,0,40,20,15,0,20,-999
AL082018,HELENE,42,20180910,1200,,HU,14.4N,29.4W,85,977,90,70,40,80,50,40,20,50,30,20,10,30,-999
AL082018,HELENE,42,20180910,1800,,HU,14.8N,30.8W,90,973,100,70,40,80,50,40,20,50,30,20,10,30,-999
AL082018,HELENE,42,20180911,0000,,HU,15.3N,32.1W,95,969,100,70,40,80,50,40,20,50,30,20,10,30,-999
AL082018,HELENE,42,20180911,0600,,HU,15.7N,33.2W,95,968,100,80,40,80,50,40,30,50,30,20,10,30,-999
AL082018,HELENE,42,20180911,1200,,HU,16.2N,34.0W,95,967,100,90,60,80,50,40,40,60,30,20,10,30,-999
AL082018,HELENE,42,20180911,1800,,HU,16.8N,34.6W,90,970,120,100,70,90,60,50,50,50,30,20,20,30,-999
AL082018,HELENE,42,20180912,0000,,HU,17.6N,35.3W,85,973,120,110,80,100,70,60,60,70,40,30,20,40,-999
AL082018,HELENE,42,20180912,0600,,HU,18.7N,35.8W,80,976,120,110,90,120,70,60,60,70,40,30,30,40,-999
AL082018,HELENE,42,20180912,1200,,HU,19.8N,36.3W,80,976,130,110,90,120,70,60,60,70,40,30,30,40,-999
AL082018,HELENE,42,20180912,1800,,HU,20.8N,36.7W,75,979,130,100,100,120,70,60,60,70,40,30,30,40,-999
AL082018,HELENE,42,20180913,0000,,HU,21.9N,37.1W,70,982,130,100,100,120,70,60,60,70,40,30,30,40,-999
AL082018,HELENE,42,20180913,0600,,HU,22.9N,37.3W,65,985,120,100,100,120,70,60,60,70,40,30,30,40,-999
AL082018,HELENE,42,20180913,1200,,TS,24.1N,37.4W,60,988,120,100,80,120,60,50,50,60,0,0,0,0,-999
AL082018,HELENE,42,20180913,1800,,TS,25.4N,37.4W,60,988,130,100,80,110,60,50,40,40,0,0,0,0,-999
AL082018,HELENE,42,20180914,0000,,TS,27.2N,37.4W,60,989,130,100,80,110,60,50,40,40,0,0,0,0,-999
AL082018,HELENE,42,20180914,0600,,TS,29.4N,37.3W,60,989,130,100,80,100,60,50,40,40,0,0,0,0,-999
AL082018,HELENE,42,20180914,1200,,TS,31.8N,37.2W,60,988,130,100,80,100,60,50,40,40,0,0,0,0,-999
AL082018,HELENE,42,20180914,1800,,TS,33.7N,37.0W,60,987,130,110,70,110,60,50,30,40,0,0,0,0,-999
AL082018,HELENE,42,20180915,0000,,TS,35.2N,36.5W,60,986,140,120,70,120,50,50,0,0,0,0,0,0,-999
AL082018,HELENE,42,20180915,0600,,TS,36.9N,35.7W,60,986,140,140,70,120,50,50,0,0,0,0,0,0,-999
AL082018,HELENE,42,20180915,1200,,TS,38.4N,34.5W,55,987,140,160,70,120,50,50,0,0,0,0,0,0,-999
AL082018,HELENE,42,20180915,1800,,TS,39.6N,32.9W,55,989,140,160,70,120,50,50,0,0,0,0,0,0,-999
AL082018,HELENE,42,20180916,0000,,TS,40.6N,31.5W,50,992,140,160,80,120,50,50,0,0,0,0,0,0,-999
AL082018,HELENE,42,20180916,0600,,TS,41.8N,29.6W,45,993,130,180,100,120,0,0,0,0,0,0,0,0,-999
AL082018,HELENE,42,20180916,1200,,EX,43.1N,27.1W,45,993,120,200,150,120,0,0,0,0,0,0,0,0,-999
AL082018,HELENE,42,20180916,1800,,EX,44.1N,24.0W,45,993,120,200,160,120,0,0,0,0,0,0,0,0,-999
AL082018,HELENE,42,20180917,0000,,EX,45.2N,20.0W,50,992,120,200,160,120,0,0,0,0,0,0,0,0,-999
AL082018,HELENE,42,20180917,0600,,EX,46.7N,16.0W,50,992,120,200,160,120,0,80,0,0,0,0,0,0,-999
AL082018,HELENE,42,20180917,1200,,EX,48.0N,12.5W,50,992,120,200,160,120,0,80,0,0,0,0,0,0,-999
AL082018,HELENE,42,20180917,1800,,EX,49.5N,10.0W,45,995,120,200,160,120,0,0,0,0,0,0,0,0,-999
AL092018,ISAAC,31,20180907,1200,,TD,13.5N,35.0W,30,1007,0,0,0,0,0,0,0,0,0,0,0,0,-999
AL092018,ISAAC,31,20180907,1800,,TD,13.7N,34.9W,30,1007,0,0,0,0,0,0,0,0,0,0,0,0,-999
AL092018,ISAAC,31,20180908,0000,,TD,13.9N,34.9W,30,1007,0,0,0,0,0,0,0,0,0,0,0,0,-999
AL092018,ISAAC,31,20180908,0600,,TD,14.2N,35.2W,30,1007,0,0,0,0,0,0,0,0,0,0,0,0,-999
AL092018,ISAAC,31,20180908,1200,,TS,14.4N,35.8W,35,1006,0,0,0,40,0,0,0,0,0,0,0,0,-999
AL092018,ISAAC,31,20180908,1800,,TS,14.5N,36.3W,40,1005,40,0,0,40,0,0,0,0,0,0,0,0,-999
AL092018,ISAAC,31,20180909,0000,,TS,14.4N,37.0W,45,1002,40,20,20,40,0,0,0,0,0,0,0,0,-999
AL092018,ISAAC,31,20180909,0600,,TS,14.3N,37.7W,50,1001,40,20,20,40,20,0,0,20,0,0,0,0,-999
AL092018,ISAAC,31,20180909,1200,,TS,14.3N,38.7W,55,999,40,20,20,40,20,0,0,20,0,0,0,0,-999
AL092018,ISAAC,31,20180909,1800,,TS,14.4N,39.8W,60,997,40,20,20,40,20,10,0,20,0,0,0,0,-999
AL092018,ISAAC,31,20180910,0000,,HU,14.5N,41.0W,65,995,40,20,20,40,20,10,10,20,10,0,0,10,-999
AL092018,ISAAC,31,20180910,0600,,HU,14.5N,42.2W,65,995,40,20,20,40,20,10,10,20,10,0,0,10,-999
AL092018,ISAAC,31,20180910,1200,,HU,14.4N,43.5W,65,995,40,20,20,40,20,10,10,20,10,0,0,10,-999
AL092018,ISAAC,31,20180910,1800,,HU,14.4N,44.8W,65,995,40,20,20,40,20,10,10,20,10,0,0,10,-999
AL092018,ISAAC,31,20180911,0000,,TS,14.5N,46.2W,60,997,40,20,20,40,20,0,0,20,0,0,0,0,-999
AL092018,ISAAC,31,20180911,0600,,TS,14.6N,47.6W,60,997,50,20,20,50,20,0,0,20,0,0,0,0,-999
AL092018,ISAAC,31,20180911,1200,,TS,14.6N,49.1W,60,997,70,20,20,70,20,0,0,20,0,0,0,0,-999
AL092018,ISAAC,31,20180911,1800,,TS,14.6N,50.5W,60,997,90,20,20,90,20,0,0,20,0,0,0,0,-999
AL092018,ISAAC,31,20180912,0000,,TS,14.5N,51.7W,55,998,90,20,0,90,20,0,0,20,0,0,0,0,-999
AL092018,ISAAC,31,20180912,0600,,TS,14.6N,52.9W,55,999,100,40,0,100,20,0,0,20,0,0,0,0,-999
AL092018,ISAAC,31,20180912,1200,,TS,14.9N,54.2W,55,1001,120,60,0,140,40,0,0,40,0,0,0,0,-999
AL092018,ISAAC,31,20180912,1800,,TS,15.2N,55.7W,50,1003,140,60,0,140,60,0,0,50,0,0,0,0,-999
AL092018,ISAAC,31,20180913,0000,,TS,15.3N,57.2W,45,1004,140,90,0,140,0,0,0,0,0,0,0,0,-999
AL092018,ISAAC,31,20180913,0600,,TS,15.1N,58.9W,40,1004,140,110,0,140,0,0,0,0,0,0,0,0,-999
AL092018,ISAAC,31,20180913,1200,,TS,14.9N,60.7W,40,1004,140,110,0,120,0,0,0,0,0,0,0,0,-999
AL092018,ISAAC,31,20180913,1800,,TS,14.9N,62.3W,35,1004,90,0,0,90,0,0,0,0,0,0,0,0,-999
AL092018,ISAAC,31,20180914,0000,,TS,14.9N,63.6W,35,1004,70,0,0,0,0,0,0,0,0,0,0,0,-999
AL092018,ISAAC,31,20180914,0600,,TS,15.0N,64.8W,35,1004,50,0,0,0,0,0,0,0,0,0,0,0,-999
AL092018,ISAAC,31,20180914,1200,,TS,15.2N,66.2W,35,1004,50,50,0,0,0,0,0,0,0,0,0,0,-999
AL092018,ISAAC,31,20180914,1800,,TS,15.3N,67.6W,35,1004,50,50,0,0,0,0,0,0,0,0,0,0,-999
AL092018,ISAAC,31,20180915,0000,,TD,15.4N,69.0W,30,1006,0,0,0,0,0,0,0,0,0,0,0,0,-999
AL102018,JOYCE,39,20180912,0000,,EX,37.0N,39.8W,45,1012,0,0,0,120,0,0,0,0,0,0,0,0,-999
AL102018,JOYCE,39,20180912,0600,,EX,36.6N,40.7W,45,1011,150,60,60,150,0,0,0,0,0,0,0,0,-999
AL102018,JOYCE,39,20180912,1200,,SS,35.8N,41.5W,40,1010,150,60,60,150,0,0,0,0,0,0,0,0,-999
AL102018,JOYCE,39,20180912,1800,,SS,34.8N,41.9W,40,1008,0,0,0,100,0,0,0,0,0,0,0,0,-999
AL102018,JOYCE,39,20180913,0000,,SS,34.3N,42.4W,40,1006,0,0,0,100,0,0,0,0,0,0,0,0,-999
AL102018,JOYCE,39,20180913,0600,,SS,34.0N,42.9W,40,1005,0,0,0,70,0,0,0,0,0,0,0,0,-999
AL102018,JOYCE,39,20180913,1200,,SS,33.9N,43.4W,35,1004,0,0,0,70,0,0,0,0,0,0,0,0,-999
AL102018,JOYCE,39,20180913,1800,,SS,33.6N,43.9W,35,1003,0,0,0,60,0,0,0,0,0,0,0,0,-999
AL102018,JOYCE,39,20180914,0000,,TS,33.1N,44.4W,35,1002,0,30,0,0,0,0,0,0,0,0,0,0,-999
AL102018,JOYCE,39,20180914,0600,,TS,32.5N,44.8W,35,1001,0,30,0,0,0,0,0,0,0,0,0,0,-999
AL102018,JOYCE,39,20180914,1200,,TS,31.8N,44.9W,35,1000,0,30,0,0,0,0,0,0,0,0,0,0,-999
AL102018,JOYCE,39,20180914,1800,,TS,31.5N,44.5W,40,997,30,30,0,0,0,0,0,0,0,0,0,0,-999
AL102018,JOYCE,39,20180915,0000,,TS,31.4N,43.9W,45,995,30,30,0,0,0,0,0,0,0,0,0,0,-999
AL102018,JOYCE,39,20180915,0600,,TS,31.5N,42.8W,45,995,40,40,0,0,0,0,0,0,0,0,0,0,-999
AL102018,JOYCE,39,20180915,1200,,TS,31.9N,41.6W,40,1001,40,40,0,0,0,0,0,0,0,0,0,0,-999
AL102018,JOYCE,39,20180915,1800,,TS,32.5N,40.3W,40,1003,40,40,0,0,0,0,0,0,0,0,0,0,-999
AL102018,JOYCE,39,20180916,0000,,TS,33.2N,38.8W,35,1005,40,40,0,0,0,0,0,0,0,0,0,0,-999
AL102018,JOYCE,39,20180916,0600,,TS,33.8N,37.1W,35,1006,40,40,0,0,0,0,0,0,0,0,0,0,-999
AL102018,JOYCE,39,20180916,1200,,TD,34.3N,35.2W,30,1006,0,0,0,0,0,0,0,0,0,0,0,0,-999
AL102018,JOYCE,39,20180916,1800,,TD,34.4N,33.2W,30,1006,0,0,0,0,0,0,0,0,0,0,0,0,-999
AL102018,JOYCE,39,20180917,0000,,TD,34.3N,31.4W,30,1006,0,0,0,0,0,0,0,0,0,0,0,0,-999
AL102018,JOYCE,39,20180917,0600,,TD,34.2N,30.1W,30,1006,0,0,0,0,0,0,0,0,0,0,0,0,-999
AL102018,JOYCE,39,20180917,1200,,TD,34.1N,28.9W,30,1006,0,0,0,0,0,0,0,0,0,0,0,0,-999
AL102018,JOYCE,39,20180917,1800,,TD,33.9N,28.0W,30,1006,0,0,0,0,0,0,0,0,0,0,0,0,-999
AL102018,JOYCE,39,20180918,0000,,TD,33.5N,27.5W,30,1006,0,0,0,0,0,0,0,0,0,0,0,0,-999
AL102018,JOYCE,39,20180918,0600,,TD,32.8N,27.3W,30,1006,0,0,0,0,0,0,0,0,0,0,0,0,-999
AL102018,JOYCE,39,20180918,1200,,TD,32.0N,27.3W,30,1007,0,0,0,0,0,0,0,0,0,0,0,0,-999
AL102018,JOYCE,39,20180918,1800,,TD,31.1N,27.5W,25,1008,0,0,0,0,0,0,0,0,0,0,0,0,-999
AL102018,JOYCE,39,20180919,0000,,LO,30.4N,27.9W,25,1009,0,0,0,0,0,0,0,0,0,0,0,0,-999
AL102018,JOYCE,39,20180919,0600,,LO,30.0N,28.5W,20,1010,0,0,0,0,0,0,0,0,0,0,0,0,-999
AL102018,JOYCE,39,20180919,1200,,LO,29.9N,29.2W,20,1011,0,0,0,0,0,0,0,0,0,0,0,0,-999
AL102018,JOYCE,39,20180919,1800,,LO,29.9N,29.9W,20,1012,0,0,0,0,0,0,0,0,0,0,0,0,-999
AL102018,JOYCE,39,20180920,0000,,LO,29.8N,30.6W,20,1013,0,0,0,0,0,0,0,0,0,0,0,0,-999
AL102018,JOYCE,39,20180920,0600,,LO,29.6N,31.4W,20,1014,0,0,0,0,0,0,0,0,0,0,0,0,-999
AL102018,JOYCE,39,20180920,1200,,LO,29.5N,32.3W,20,1014,0,0,0,0,0,0,0,0,0,0,0,0,-999
AL102018,JOYCE,39,20180920,1800,,LO,29.6N,33.2W,20,1014,0,0,0,0,0,0,0,0,0,0,0,0,-999
AL102018,JOYCE,39,20180921,0000,,LO,29.7N,34.0W,20,1014,0,0,0,0,0,0,0,0,0,0,0,0,-999
AL102018,JOYCE,39,20180921,0600,,LO,30.1N,34.7W,20,1014,0,0,0,0,0,0,0,0,0,0,0,0,-999
AL102018,JOYCE,39,20180921,1200,,LO,30.8N,35.0W,20,1014,0,0,0,0,0,0,0,0,0,0,0,0,-999
AL112018,ELEVEN,5,20180921,1800,,TD,12.9N,52.5W,30,1008,0,0,0,0,0,0,0,0,0,0,0,0,-999
AL112018,ELEVEN,5,20180922,0000,,TD,13.0N,53.2W,30,1007,0,0,0,0,0,0,0,0,0,0,0,0,-999
AL112018,ELEVEN,5,20180922,0600,,TD,13.0N,53.4W,30,1007,0,0,0,0,0,0,0,0,0,0,0,0,-999
AL112018,ELEVEN,5,20180922,1200,,TD,13.2N,53.7W,25,1008,0,0,0,0,0,0,0,0,0,0,0,0,-999
AL112018,ELEVEN,5,20180922,1800,,TD,13.4N,53.9W,25,1008,0,0,0,0,0,0,0,0,0,0,0,0,-999
AL122018,KIRK,28,20180922,0600,,TD,7.7N,21.8W,30,1007,0,0,0,0,0,0,0,0,0,0,0,0,-999
AL122018,KIRK,28,20180922,1200,,TS,8.1N,22.9W,35,1005,20,0,0,20,0,0,0,0,0,0,0,0,-999
AL122018,KIRK,28,20180922,1800,,TS,8.5N,24.1W,35,1005,30,0,0,20,0,0,0,0,0,0,0,0,-999
AL122018,KIRK,28,20180923,0000,,TS,8.9N,25.7W,35,1005,30,0,0,0,0,0,0,0,0,0,0,0,-999
AL122018,KIRK,28,20180923,0600,,TS,9.1N,27.3W,35,1005,40,0,0,0,0,0,0,0,0,0,0,0,-999
AL122018,KIRK,28,20180923,1200,,WV,9.2N,29.3W,35,1005,60,0,0,0,0,0,0,0,0,0,0,0,-999
AL122018,KIRK,28,20180923,1800,,WV,9.3N,31.7W,30,1006,0,0,0,0,0,0,0,0,0,0,0,0,-999
AL122018,KIRK,28,20180924,0000,,WV,9.4N,34.1W,25,1007,0,0,0,0,0,0,0,0,0,0,0,0,-999
AL122018,KIRK,28,20180924,0600,,WV,9.6N,36.4W,30,1007,0,0,0,0,0,0,0,0,0,0,0,0,-999
AL122018,KIRK,28,20180924,1200,,WV,9.8N,38.5W,35,1007,80,0,0,80,0,0,0,0,0,0,0,0,-999
AL122018,KIRK,28,20180924,1800,,WV,10.0N,40.6W,35,1007,120,0,0,120,0,0,0,0,0,0,0,0,-999
AL122018,KIRK,28,20180925,0000,,WV,10.3N,42.7W,35,1007,140,0,0,60,0,0,0,0,0,0,0,0,-999
AL122018,KIRK,28,20180925,0600,,WV,10.7N,44.8W,35,1007,140,0,0,0,0,0,0,0,0,0,0,0,-999
AL122018,KIRK,28,20180925,1200,,WV,11.0N,46.8W,35,1007,140,0,0,0,0,0,0,0,0,0,0,0,-999
AL122018,KIRK,28,20180925,1800,,WV,11.3N,48.6W,40,1006,140,0,0,0,0,0,0,0,0,0,0,0,-999
AL122018,KIRK,28,20180926,0000,,TS,11.5N,50.3W,45,1005,120,90,0,40,0,0,0,0,0,0,0,0,-999
AL122018,KIRK,28,20180926,0600,,TS,11.8N,52.0W,50,1004,100,90,0,40,30,0,0,0,0,0,0,0,-999
AL122018,KIRK,28,20180926,1200,,TS,12.1N,53.6W,55,1002,100,90,0,60,30,0,0,0,0,0,0,0,-999
AL122018,KIRK,28,20180926,1800,,TS,12.5N,55.0W,55,998,100,100,0,70,40,0,0,0,0,0,0,0,-999
AL122018,KIRK,28,20180927,0000,,TS,12.9N,56.4W,50,1002,110,110,0,80,40,0,0,0,0,0,0,0,-999
AL122018,KIRK,28,20180927,0600,,TS,13.3N,57.7W,50,1002,120,110,0,70,40,0,0,0,0,0,0,0,-999
AL122018,KIRK,28,20180927,1200,,TS,13.6N,58.7W,50,998,120,110,0,60,40,0,0,0,0,0,0,0,-999
AL122018,KIRK,28,20180927,1800,,TS,14.0N,59.8W,50,1000,120,110,0,60,40,0,0,0,0,0,0,0,-999
AL122018,KIRK,28,20180928,0000,,TS,13.8N,60.8W,45,1002,130,130,0,60,0,0,0,0,0,0,0,0,-999
AL122018,KIRK,28,20180928,0030,L,TS,13.8N,60.9W,45,1002,130,130,0,60,0,0,0,0,0,0,0,0,-999
AL122018,KIRK,28,20180928,0600,,TS,13.3N,61.9W,45,1005,100,100,0,60,0,0,0,0,0,0,0,0,-999
AL122018,KIRK,28,20180928,1200,,TS,13.6N,63.1W,40,1007,90,90,0,0,0,0,0,0,0,0,0,0,-999
AL122018,KIRK,28,20180928,1800,,TS,14.4N,64.2W,35,1007,90,90,0,0,0,0,0,0,0,0,0,0,-999
AL132018,LESLIE,89,20180922,0000,,EX,35.0N,45.0W,25,1008,0,0,0,0,0,0,0,0,0,0,0,0,-999
AL132018,LESLIE,89,20180922,0600,,EX,34.4N,44.2W,30,1005,0,0,0,0,0,0,0,0,0,0,0,0,-999
AL132018,LESLIE,89,20180922,1200,,EX,33.7N,44.2W,35,1003,120,120,0,0,0,0,0,0,0,0,0,0,-999
AL132018,LESLIE,89,20180922,1800,,EX,33.3N,44.6W,35,1003,120,120,0,0,0,0,0,0,0,0,0,0,-999
AL132018,LESLIE,89,20180923,0000,,EX,33.2N,45.2W,35,1003,120,120,0,200,0,0,0,0,0,0,0,0,-999
AL132018,LESLIE,89,20180923,0600,,EX,33.0N,45.9W,35,1002,0,0,0,200,0,0,0,0,0,0,0,0,-999
AL132018,LESLIE,89,20180923,1200,,SS,33.2N,46.5W,35,1002,0,0,0,200,0,0,0,0,0,0,0,0,-999
AL132018,LESLIE,89,20180923,1800,,SS,33.5N,47.0W,35,1002,0,0,0,200,0,0,0,0,0,0,0,0,-999
AL132018,LESLIE,89,20180924,0000,,SS,33.5N,47.8W,35,1004,0,0,0,180,0,0,0,0,0,0,0,0,-999
AL132018,LESLIE,89,20180924,0600,,SS,32.9N,48.5W,35,1004,0,0,0,180,0,0,0,0,0,0,0,0,-999
AL132018,LESLIE,89,20180924,1200,,SS,32.8N,47.9W,35,1004,0,0,0,180,0,0,0,0,0,0,0,0,-999
AL132018,LESLIE,89,20180924,1800,,SS,33.0N,47.6W,35,1004,0,0,0,180,0,0,0,0,0,0,0,0,-999
AL132018,LESLIE,89,20180925,0000,,SD,32.7N,47.2W,30,1005,0,0,0,0,0,0,0,0,0,0,0,0,-999
AL132018,LESLIE,89,20180925,0600,,SD,32.1N,46.7W,30,1005,0,0,0,0,0,0,0,0,0,0,0,0,-999
AL132018,LESLIE,89,20180925,1200,,EX,31.7N,45.2W,30,1005,0,0,0,0,0,0,0,0,0,0,0,0,-999
AL132018,LESLIE,89,20180925,1800,,EX,32.9N,44.3W,40,1000,60,100,130,150,0,0,0,0,0,0,0,0,-999
AL132018,LESLIE,89,20180926,0000,,EX,32.6N,42.6W,50,998,60,100,130,150,0,0,40,40,0,0,0,0,-999
AL132018,LESLIE,89,20180926,0600,,EX,32.3N,40.3W,55,992,100,140,180,250,0,0,40,40,0,0,0,0,-999
AL132018,LESLIE,89,20180926,1200,,EX,33.8N,38.5W,55,987,100,180,240,360,0,0,40,40,0,0,0,0,-999
AL132018,LESLIE,89,20180926,1800,,EX,36.1N,38.6W,60,978,150,180,240,360,40,40,80,80,0,0,0,0,-999
AL132018,LESLIE,89,20180927,0000,,EX,37.3N,40.4W,65,970,300,210,240,400,90,90,150,180,0,50,0,170,-999
AL132018,LESLIE,89,20180927,0600,,EX,37.1N,41.6W,65,970,300,210,240,400,90,90,210,270,0,50,0,180,-999
AL132018,LESLIE,89,20180927,1200,,EX,37.0N,42.5W,65,970,300,210,240,400,90,90,210,270,0,50,0,180,-999
AL132018,LESLIE,89,20180927,1800,,EX,37.0N,43.4W,60,978,300,240,240,450,140,150,100,150,0,0,0,0,-999
AL132018,LESLIE,89,20180928,0000,,EX,36.9N,44.5W,50,983,360,360,360,450,120,80,50,80,0,0,0,0,-999
AL132018,LESLIE,89,20180928,0600,,EX,36.6N,45.3W,50,983,360,360,360,450,120,0,0,0,0,0,0,0,-999
AL132018,LESLIE,89,20180928,1200,,SS,36.4N,46.4W,45,986,300,250,250,350,0,0,0,0,0,0,0,0,-999
AL132018,LESLIE,89,20180928,1800,,SS,36.3N,47.4W,45,986,220,180,180,240,0,0,0,0,0,0,0,0,-999
AL132018,LESLIE,89,20180929,0000,,SS,35.9N,48.9W,40,991,220,150,150,200,0,0,0,0,0,0,0,0,-999
AL132018,LESLIE,89,20180929,0600,,SS,35.4N,50.0W,40,991,220,150,150,200,0,0,0,0,0,0,0,0,-999
AL132018,LESLIE,89,20180929,1200,,SS,34.7N,50.6W,40,991,220,150,150,200,0,0,0,0,0,0,0,0,-999
AL132018,LESLIE,89,20180929,1800,,TS,34.3N,51.3W,45,991,200,150,100,180,0,0,0,0,0,0,0,0,-999
AL132018,LESLIE,89,20180930,0000,,TS,34.0N,51.7W,45,991,200,150,100,180,0,0,0,0,0,0,0,0,-999
AL132018,LESLIE,89,20180930,0600,,TS,33.8N,52.2W,45,991,180,150,100,180,0,0,0,0,0,0,0,0,-999
AL132018,LESLIE,89,20180930,1200,,TS,33.7N,52.6W,45,991,180,130,100,120,0,0,0,0,0,0,0,0,-999
AL132018,LESLIE,89,20180930,1800,,TS,33.6N,53.0W,45,991,180,130,100,120,0,0,0,0,0,0,0,0,-999
AL132018,LESLIE,89,20181001,0000,,TS,33.5N,53.4W,45,991,150,120,80,110,0,0,0,0,0,0,0,0,-999
AL132018,LESLIE,89,20181001,0600,,TS,33.3N,53.7W,50,990,140,110,80,110,50,0,0,50,0,0,0,0,-999
AL132018,LESLIE,89,20181001,1200,,TS,33.1N,54.1W,50,990,140,110,80,110,50,0,0,50,0,0,0,0,-999
AL132018,LESLIE,89,20181001,1800,,TS,32.8N,54.4W,50,990,140,110,80,110,50,0,0,50,0,0,0,0,-999
AL132018,LESLIE,89,20181002,0000,,TS,32.4N,54.9W,50,990,140,110,80,110,50,0,0,50,0,0,0,0,-999
AL132018,LESLIE,89,20181002,0600,,TS,31.9N,55.4W,55,989,140,110,80,110,50,50,0,50,0,0,0,0,-999
AL132018,LESLIE,89,20181002,1200,,TS,31.2N,55.9W,55,989,140,110,110,120,50,50,0,50,0,0,0,0,-999
AL132018,LESLIE,89,20181002,1800,,TS,30.4N,56.2W,60,986,140,100,160,200,70,50,0,80,0,0,0,0,-999
AL132018,LESLIE,89,20181003,0000,,TS,29.8N,56.6W,60,984,140,100,160,200,70,50,0,80,0,0,0,0,-999
AL132018,LESLIE,89,20181003,0600,,HU,29.6N,56.8W,65,980,140,130,150,200,70,50,50,90,30,30,0,0,-999
AL132018,LESLIE,89,20181003,1200,,HU,29.5N,56.8W,75,972,140,130,150,200,70,50,50,90,30,30,0,0,-999
AL132018,LESLIE,89,20181003,1800,,HU,29.8N,56.9W,75,970,140,130,150,180,70,50,50,80,30,30,30,30,-999
AL132018,LESLIE,89,20181004,0000,,HU,30.3N,57.0W,75,972,140,130,150,180,70,50,50,80,30,30,30,30,-999
AL132018,LESLIE,89,20181004,0600,,HU,30.9N,57.1W,70,976,160,160,150,180,90,80,70,80,40,30,30,30,-999
AL132018,LESLIE,89,20181004,1200,,HU,31.7N,57.2W,65,979,200,180,160,190,110,120,100,110,35,25,25,25,-999
AL132018,LESLIE,89,20181004,1800,,TS,32.8N,57.3W,60,982,250,180,160,190,110,120,100,110,0,0,0,0,-999
AL132018,LESLIE,89,20181005,0000,,TS,34.2N,57.6W,55,984,250,180,160,190,110,120,100,110,0,0,0,0,-999
AL132018,LESLIE,89,20181005,0600,,TS,35.2N,58.2W,55,986,250,220,190,200,130,130,120,0,0,0,0,0,-999
AL132018,LESLIE,89,20181005,1200,,TS,35.9N,58.3W,55,986,250,220,190,200,120,120,110,0,0,0,0,0,-999
AL132018,LESLIE,89,20181005,1800,,TS,36.2N,58.1W,50,987,250,220,190,220,90,100,90,0,0,0,0,0,-999
AL132018,LESLIE,89,20181006,0000,,TS,36.5N,57.6W,50,987,250,220,190,220,90,100,90,0,0,0,0,0,-999
AL132018,LESLIE,89,20181006,0600,,TS,36.9N,57.0W,50,987,250,250,240,160,120,120,0,0,0,0,0,0,-999
AL132018,LESLIE,89,20181006,1200,,TS,37.4N,56.4W,50,987,250,250,240,160,120,120,0,0,0,0,0,0,-999
AL132018,LESLIE,89,20181006,1800,,TS,37.5N,55.1W,50,987,250,250,240,160,120,120,0,0,0,0,0,0,-999
AL132018,LESLIE,89,20181007,0000,,TS,37.4N,53.7W,50,987,250,250,240,160,120,120,0,0,0,0,0,0,-999
AL132018,LESLIE,89,20181007,0600,,TS,37.1N,52.5W,50,987,240,240,240,160,120,120,0,0,0,0,0,0,-999
AL132018,LESLIE,89,20181007,1200,,TS,36.5N,51.6W,50,987,240,240,240,160,120,120,0,0,0,0,0,0,-999
AL132018,LESLIE,89,20181007,1800,,TS,36.1N,50.5W,50,987,200,200,180,180,90,90,0,0,0,0,0,0,-999
AL132018,LESLIE,89,20181008,0000,,TS,35.8N,49.4W,45,989,150,200,180,200,0,0,0,0,0,0,0,0,-999
AL132018,LESLIE,89,20181008,0600,,TS,35.5N,48.5W,45,989,150,200,180,200,0,0,0,0,0,0,0,0,-999
AL132018,LESLIE,89,20181008,1200,,TS,34.9N,47.4W,45,989,150,200,180,200,0,0,0,0,0,0,0,0,-999
AL132018,LESLIE,89,20181008,1800,,TS,34.3N,46.2W,50,986,120,150,150,270,0,50,50,0,0,0,0,0,-999
AL132018,LESLIE,89,20181009,0000,,TS,33.5N,45.1W,55,983,120,150,150,270,0,50,50,0,0,0,0,0,-999
AL132018,LESLIE,89,20181009,0600,,TS,32.7N,44.2W,55,983,120,150,150,270,0,50,50,0,0,0,0,0,-999
AL132018,LESLIE,89,20181009,1200,,TS,31.6N,43.6W,55,983,120,120,180,270,0,50,50,0,0,0,0,0,-999
AL132018,LESLIE,89,20181009,1800,,TS,30.7N,43.1W,60,983,120,120,180,270,0,50,50,0,0,0,0,0,-999
AL132018,LESLIE,89,20181010,0000,,HU,29.8N,42.7W,65,981,120,90,120,270,40,40,40,40,0,20,20,0,-999
AL132018,LESLIE,89,20181010,0600,,HU,28.8N,42.7W,65,981,120,90,120,240,40,40,40,40,0,20,20,0,-999
AL132018,LESLIE,89,20181010,1200,,HU,28.1N,42.5W,65,980,110,100,120,240,40,40,40,40,0,20,20,0,-999
AL132018,LESLIE,89,20181010,1800,,HU,27.7N,42.2W,65,980,100,130,130,240,40,50,40,40,0,20,20,0,-999
AL132018,LESLIE,89,20181011,0000,,HU,27.7N,41.6W,70,978,100,130,130,210,40,50,50,40,0,20,25,0,-999
AL132018,LESLIE,89,20181011,0600,,HU,28.1N,40.7W,70,978,100,130,130,210,40,50,50,40,0,20,25,0,-999
AL132018,LESLIE,89,20181011,1200,,HU,28.8N,39.3W,70,978,140,160,160,210,40,50,50,40,0,25,25,0,-999
AL132018,LESLIE,89,20181011,1800,,HU,29.5N,37.5W,75,976,140,160,160,210,40,80,80,40,0,40,40,0,-999
AL132018,LESLIE,89,20181012,0000,,HU,30.4N,35.2W,80,968,140,180,160,180,50,100,100,50,0,65,65,0,-999
AL132018,LESLIE,89,20181012,0600,,HU,31.4N,32.5W,80,968,140,180,160,180,50,100,100,50,0,65,65,0,-999
AL132018,LESLIE,89,20181012,1200,,HU,32.6N,29.6W,75,971,140,180,180,180,50,90,70,30,0,60,50,0,-999
AL132018,LESLIE,89,20181012,1800,,HU,33.4N,26.3W,75,971,140,180,180,180,50,90,70,30,0,60,50,0,-999
AL132018,LESLIE,89,20181013,0000,,HU,34.2N,22.4W,70,976,140,180,180,150,50,90,90,0,0,50,50,0,-999
AL132018,LESLIE,89,20181013,0600,,HU,35.5N,18.3W,65,977,140,180,180,150,50,90,90,0,0,50,50,0,-999
AL132018,LESLIE,89,20181013,1200,,HU,37.2N,14.1W,65,979,140,180,180,150,50,90,90,0,0,50,50,0,-999
AL132018,LESLIE,89,20181013,1800,,EX,39.3N,10.5W,60,984,140,180,180,150,50,90,90,0,0,0,0,0,-999
AL132018,LESLIE,89,20181014,0000,,EX,41.1N,7.6W,40,998,0,0,120,210,0,0,0,0,0,0,0,0,-999
AL142018,MICHAEL,38,20181006,1800,,LO,17.8N,86.6W,25,1006,0,0,0,0,0,0,0,0,0,0,0,0,-999
AL142018,MICHAEL,38,20181007,0000,,LO,18.1N,86.9W,25,1004,0,0,0,0,0,0,0,0,0,0,0,0,-999
AL142018,MICHAEL,38,20181007,0600,,TD,18.4N,86.8W,30,1004,0,0,0,0,0,0,0,0,0,0,0,0,-999
AL142018,MICHAEL,38,20181007,1200,,TS,18.8N,86.4W,35,1003,120,180,0,0,0,0,0,0,0,0,0,0,-999
AL142018,MICHAEL,38,20181007,1800,,TS,19.1N,85.7W,45,999,120,180,0,0,0,0,0,0,0,0,0,0,-999
AL142018,MICHAEL,38,20181008,0000,,TS,19.7N,85.5W,50,996,120,150,90,90,40,0,0,0,0,0,0,0,-999
AL142018,MICHAEL,38,20181008,0600,,TS,20.2N,85.4W,60,984,120,150,90,90,80,80,0,50,0,0,0,0,-999
AL142018,MICHAEL,38,20181008,1200,,HU,20.9N,85.1W,65,982,120,150,90,90,70,50,20,50,25,0,0,0,-999
AL142018,MICHAEL,38,20181008,1800,,HU,21.7N,85.1W,75,977,120,150,80,90,60,50,20,50,30,0,0,25,-999
AL142018,MICHAEL,38,20181009,0000,,HU,22.7N,85.2W,85,971,150,150,80,110,60,50,30,50,30,30,25,30,-999
AL142018,MICHAEL,38,20181009,0600,,HU,23.7N,85.8W,85,973,170,140,70,140,70,50,30,50,35,30,20,30,-999
AL142018,MICHAEL,38,20181009,1200,,HU,24.6N,86.2W,90,968,160,140,70,140,70,50,30,50,30,30,20,30,-999
AL142018,MICHAEL,38,20181009,1800,,HU,25.6N,86.4W,100,961,160,140,70,140,70,50,30,50,40,30,20,30,-999
AL142018,MICHAEL,38,20181010,0000,,HU,26.6N,86.5W,110,952,160,140,70,140,70,60,30,50,40,30,20,30,-999
AL142018,MICHAEL,38,20181010,0600,,HU,27.7N,86.6W,120,945,160,140,70,140,80,80,30,50,40,30,20,30,-999
AL142018,MICHAEL,38,20181010,1200,,HU,29.0N,86.3W,125,934,150,140,80,120,80,80,40,50,40,35,25,30,-999
AL142018,MICHAEL,38,20181010,1730,L,HU,30.0N,85.5W,140,919,90,140,100,80,60,80,50,50,35,35,25,25,10
AL142018,MICHAEL,38,20181010,1800,,HU,30.2N,85.4W,135,920,90,140,100,80,60,80,50,50,35,35,25,25,-999
AL142018,MICHAEL,38,20181011,0000,,HU,31.5N,84.5W,80,957,60,140,60,40,40,40,30,20,25,25,0,0,-999
AL142018,MICHAEL,38,20181011,0600,,TS,32.8N,83.2W,50,979,50,140,50,0,0,20,0,0,0,0,0,0,-999
AL142018,MICHAEL,38,20181011,1200,,TS,34.1N,81.7W,45,987,0,160,0,0,0,0,0,0,0,0,0,0,-999
AL142018,MICHAEL,38,20181011,1800,,TS,35.6N,80.0W,45,991,0,200,0,0,0,0,0,0,0,0,0,0,-999
AL142018,MICHAEL,38,20181012,0000,,EX,36.5N,77.7W,50,988,90,240,0,60,0,120,0,0,0,0,0,0,-999
AL142018,MICHAEL,38,20181012,0600,,EX,37.3N,75.0W,60,983,90,240,80,80,0,50,50,50,0,0,0,0,-999
AL142018,MICHAEL,38,20181012,1200,,EX,39.1N,70.6W,60,980,90,240,80,60,0,50,50,0,0,0,0,0,-999
AL142018,MICHAEL,38,20181012,1800,,EX,41.1N,66.1W,60,977,90,320,230,60,0,90,90,0,0,0,0,0,-999
AL142018,MICHAEL,38,20181013,0000,,EX,43.1N,61.5W,65,975,90,400,380,60,0,220,220,0,0,180,0,0,-999
AL142018,MICHAEL,38,20181013,0600,,EX,44.8N,55.7W,65,975,90,400,380,60,0,220,220,0,0,180,0,0,-999
AL142018,MICHAEL,38,20181013,1200,,EX,46.4N,48.2W,65,975,120,400,380,60,0,220,220,0,0,180,0,0,-999
AL142018,MICHAEL,38,20181013,1800,,EX,47.6N,40.7W,65,975,120,400,380,60,0,220,220,0,0,180,0,0,-999
AL142018,MICHAEL,38,20181014,0000,,EX,48.4N,33.1W,65,975,120,400,380,100,0,220,220,60,0,180,0,0,-999
AL142018,MICHAEL,38,20181014,0600,,EX,48.8N,26.1W,65,975,120,400,380,150,0,220,220,90,0,180,0,0,-999
AL142018,MICHAEL,38,20181014,1200,,EX,48.6N,20.7W,60,975,170,340,340,220,120,150,150,120,0,0,0,0,-999
AL142018,MICHAEL,38,20181014,1800,,EX,47.5N,16.4W,55,978,170,340,340,220,120,100,100,120,0,0,0,0,-999
AL142018,MICHAEL,38,20181015,0000,,EX,45.9N,13.5W,55,982,140,320,320,170,100,0,120,120,0,0,0,0,-999
AL142018,MICHAEL,38,20181015,0600,,EX,44.4N,11.4W,50,989,140,320,320,170,0,100,100,0,0,0,0,0,-999
AL142018,MICHAEL,38,20181015,1200,,EX,42.8N,10.3W,35,996,0,200,0,170,0,0,0,0,0,0,0,0,-999
AL142018,MICHAEL,38,20181015,1800,,EX,41.2N,10.0W,35,1001,0,200,0,170,0,0,0,0,0,0,0,0,-999
AL152018,NADINE,18,20181008,1200,,LO,9.3N,26.7W,25,1009,0,0,0,0,0,0,0,0,0,0,0,0,-999
AL152018,NADINE,18,20181008,1800,,LO,9.5N,27.6W,25,1009,0,0,0,0,0,0,0,0,0,0,0,0,-999
AL152018,NADINE,18,20181009,0000,,LO,9.8N,28.4W,25,1009,0,0,0,0,0,0,0,0,0,0,0,0,-999
AL152018,NADINE,18,20181009,0600,,TD,10.1N,29.0W,30,1008,0,0,0,0,0,0,0,0,0,0,0,0,-999
AL152018,NADINE,18,20181009,1200,,TS,10.4N,29.6W,35,1006,30,0,0,20,0,0,0,0,0,0,0,0,-999
AL152018,NADINE,18,20181009,1800,,TS,10.8N,30.2W,40,1004,40,30,0,30,0,0,0,0,0,0,0,0,-999
AL152018,NADINE,18,20181010,0000,,TS,11.2N,30.7W,50,999,50,40,20,50,20,0,0,20,0,0,0,0,-999
AL152018,NADINE,18,20181010,0600,,TS,11.8N,30.9W,55,995,60,50,30,60,30,20,20,30,0,0,0,0,-999
AL152018,NADINE,18,20181010,1200,,TS,12.3N,31.4W,55,996,70,60,30,60,30,20,20,30,0,0,0,0,-999
AL152018,NADINE,18,20181010,1800,,TS,12.8N,32.0W,50,998,70,60,30,60,30,20,0,20,0,0,0,0,-999
AL152018,NADINE,18,20181011,0000,,TS,13.3N,32.5W,50,998,70,50,30,60,30,0,0,30,0,0,0,0,-999
AL152018,NADINE,18,20181011,0600,,TS,13.6N,33.1W,45,1001,70,40,30,60,0,0,0,0,0,0,0,0,-999
AL152018,NADINE,18,20181011,1200,,TS,13.9N,33.8W,45,1001,60,40,30,50,0,0,0,0,0,0,0,0,-999
AL152018,NADINE,18,20181011,1800,,TS,14.3N,34.6W,45,1002,60,40,30,50,0,0,0,0,0,0,0,0,-999
AL152018,NADINE,18,20181012,0000,,TS,14.8N,35.0W,40,1003,50,30,0,50,0,0,0,0,0,0,0,0,-999
AL152018,NADINE,18,20181012,0600,,TS,15.3N,35.3W,40,1004,50,30,0,50,0,0,0,0,0,0,0,0,-999
AL152018,NADINE,18,20181012,1200,,TS,15.8N,35.7W,35,1006,50,0,0,50,0,0,0,0,0,0,0,0,-999
AL152018,NADINE,18,20181012,1800,,TD,16.2N,37.0W,30,1008,0,0,0,0,0,0,0,0,0,0,0,0,-999
AL162018,OSCAR,36,20181026,1800,,SS,25.4N,45.3W,35,1006,80,80,0,0,0,0,0,0,0,0,0,0,-999
AL162018,OSCAR,36,20181027,0000,,SS,26.4N,45.3W,40,1005,90,90,0,90,0,0,0,0,0,0,0,0,-999
AL162018,OSCAR,36,20181027,0600,,SS,27.1N,46.5W,45,998,90,90,0,120,0,0,0,0,0,0,0,0,-999
AL162018,OSCAR,36,20181027,1200,,SS,27.4N,48.0W,50,995,90,90,30,150,0,0,0,30,0,0,0,0,-999
AL162018,OSCAR,36,20181027,1800,,TS,27.1N,49.9W,50,995,90,90,40,150,0,0,0,30,0,0,0,0,-999
AL162018,OSCAR,36,20181028,0000,,TS,25.9N,51.1W,55,994,80,70,60,120,30,0,0,30,0,0,0,0,-999
AL162018,OSCAR,36,20181028,0600,,TS,25.4N,52.0W,55,994,80,70,60,90,30,0,0,30,0,0,0,0,-999
AL162018,OSCAR,36,20181028,1200,,TS,25.4N,53.1W,60,990,80,70,60,90,30,0,0,30,0,0,0,0,-999
AL162018,OSCAR,36,20181028,1800,,HU,25.7N,54.8W,65,988,70,60,50,70,30,20,20,30,15,0,0,15,-999
AL162018,OSCAR,36,20181029,0000,,HU,25.5N,56.4W,65,988,60,40,40,50,30,20,20,30,15,0,0,15,-999
AL162018,OSCAR,36,20181029,0600,,HU,25.5N,57.5W,70,986,60,40,40,50,30,20,20,30,15,0,0,15,-999
AL162018,OSCAR,36,20181029,1200,,HU,25.7N,58.1W,75,981,60,40,40,50,30,20,20,30,15,10,10,15,-999
AL162018,OSCAR,36,20181029,1800,,HU,26.2N,58.5W,85,974,60,40,40,50,30,20,20,30,15,10,10,15,-999
AL162018,OSCAR,36,20181030,0000,,HU,27.0N,58.5W,95,966,60,40,40,50,30,20,20,30,15,10,10,15,-999
AL162018,OSCAR,36,20181030,0600,,HU,28.0N,58.4W,90,970,70,50,50,60,30,20,20,30,15,10,10,15,-999
AL162018,OSCAR,36,20181030,1200,,HU,29.0N,58.0W,85,971,90,70,60,70,40,40,30,30,20,15,10,15,-999
AL162018,OSCAR,36,20181030,1800,,HU,30.3N,57.3W,75,977,110,100,90,90,40,50,60,30,20,15,10,15,-999
AL162018,OSCAR,36,20181031,0000,,HU,31.7N,56.0W,70,977,130,110,100,100,50,50,60,40,25,20,20,20,-999
AL162018,OSCAR,36,20181031,0600,,HU,33.0N,54.6W,70,977,140,140,120,100,50,50,60,40,25,20,20,20,-999
AL162018,OSCAR,36,20181031,1200,,HU,35.4N,52.4W,70,974,180,210,180,120,60,70,70,50,30,40,40,20,-999
AL162018,OSCAR,36,20181031,1800,,EX,38.0N,50.5W,70,972,240,240,240,270,70,100,100,100,0,70,70,0,-999
AL162018,OSCAR,36,20181101,0000,,EX,40.7N,48.7W,75,968,360,300,400,400,160,160,140,120,0,110,110,0,-999
AL162018,OSCAR,36,20181101,0600,,EX,43.4N,46.9W,75,965,400,400,400,400,160,160,140,120,0,110,110,0,-999
AL162018,OSCAR,36,20181101,1200,,EX,46.0N,44.7W,65,965,470,500,360,360,80,200,160,120,0,110,60,0,-999
AL162018,OSCAR,36,20181101,1800,,EX,48.2N,41.8W,60,965,470,500,360,360,0,200,160,120,0,0,0,0,-999
AL162018,OSCAR,36,20181102,0000,,EX,50.3N,38.6W,60,965,470,500,360,360,0,200,160,120,0,0,0,0,-999
AL162018,OSCAR,36,20181102,0600,,EX,52.3N,35.5W,60,961,420,500,450,330,0,200,160,120,0,0,0,0,-999
AL162018,OSCAR,36,20181102,1200,,EX,53.4N,33.1W,60,957,420,540,450,300,0,210,200,140,0,0,0,0,-999
AL162018,OSCAR,36,20181102,1800,,EX,54.2N,30.4W,65,954,480,540,450,300,0,210,200,140,0,150,180,0,-999
AL162018,OSCAR,36,20181103,0000,,EX,55.3N,26.8W,70,952,540,540,520,480,0,240,300,0,0,150,180,0,-999
AL162018,OSCAR,36,20181103,0600,,EX,56.6N,23.1W,65,956,660,540,570,570,0,270,330,0,0,150,180,0,-999
AL162018,OSCAR,36,20181103,1200,,EX,57.9N,19.6W,55,960,780,600,660,480,0,240,0,0,0,0,0,0,-999
AL162018,OSCAR,36,20181103,1800,,EX,58.9N,17.1W,50,964,480,600,660,420,0,240,0,0,0,0,0,0,-999
AL162018,OSCAR,36,20181104,0000,,EX,59.8N,14.5W,45,968,360,480,480,360,0,0,0,0,0,0,0,0,-999
AL162018,OSCAR,36,20181104,0600,,EX,60.8N,12.1W,40,973,270,330,360,270,0,0,0,0,0,0,0,0,-999
AL162018,OSCAR,36,20181104,1200,,EX,62.4N,9.1W,40,977,240,300,0,210,0,0,0,0,0,0,0,0,-999
AL012019,ANDREA,7,20190520,1800,,SS,28.1N,68.6W,35,1008,60,0,0,0,0,0,0,0,0,0,0,0,-999
AL012019,ANDREA,7,20190521,0000,,SS,29.1N,68.8W,35,1006,60,0,0,0,0,0,0,0,0,0,0,0,-999
AL012019,ANDREA,7,20190521,0600,,SS,29.9N,69.0W,35,1007,60,0,0,0,0,0,0,0,0,0,0,0,-999
AL012019,ANDREA,7,20190521,1200,,LO,30.6N,69.1W,30,1009,0,0,0,0,0,0,0,0,0,0,0,0,-999
AL012019,ANDREA,7,20190521,1800,,LO,30.8N,68.6W,30,1009,0,0,0,0,0,0,0,0,0,0,0,0,-999
AL012019,ANDREA,7,20190522,0000,,LO,31.3N,67.7W,30,1010,0,0,0,0,0,0,0,0,0,0,0,0,-999
AL012019,ANDREA,7,20190522,0600,,LO,31.6N,66.7W,25,1011,0,0,0,0,0,0,0,0,0,0,0,0,-999
AL022019,BARRY,25,20190710,1200,,DB,28.5N,86.5W,25,1009,0,0,0,0,0,0,0,0,0,0,0,0,-999
AL022019,BARRY,25,20190710,1800,,DB,28.1N,87.1W,30,1009,0,0,0,0,0,0,0,0,0,0,0,0,-999
AL022019,BARRY,25,20190711,0000,,TD,27.8N,87.6W,30,1008,0,0,0,0,0,0,0,0,0,0,0,0,-999
AL022019,BARRY,25,20190711,0600,,TS,27.7N,88.0W,35,1007,0,0,100,0,0,0,0,0,0,0,0,0,-999
AL022019,BARRY,25,20190711,1200,,TS,27.7N,88.4W,35,1005,0,100,100,0,0,0,0,0,0,0,0,0,-999
AL022019,BARRY,25,20190711,1800,,TS,27.7N,88.8W,40,1005,70,120,100,0,0,0,0,0,0,0,0,0,-999
AL022019,BARRY,25,20190712,0000,,TS,27.8N,89.2W,45,1001,70,140,100,0,0,0,0,0,0,0,0,0,-999
AL022019,BARRY,25,20190712,0600,,TS,27.9N,89.7W,45,1001,70,150,110,0,0,0,0,0,0,0,0,0,-999
AL022019,BARRY,25,20190712,1200,,TS,28.1N,90.2W,50,998,70,150,120,0,0,90,0,0,0,0,0,0,-999
AL022019,BARRY,25,20190712,1800,,TS,28.4N,90.7W,55,993,90,150,130,70,60,90,0,0,0,0,0,0,-999
AL022019,BARRY,25,20190713,0000,,TS,28.6N,91.1W,60,993,90,150,130,70,60,90,0,0,0,0,0,0,-999
AL022019,BARRY,25,20190713,0600,,TS,28.9N,91.5W,60,993,90,150,130,70,60,90,0,0,0,0,0,0,-999
AL022019,BARRY,25,20190713,1200,,HU,29.3N,91.9W,65,993,90,150,130,70,60,90,0,0,40,40,0,0,-999
AL022019,BARRY,25,20190713,1500,L,HU,29.6N,92.2W,65,993,90,150,130,70,60,90,0,0,40,40,0,0,40
AL022019,BARRY,25,20190713,1800,,TS,29.9N,92.4W,60,996,0,150,130,0,0,90,0,0,0,0,0,0,-999
AL022019,BARRY,25,20190714,0000,,TS,30.4N,92.8W,50,999,0,180,0,0,0,90,0,0,0,0,0,0,-999
AL022019,BARRY,25,20190714,0600,,TS,31.0N,93.2W,40,1003,0,180,0,0,0,0,0,0,0,0,0,0,-999
AL022019,BARRY,25,20190714,1200,,TS,31.6N,93.5W,35,1005,0,180,0,0,0,0,0,0,0,0,0,0,-999
AL022019,BARRY,25,20190714,1800,,TS,32.3N,93.6W,35,1007,0,180,0,0,0,0,0,0,0,0,0,0,-999
AL022019,BARRY,25,20190715,0000,,TD,33.0N,93.6W,25,1008,0,0,0,0,0,0,0,0,0,0,0,0,-999
AL022019,BARRY,25,20190715,0600,,TD,33.9N,93.6W,25,1008,0,0,0,0,0,0,0,0,0,0,0,0,-999
AL022019,BARRY,25,20190715,1200,,LO,34.7N,93.6W,20,1008,0,0,0,0,0,0,0,0,0,0,0,0,-999
AL022019,BARRY,25,20190715,1800,,LO,35.5N,93.5W,20,1008,0,0,0,0,0,0,0,0,0,0,0,0,-999
AL022019,BARRY,25,20190716,0000,,LO,36.3N,93.3W,15,1009,0,0,0,0,0,0,0,0,0,0,0,0,-999
AL022019,BARRY,25,20190716,0600,,LO,37.2N,92.9W,15,1010,0,0,0,0,0,0,0,0,0,0,0,0,-999
AL032019,THREE,5,20190722,1200,,TD,24.6N,77.4W,25,1013,0,0,0,0,0,0,0,0,0,0,0,0,-999
AL032019,THREE,5,20190722,1800,,TD,25.0N,78.4W,25,1013,0,0,0,0,0,0,0,0,0,0,0,0,-999
AL032019,THREE,5,20190723,0000,,TD,25.7N,79.3W,25,1013,0,0,0,0,0,0,0,0,0,0,0,0,-999
AL032019,THREE,5,20190723,0600,,TD,26.9N,79.6W,30,1013,0,0,0,0,0,0,0,0,0,0,0,0,-999
AL032019,THREE,5,20190723,1200,,TD,28.6N,80.0W,30,1014,0,0,0,0,0,0,0,0,0,0,0,0,-999
AL042019,CHANTAL,25,20190820,1800,,TD,40.1N,59.7W,30,1008,0,0,0,0,0,0,0,0,0,0,0,0,-999
AL042019,CHANTAL,25,20190821,0000,,TS,40.3N,57.1W,35,1007,0,40,40,0,0,0,0,0,0,0,0,0,-999
AL042019,CHANTAL,25,20190821,0600,,TS,40.3N,54.8W,35,1007,0,50,50,0,0,0,0,0,0,0,0,0,-999
AL042019,CHANTAL,25,20190821,1200,,TS,40.1N,52.5W,35,1007,0,50,50,0,0,0,0,0,0,0,0,0,-999
AL042019,CHANTAL,25,20190821,1800,,TS,39.9N,50.3W,35,1007,0,50,50,0,0,0,0,0,0,0,0,0,-999
AL042019,CHANTAL,25,20190822,0000,,TD,39.6N,48.3W,30,1007,0,0,0,0,0,0,0,0,0,0,0,0,-999
AL042019,CHANTAL,25,20190822,0600,,TD,39.3N,46.3W,30,1007,0,0,0,0,0,0,0,0,0,0,0,0,-999
AL042019,CHANTAL,25,20190822,1200,,TD,38.9N,44.4W,30,1007,0,0,0,0,0,0,0,0,0,0,0,0,-999
AL042019,CHANTAL,25,20190822,1800,,TD,38.5N,42.9W,30,1007,0,0,0,0,0,0,0,0,0,0,0,0,-999
AL042019,CHANTAL,25,20190823,0000,,TD,38.0N,41.8W,30,1007,0,0,0,0,0,0,0,0,0,0,0,0,-999
AL042019,CHANTAL,25,20190823,0600,,TD,37.5N,41.2W,25,1009,0,0,0,0,0,0,0,0,0,0,0,0,-999
AL042019,CHANTAL,25,20190823,1200,,TD,36.9N,40.9W,25,1011,0,0,0,0,0,0,0,0,0,0,0,0,-999
AL042019,CHANTAL,25,20190823,1800,,LO,36.3N,40.8W,25,1012,0,0,0,0,0,0,0,0,0,0,0,0,-999
AL042019,CHANTAL,25,20190824,0000,,LO,35.7N,40.9W,25,1013,0,0,0,0,0,0,0,0,0,0,0,0,-999
AL042019,CHANTAL,25,20190824,0600,,LO,35.3N,41.2W,25,1013,0,0,0,0,0,0,0,0,0,0,0,0,-999
AL042019,CHANTAL,25,20190824,1200,,LO,35.1N,41.8W,25,1013,0,0,0,0,0,0,0,0,0,0,0,0,-999
AL042019,CHANTAL,25,20190824,1800,,LO,35.0N,42.5W,25,1013,0,0,0,0,0,0,0,0,0,0,0,0,-999
AL042019,CHANTAL,25,20190825,0000,,LO,35.1N,43.2W,20,1014,0,0,0,0,0,0,0,0,0,0,0,0,-999
AL042019,CHANTAL,25,20190825,0600,,LO,35.5N,43.6W,20,1014,0,0,0,0,0,0,0,0,0,0,0,0,-999
AL042019,CHANTAL,25,20190825,1200,,LO,35.9N,43.9W,20,1014,0,0,0,0,0,0,0,0,0,0,0,0,-999
AL042019,CHANTAL,25,20190825,1800,,LO,36.1N,44.1W,15,1014,0,0,0,0,0,0,0,0,0,0,0,0,-999
AL042019,CHANTAL,25,20190826,0000,,LO,36.2N,44.4W,15,1014,0,0,0,0,0,0,0,0,0,0,0,0,-999
AL042019,CHANTAL,25,20190826,0600,,LO,36.2N,44.8W,15,1014,0,0,0,0,0,0,0,0,0,0,0,0,-999
AL042019,CHANTAL,25,20190826,1200,,LO,36.4N,45.0W,15,1014,0,0,0,0,0,0,0,0,0,0,0,0,-999
AL042019,CHANTAL,25,20190826,1800,,LO,36.5N,44.8W,15,1014,0,0,0,0,0,0,0,0,0,0,0,0,-999
AL052019,DORIAN,70,20190824,0600,,TD,10.3N,46.4W,25,1011,0,0,0,0,0,0,0,0,0,0,0,0,-999
AL052019,DORIAN,70,20190824,1200,,TD,10.4N,47.5W,30,1010,0,0,0,0,0,0,0,0,0,0,0,0,-999
AL052019,DORIAN,70,20190824,1800,,TS,10.6N,48.7W,35,1008,30,0,0,30,0,0,0,0,0,0,0,0,-999
AL052019,DORIAN,70,20190825,0000,,TS,10.8N,49.9W,35,1008,30,0,0,30,0,0,0,0,0,0,0,0,-999
AL052019,DORIAN,70,20190825,0600,,TS,11.0N,51.0W,35,1008,30,0,0,30,0,0,0,0,0,0,0,0,-999
AL052019,DORIAN,70,20190825,1200,,TS,11.2N,52.3W,40,1007,30,0,0,30,0,0,0,0,0,0,0,0,-999
AL052019,DORIAN,70,20190825,1800,,TS,11.4N,53.5W,45,1007,30,0,0,30,0,0,0,0,0,0,0,0,-999
AL052019,DORIAN,70,20190826,0000,,TS,11.6N,54.7W,45,1007,40,30,30,40,0,0,0,0,0,0,0,0,-999
AL052019,DORIAN,70,20190826,0600,,TS,11.9N,56.0W,45,1006,40,30,30,40,0,0,0,0,0,0,0,0,-999
AL052019,DORIAN,70,20190826,1200,,TS,12.2N,57.2W,45,1006,40,30,30,40,0,0,0,0,0,0,0,0,-999
AL052019,DORIAN,70,20190826,1800,,TS,12.6N,58.3W,45,1006,40,30,30,40,0,0,0,0,0,0,0,0,-999
AL052019,DORIAN,70,20190827,0000,,TS,13.0N,59.2W,45,1005,40,30,30,40,0,0,0,0,0,0,0,0,-999
AL052019,DORIAN,70,20190827,0130,L,TS,13.1N,59.4W,45,1005,40,30,20,40,0,0,0,0,0,0,0,0,-999
AL052019,DORIAN,70,20190827,0600,,TS,13.5N,60.2W,45,1005,40,30,20,40,0,0,0,0,0,0,0,0,-999
AL052019,DORIAN,70,20190827,1100,L,TS,14.0N,60.9W,45,1005,40,30,20,40,0,0,0,0,0,0,0,0,-999
AL052019,DORIAN,70,20190827,1200,,TS,14.2N,61.2W,45,1005,40,30,20,40,0,0,0,0,0,0,0,0,-999
AL052019,DORIAN,70,20190827,1800,,TS,15.0N,62.0W,45,1004,50,40,20,40,0,0,0,0,0,0,0,0,-999
AL052019,DORIAN,70,20190828,0000,,TS,15.7N,62.8W,50,1003,50,40,20,40,20,0,0,0,0,0,0,0,-999
AL052019,DORIAN,70,20190828,0600,,TS,16.4N,63.5W,55,1001,60,40,20,40,20,0,0,0,0,0,0,0,-999
AL052019,DORIAN,70,20190828,1200,,TS,17.3N,64.2W,60,999,60,40,20,40,20,0,0,20,0,0,0,0,-999
AL052019,DORIAN,70,20190828,1530,L,HU,17.8N,64.6W,65,995,70,40,20,50,20,0,0,20,10,0,0,0,10
AL052019,DORIAN,70,20190828,1800,L,HU,18.4N,65.1W,70,993,70,40,20,50,30,20,0,20,15,0,0,0,15
AL052019,DORIAN,70,20190829,0000,,HU,19.2N,65.7W,75,989,70,40,20,50,30,20,0,20,15,0,0,0,-999
AL052019,DORIAN,70,20190829,0600,,HU,20.0N,66.3W,75,988,80,50,30,60,30,20,10,20,15,0,0,10,-999
AL052019,DORIAN,70,20190829,1200,,HU,21.0N,66.9W,75,986,80,50,30,60,30,30,10,20,15,0,0,10,-999
AL052019,DORIAN,70,20190829,1800,,HU,22.0N,67.4W,75,983,80,60,40,60,30,30,20,30,15,15,0,10,-999
AL052019,DORIAN,70,20190830,0000,,HU,22.8N,68.0W,80,978,80,60,40,60,40,40,20,30,20,15,10,10,-999
AL052019,DORIAN,70,20190830,0600,,HU,23.5N,68.8W,90,978,90,70,50,70,40,40,30,30,20,15,10,15,-999
AL052019,DORIAN,70,20190830,1200,,HU,24.3N,69.5W,95,972,90,80,50,70,40,40,30,30,20,15,10,15,-999
AL052019,DORIAN,70,20190830,1800,,HU,24.8N,70.3W,100,968,90,80,60,80,50,50,40,40,25,25,15,20,-999
AL052019,DORIAN,70,20190831,0000,,HU,25.3N,71.1W,115,949,90,90,60,80,50,50,40,40,25,25,15,20,-999
AL052019,DORIAN,70,20190831,0600,,HU,25.6N,72.1W,120,947,90,90,60,80,50,50,40,40,25,25,15,20,-999
AL052019,DORIAN,70,20190831,1200,,HU,25.9N,73.0W,125,944,100,100,60,90,50,50,40,50,25,25,15,25,-999
AL052019,DORIAN,70,20190831,1800,,HU,26.1N,74.0W,130,942,100,100,60,90,50,50,40,50,25,25,20,25,-999
AL052019,DORIAN,70,20190901,0000,,HU,26.3N,74.7W,135,939,110,110,60,90,50,50,40,50,30,25,20,25,-999
AL052019,DORIAN,70,20190901,0600,,HU,26.4N,75.6W,145,934,110,110,70,90,50,50,40,50,30,25,20,25,-999
AL052019,DORIAN,70,20190901,1200,,HU,26.5N,76.5W,155,927,110,110,70,90,60,50,50,50,35,30,25,25,-999
AL052019,DORIAN,70,20190901,1640,L,HU,26.5N,77.0W,160,910,110,110,70,90,60,50,50,50,35,30,25,25,-999
AL052019,DORIAN,70,20190901,1800,,HU,26.5N,77.1W,160,910,120,120,70,90,60,50,50,50,35,30,25,25,-999
AL052019,DORIAN,70,20190902,0000,,HU,26.6N,77.7W,155,914,120,120,80,100,70,60,50,50,40,30,25,25,-999
AL052019,DORIAN,70,20190902,0215,L,HU,26.6N,77.8W,155,914,120,120,80,100,70,60,50,50,40,30,25,25,-999
AL052019,DORIAN,70,20190902,0600,,HU,26.6N,78.0W,145,916,130,120,80,100,70,60,50,50,40,30,25,25,-999
AL052019,DORIAN,70,20190902,1200,,HU,26.7N,78.3W,135,927,130,120,80,100,80,70,50,50,40,30,25,25,-999
AL052019,DORIAN,70,20190902,1800,,HU,26.8N,78.4W,125,938,140,130,90,100,80,70,50,50,40,30,25,30,-999
AL052019,DORIAN,70,20190903,0000,,HU,26.9N,78.5W,115,944,140,130,90,110,80,70,50,60,40,30,25,40,-999
AL052019,DORIAN,70,20190903,0600,,HU,27.0N,78.5W,105,950,140,130,90,120,90,80,60,60,45,35,25,40,-999
AL052019,DORIAN,70,20190903,1200,,HU,27.1N,78.5W,100,954,150,130,90,130,90,80,60,70,45,35,25,40,-999
AL052019,DORIAN,70,20190903,1800,,HU,27.6N,78.6W,95,959,150,130,100,130,90,80,60,80,50,40,30,45,-999
AL052019,DORIAN,70,20190904,0000,,HU,28.1N,78.8W,90,959,150,130,100,140,100,80,60,90,50,40,30,50,-999
AL052019,DORIAN,70,20190904,0600,,HU,28.8N,79.2W,90,964,150,130,100,140,100,80,60,90,50,40,30,50,-999
AL052019,DORIAN,70,20190904,1200,,HU,29.5N,79.6W,90,963,150,130,100,140,100,80,60,90,50,40,40,50,-999
AL052019,DORIAN,70,20190904,1800,,HU,30.1N,79.7W,95,960,160,140,100,140,100,90,70,90,50,40,40,50,-999
AL052019,DORIAN,70,20190905,0000,,HU,30.7N,79.7W,100,955,160,150,100,120,100,90,70,90,50,50,50,50,-999
AL052019,DORIAN,70,20190905,0600,,HU,31.4N,79.6W,100,958,170,150,100,90,100,90,70,70,50,50,50,50,-999
AL052019,DORIAN,70,20190905,1200,,HU,32.1N,79.2W,100,958,170,150,100,90,100,90,70,60,50,50,50,50,-999
AL052019,DORIAN,70,20190905,1800,,HU,32.7N,78.9W,95,958,170,190,130,90,100,90,80,60,50,50,50,40,-999
AL052019,DORIAN,70,20190906,0000,,HU,33.4N,77.9W,90,956,170,190,140,80,100,100,80,70,50,50,50,50,-999
AL052019,DORIAN,70,20190906,0600,,HU,34.1N,76.9W,90,956,180,190,140,80,100,110,80,70,50,60,50,50,-999
AL052019,DORIAN,70,20190906,1200,,HU,35.1N,75.7W,85,956,190,190,150,80,110,120,80,70,50,60,50,40,-999
AL052019,DORIAN,70,20190906,1230,L,HU,35.2N,75.6W,85,956,190,190,150,80,110,120,80,70,50,60,50,40,20
AL052019,DORIAN,70,20190906,1800,,HU,36.2N,73.7W,85,956,210,200,160,100,110,130,90,80,50,50,40,50,-999
AL052019,DORIAN,70,20190907,0000,,HU,37.4N,71.2W,85,956,220,200,170,130,110,140,90,80,50,40,50,50,-999
AL052019,DORIAN,70,20190907,0600,,HU,38.9N,68.9W,85,955,230,240,180,150,120,150,90,90,60,90,60,0,-999
AL052019,DORIAN,70,20190907,1200,,HU,40.8N,66.9W,85,954,250,240,190,150,120,150,90,90,60,90,70,0,-999
AL052019,DORIAN,70,20190907,1800,,LO,42.8N,64.6W,80,954,270,240,200,150,130,150,100,90,0,100,80,0,-999
AL052019,DORIAN,70,20190908,0000,,LO,45.2N,62.9W,80,956,290,240,210,150,140,150,100,100,0,100,80,0,-999
AL052019,DORIAN,70,20190908,0600,,EX,47.6N,61.9W,75,960,300,300,210,160,140,150,100,100,0,80,80,0,-999
AL052019,DORIAN,70,20190908,1200,,EX,49.4N,60.4W,70,962,300,300,210,160,140,150,100,100,0,80,80,0,-999
AL052019,DORIAN,70,20190908,1800,,EX,50.8N,57.9W,60,966,300,310,210,80,0,90,90,0,0,0,0,0,-999
AL052019,DORIAN,70,20190909,0000,,EX,51.6N,54.8W,50,980,300,310,210,80,0,90,90,0,0,0,0,0,-999
AL062019,ERIN,14,20190826,1200,,TD,31.7N,72.7W,30,1010,0,0,0,0,0,0,0,0,0,0,0,0,-999
AL062019,ERIN,14,20190826,1800,,TD,31.5N,72.5W,30,1010,0,0,0,0,0,0,0,0,0,0,0,0,-999
AL062019,ERIN,14,20190827,0000,,TD,31.2N,72.2W,30,1010,0,0,0,0,0,0,0,0,0,0,0,0,-999
AL062019,ERIN,14,20190827,0600,,TD,30.9N,71.7W,30,1010,0,0,0,0,0,0,0,0,0,0,0,0,-999
AL062019,ERIN,14,20190827,1200,,TD,30.9N,71.1W,30,1008,0,0,0,0,0,0,0,0,0,0,0,0,-999
AL062019,ERIN,14,20190827,1800,,TS,31.3N,71.6W,35,1005,60,80,0,0,0,0,0,0,0,0,0,0,-999
AL062019,ERIN,14,20190828,0000,,TS,31.7N,72.0W,35,1004,70,90,0,0,0,0,0,0,0,0,0,0,-999
AL062019,ERIN,14,20190828,0600,,TS,32.2N,72.4W,35,1002,70,90,0,0,0,0,0,0,0,0,0,0,-999
AL062019,ERIN,14,20190828,1200,,TS,33.0N,72.9W,35,1002,50,100,0,0,0,0,0,0,0,0,0,0,-999
AL062019,ERIN,14,20190828,1800,,TD,33.9N,73.0W,30,1003,0,0,0,0,0,0,0,0,0,0,0,0,-999
AL062019,ERIN,14,20190829,0000,,TD,34.8N,72.6W,30,1003,0,0,0,0,0,0,0,0,0,0,0,0,-999
AL062019,ERIN,14,20190829,0600,,TD,35.6N,72.1W,30,1003,0,0,0,0,0,0,0,0,0,0,0,0,-999
AL062019,ERIN,14,20190829,1200,,EX,36.9N,70.9W,35,1002,60,0,0,0,0,0,0,0,0,0,0,0,-999
AL062019,ERIN,14,20190829,1800,,EX,38.5N,68.5W,35,1002,60,60,0,0,0,0,0,0,0,0,0,0,-999
AL072019,FERNAND,9,20190903,0600,,DB,23.6N,94.0W,30,1006,0,0,0,0,0,0,0,0,0,0,0,0,-999
AL072019,FERNAND,9,20190903,1200,,TS,23.4N,94.7W,35,1004,0,0,90,90,0,0,0,0,0,0,0,0,-999
AL072019,FERNAND,9,20190903,1800,,TS,23.2N,95.4W,40,1002,0,0,90,90,0,0,0,0,0,0,0,0,-999
AL072019,FERNAND,9,20190904,0000,,TS,23.1N,96.1W,45,1000,0,0,60,90,0,0,0,0,0,0,0,0,-999
AL072019,FERNAND,9,20190904,0600,,TS,23.4N,96.8W,45,1000,0,0,60,90,0,0,0,0,0,0,0,0,-999
AL072019,FERNAND,9,20190904,1200,,TS,24.0N,97.2W,40,1003,0,0,40,70,0,0,0,0,0,0,0,0,-999
AL072019,FERNAND,9,20190904,1530,L,TS,24.2N,97.7W,40,1003,0,0,40,70,0,0,0,0,0,0,0,0,-999
AL072019,FERNAND,9,20190904,1800,,TD,24.3N,98.0W,30,1004,0,0,0,0,0,0,0,0,0,0,0,0,-999
AL072019,FERNAND,9,20190905,0000,,TD,24.7N,98.6W,25,1007,0,0,0,0,0,0,0,0,0,0,0,0,-999
AL082019,GABRIELLE,35,20190903,0000,,LO,16.1N,30.1W,25,1007,0,0,0,0,0,0,0,0,0,0,0,0,-999
AL082019,GABRIELLE,35,20190903,0600,,LO,16.8N,30.9W,25,1007,0,0,0,0,0,0,0,0,0,0,0,0,-999
AL082019,GABRIELLE,35,20190903,1200,,LO,17.5N,31.6W,25,1007,0,0,0,0,0,0,0,0,0,0,0,0,-999
AL082019,GABRIELLE,35,20190903,1800,,TD,18.1N,32.1W,30,1006,0,0,0,0,0,0,0,0,0,0,0,0,-999
AL082019,GABRIELLE,35,20190904,0000,,TS,18.7N,32.6W,35,1005,0,0,0,90,0,0,0,0,0,0,0,0,-999
AL082019,GABRIELLE,35,20190904,0600,,TS,19.5N,33.2W,40,1004,0,0,0,80,0,0,0,0,0,0,0,0,-999
AL082019,GABRIELLE,35,20190904,1200,,TS,20.1N,33.6W,45,1003,120,0,0,80,0,0,0,0,0,0,0,0,-999
AL082019,GABRIELLE,35,20190904,1800,,TS,20.5N,33.7W,45,1002,130,40,40,110,0,0,0,0,0,0,0,0,-999
AL082019,GABRIELLE,35,20190905,0000,,TS,20.8N,33.9W,45,1002,140,40,50,140,0,0,0,0,0,0,0,0,-999
AL082019,GABRIELLE,35,20190905,0600,,TS,21.5N,34.5W,45,1001,160,40,60,150,0,0,0,0,0,0,0,0,-999
AL082019,GABRIELLE,35,20190905,1200,,TS,22.3N,35.2W,45,1000,180,0,80,150,0,0,0,0,0,0,0,0,-999
AL082019,GABRIELLE,35,20190905,1800,,TS,22.9N,35.6W,40,1002,180,0,80,150,0,0,0,0,0,0,0,0,-999
AL082019,GABRIELLE,35,20190906,0000,,TS,23.8N,36.2W,35,1004,180,0,80,150,0,0,0,0,0,0,0,0,-999
AL082019,GABRIELLE,35,20190906,0600,,TS,25.0N,37.1W,35,1005,150,0,80,130,0,0,0,0,0,0,0,0,-999
AL082019,GABRIELLE,35,20190906,1200,,TS,26.2N,38.0W,40,1004,120,0,0,100,0,0,0,0,0,0,0,0,-999
AL082019,GABRIELLE,35,20190906,1800,,TS,27.4N,39.0W,45,1002,150,60,0,110,0,0,0,0,0,0,0,0,-999
AL082019,GABRIELLE,35,20190907,0000,,TS,29.0N,40.1W,50,999,160,70,0,120,70,0,0,0,0,0,0,0,-999
AL082019,GABRIELLE,35,20190907,0600,,TS,30.5N,41.6W,45,1002,130,50,40,100,0,0,0,0,0,0,0,0,-999
AL082019,GABRIELLE,35,20190907,1200,,TS,31.0N,43.9W,45,1003,100,40,50,90,0,0,0,0,0,0,0,0,-999
AL082019,GABRIELLE,35,20190907,1800,,TS,31.5N,45.8W,45,1003,80,40,50,80,0,0,0,0,0,0,0,0,-999
AL082019,GABRIELLE,35,20190908,0000,,TS,31.8N,47.4W,45,1002,60,60,50,60,0,0,0,0,0,0,0,0,-999
AL082019,GABRIELLE,35,20190908,0600,,TS,32.3N,48.4W,50,1000,60,60,50,60,20,0,0,20,0,0,0,0,-999
AL082019,GABRIELLE,35,20190908,1200,,TS,33.2N,49.0W,50,999,60,60,50,60,20,0,0,20,0,0,0,0,-999
AL082019,GABRIELLE,35,20190908,1800,,TS,34.5N,49.3W,55,995,80,60,50,60,20,0,0,20,0,0,0,0,-999
AL082019,GABRIELLE,35,20190909,0000,,TS,35.8N,49.3W,55,995,70,70,50,60,20,30,0,20,0,0,0,0,-999
AL082019,GABRIELLE,35,20190909,0600,,TS,37.1N,48.9W,50,996,80,80,50,60,20,30,0,20,0,0,0,0,-999
AL082019,GABRIELLE,35,20190909,1200,,TS,38.4N,48.0W,50,997,90,100,60,60,20,30,0,0,0,0,0,0,-999
AL082019,GABRIELLE,35,20190909,1800,,TS,40.0N,46.3W,50,998,90,100,60,60,20,30,0,0,0,0,0,0,-999
AL082019,GABRIELLE,35,20190910,0000,,TS,41.4N,44.2W,45,999,90,100,60,60,0,0,0,0,0,0,0,0,-999
AL082019,GABRIELLE,35,20190910,0600,,TS,42.4N,41.7W,45,999,90,110,80,60,0,0,0,0,0,0,0,0,-999
AL082019,GABRIELLE,35,20190910,1200,,EX,43.3N,39.1W,45,999,90,110,80,60,0,0,0,0,0,0,0,0,-999
AL082019,GABRIELLE,35,20190910,1800,,EX,44.1N,36.4W,45,1000,90,110,80,60,0,0,0,0,0,0,0,0,-999
AL082019,GABRIELLE,35,20190911,0000,,EX,45.5N,33.5W,40,1002,90,110,80,60,0,0,0,0,0,0,0,0,-999
AL082019,GABRIELLE,35,20190911,0600,,EX,47.0N,30.0W,40,1003,60,100,90,60,0,0,0,0,0,0,0,0,-999
AL082019,GABRIELLE,35,20190911,1200,,EX,49.0N,26.4W,35,1005,0,90,90,0,0,0,0,0,0,0,0,0,-999
AL092019,HUMBERTO,34,20190912,1200,,LO,23.0N,74.2W,25,1010,0,0,0,0,0,0,0,0,0,0,0,0,-999
AL092019,HUMBERTO,34,20190912,1800,,LO,23.4N,74.3W,25,1010,0,0,0,0,0,0,0,0,0,0,0,0,-999
AL092019,HUMBERTO,34,20190913,0000,,LO,23.8N,74.3W,25,1009,0,0,0,0,0,0,0,0,0,0,0,0,-999
AL092019,HUMBERTO,34,20190913,0600,,LO,24.2N,74.4W,25,1009,0,0,0,0,0,0,0,0,0,0,0,0,-999
AL092019,HUMBERTO,34,20190913,1200,,LO,24.7N,74.5W,30,1008,0,0,0,0,0,0,0,0,0,0,0,0,-999
AL092019,HUMBERTO,34,20190913,1800,,TD,25.2N,74.7W,30,1008,0,0,0,0,0,0,0,0,0,0,0,0,-999
AL092019,HUMBERTO,34,20190914,0000,,TS,25.6N,75.2W,35,1007,60,80,0,60,0,0,0,0,0,0,0,0,-999
AL092019,HUMBERTO,34,20190914,0600,,TS,26.0N,75.9W,35,1006,70,90,0,60,0,0,0,0,0,0,0,0,-999
AL092019,HUMBERTO,34,20190914,1200,,TS,26.5N,76.5W,40,1004,80,100,0,60,0,0,0,0,0,0,0,0,-999
AL092019,HUMBERTO,34,20190914,1800,,TS,27.0N,77.0W,45,1003,90,110,0,60,0,0,0,0,0,0,0,0,-999
AL092019,HUMBERTO,34,20190915,0000,,TS,27.5N,77.3W,50,998,100,110,0,60,0,50,0,0,0,0,0,0,-999
AL092019,HUMBERTO,34,20190915,0600,,TS,28.0N,77.6W,50,997,100,120,0,60,50,50,0,0,0,0,0,0,-999
AL092019,HUMBERTO,34,20190915,1200,,TS,28.6N,77.9W,55,995,100,120,0,60,60,60,0,30,0,0,0,0,-999
AL092019,HUMBERTO,34,20190915,1800,,TS,29.1N,78.1W,60,993,100,130,40,60,60,60,0,30,0,0,0,0,-999
AL092019,HUMBERTO,34,20190916,0000,,HU,29.2N,77.8W,65,987,100,130,40,60,60,60,0,30,25,25,0,0,-999
AL092019,HUMBERTO,34,20190916,0600,,HU,29.5N,77.3W,70,982,110,130,50,70,60,60,20,30,25,25,0,15,-999
AL092019,HUMBERTO,34,20190916,1200,,HU,29.8N,76.7W,75,979,110,130,50,70,60,60,30,40,25,25,0,20,-999
AL092019,HUMBERTO,34,20190916,1800,,HU,30.1N,76.1W,75,975,120,140,60,70,60,60,30,40,25,25,20,20,-999
AL092019,HUMBERTO,34,20190917,0000,,HU,30.3N,75.4W,80,966,120,140,60,80,70,70,40,50,30,30,20,20,-999
AL092019,HUMBERTO,34,20190917,0600,,HU,30.5N,74.7W,85,964,120,140,70,90,70,70,50,60,30,30,20,30,-999
AL092019,HUMBERTO,34,20190917,1200,,HU,30.7N,73.8W,90,961,130,150,80,100,80,80,60,70,40,40,30,40,-999
AL092019,HUMBERTO,34,20190917,1800,,HU,30.9N,72.9W,95,956,130,150,110,120,80,80,60,80,40,50,40,40,-999
AL092019,HUMBERTO,34,20190918,0000,,HU,31.2N,71.6W,100,952,140,160,120,120,90,90,70,80,50,60,50,50,-999
AL092019,HUMBERTO,34,20190918,0600,,HU,31.5N,70.3W,105,951,140,160,130,130,90,90,80,80,50,60,60,50,-999
AL092019,HUMBERTO,34,20190918,1200,,HU,32.0N,68.8W,105,951,150,170,150,140,100,100,90,90,60,70,70,60,-999
AL092019,HUMBERTO,34,20190918,1800,,HU,32.5N,67.2W,110,950,150,170,150,140,100,100,90,90,60,70,70,60,-999
AL092019,HUMBERTO,34,20190919,0000,,HU,33.2N,65.0W,110,950,170,180,150,160,100,120,100,100,60,80,70,60,-999
AL092019,HUMBERTO,34,20190919,0300,T,HU,33.8N,64.0W,110,950,200,190,150,180,100,120,100,100,60,80,70,60,-999
AL092019,HUMBERTO,34,20190919,0600,,HU,34.5N,62.9W,105,951,220,200,160,200,120,120,100,100,60,80,70,60,-999
AL092019,HUMBERTO,34,20190919,1200,,HU,36.0N,60.8W,95,955,250,220,170,250,140,120,110,110,60,80,70,60,-999
AL092019,HUMBERTO,34,20190919,1800,,HU,37.7N,59.3W,80,961,290,240,180,290,140,120,120,120,60,70,70,60,-999
AL092019,HUMBERTO,34,20190920,0000,,EX,39.1N,58.5W,70,967,310,240,180,310,130,120,120,120,60,70,70,60,-999
AL092019,HUMBERTO,34,20190920,0600,,EX,40.4N,58.0W,60,972,330,240,180,330,120,120,120,110,0,0,0,0,-999
AL092019,HUMBERTO,34,20190920,1200,,EX,41.5N,57.5W,50,977,330,240,180,330,100,0,0,100,0,0,0,0,-999
AL102019,JERRY,45,20190917,0000,,LO,12.6N,42.6W,25,1009,0,0,0,0,0,0,0,0,0,0,0,0,-999
AL102019,JERRY,45,20190917,0600,,TD,12.8N,43.5W,30,1007,0,0,0,0,0,0,0,0,0,0,0,0,-999
AL102019,JERRY,45,20190917,1200,,TD,13.0N,44.4W,30,1007,0,0,0,0,0,0,0,0,0,0,0,0,-999
AL102019,JERRY,45,20190917,1800,,TD,13.3N,45.4W,30,1007,0,0,0,0,0,0,0,0,0,0,0,0,-999
AL102019,JERRY,45,20190918,0000,,TD,13.6N,46.3W,30,1006,0,0,0,0,0,0,0,0,0,0,0,0,-999
AL102019,JERRY,45,20190918,0600,,TS,14.0N,47.4W,35,1005,40,30,0,40,0,0,0,0,0,0,0,0,-999
AL102019,JERRY,45,20190918,1200,,TS,14.4N,48.6W,45,1002,40,30,30,40,0,0,0,0,0,0,0,0,-999
AL102019,JERRY,45,20190918,1800,,TS,14.8N,49.9W,50,1000,40,40,30,40,20,20,0,0,0,0,0,0,-999
AL102019,JERRY,45,20190919,0000,,TS,15.2N,51.2W,55,998,40,40,30,40,20,20,0,0,0,0,0,0,-999
AL102019,JERRY,45,20190919,0600,,TS,15.8N,52.5W,60,996,50,40,30,40,20,20,0,0,0,0,0,0,-999
AL102019,JERRY,45,20190919,1200,,HU,16.5N,53.8W,70,990,60,40,30,40,30,20,20,20,15,10,0,10,-999
AL102019,JERRY,45,20190919,1800,,HU,17.2N,55.2W,80,981,60,40,30,40,30,20,20,20,20,10,0,10,-999
AL102019,JERRY,45,20190920,0000,,HU,17.7N,56.6W,90,976,70,40,30,40,40,20,20,20,20,10,10,15,-999
AL102019,JERRY,45,20190920,0600,,HU,18.1N,58.1W,85,983,70,40,30,40,40,20,20,30,20,10,10,15,-999
AL102019,JERRY,45,20190920,1200,,HU,18.5N,59.7W,75,990,70,40,30,40,40,20,20,30,15,0,0,15,-999
AL102019,JERRY,45,20190920,1800,,HU,19.2N,61.2W,65,991,80,60,30,60,40,30,20,30,15,0,0,15,-999
AL102019,JERRY,45,20190921,0000,,TS,20.1N,62.4W,60,993,80,60,20,70,40,30,0,30,0,0,0,0,-999
AL102019,JERRY,45,20190921,0600,,TS,21.0N,63.5W,55,995,80,60,0,70,40,30,0,0,0,0,0,0,-999
AL102019,JERRY,45,20190921,1200,,TS,21.7N,64.5W,55,998,80,70,0,70,40,30,0,0,0,0,0,0,-999
AL102019,JERRY,45,20190921,1800,,TS,22.5N,65.5W,55,998,80,70,0,60,40,30,0,0,0,0,0,0,-999
AL102019,JERRY,45,20190922,0000,,TS,23.6N,66.1W,55,998,80,70,0,60,40,30,0,0,0,0,0,0,-999
AL102019,JERRY,45,20190922,0600,,TS,24.5N,66.5W,55,998,80,90,0,40,40,40,0,0,0,0,0,0,-999
AL102019,JERRY,45,20190922,1200,,TS,25.4N,66.6W,55,997,80,90,0,40,40,40,0,0,0,0,0,0,-999
AL102019,JERRY,45,20190922,1800,,TS,26.3N,66.8W,55,994,80,90,20,40,40,40,0,0,0,0,0,0,-999
AL102019,JERRY,45,20190923,0000,,TS,27.0N,67.2W,55,993,90,120,40,60,40,40,0,0,0,0,0,0,-999
AL102019,JERRY,45,20190923,0600,,TS,27.4N,67.7W,55,992,110,150,40,70,40,40,0,30,0,0,0,0,-999
AL102019,JERRY,45,20190923,1200,,TS,27.7N,68.0W,55,991,110,150,40,70,40,40,0,30,0,0,0,0,-999
AL102019,JERRY,45,20190923,1800,,TS,28.2N,68.3W,55,991,140,150,40,70,40,40,0,40,0,0,0,0,-999
AL102019,JERRY,45,20190924,0000,,TS,28.9N,68.6W,55,991,160,150,40,70,40,40,0,40,0,0,0,0,-999
AL102019,JERRY,45,20190924,0600,,TS,29.7N,68.9W,50,991,160,150,40,80,40,40,0,30,0,0,0,0,-999
AL102019,JERRY,45,20190924,1200,,TS,30.5N,69.1W,45,991,160,150,40,80,0,0,0,0,0,0,0,0,-999
AL102019,JERRY,45,20190924,1800,,LO,30.9N,69.1W,45,993,160,150,40,60,0,0,0,0,0,0,0,0,-999
AL102019,JERRY,45,20190925,0000,,LO,31.3N,68.9W,40,996,140,120,40,40,0,0,0,0,0,0,0,0,-999
AL102019,JERRY,45,20190925,0600,,LO,31.6N,68.4W,40,997,80,120,40,0,0,0,0,0,0,0,0,0,-999
AL102019,JERRY,45,20190925,1200,,LO,31.8N,67.4W,35,999,40,120,40,0,0,0,0,0,0,0,0,0,-999
AL102019,JERRY,45,20190925,1800,,LO,32.0N,66.1W,30,1000,0,0,0,0,0,0,0,0,0,0,0,0,-999
AL102019,JERRY,45,20190926,0000,,LO,32.3N,64.9W,25,1001,0,0,0,0,0,0,0,0,0,0,0,0,-999
AL102019,JERRY,45,20190926,0600,,LO,32.9N,63.8W,25,1003,0,0,0,0,0,0,0,0,0,0,0,0,-999
AL102019,JERRY,45,20190926,1200,,LO,33.6N,62.9W,25,1005,0,0,0,0,0,0,0,0,0,0,0,0,-999
AL102019,JERRY,45,20190926,1800,,LO,34.1N,62.2W,25,1005,0,0,0,0,0,0,0,0,0,0,0,0,-999
AL102019,JERRY,45,20190927,0000,,LO,34.6N,61.4W,25,1006,0,0,0,0,0,0,0,0,0,0,0,0,-999
AL102019,JERRY,45,20190927,0600,,LO,35.0N,60.5W,25,1006,0,0,0,0,0,0,0,0,0,0,0,0,-999
AL102019,JERRY,45,20190927,1200,,LO,35.3N,59.4W,25,1006,0,0,0,0,0,0,0,0,0,0,0,0,-999
AL102019,JERRY,45,20190927,1800,,LO,35.3N,58.7W,25,1006,0,0,0,0,0,0,0,0,0,0,0,0,-999
AL102019,JERRY,45,20190928,0000,,LO,35.1N,58.3W,20,1007,0,0,0,0,0,0,0,0,0,0,0,0,-999
AL112019,IMELDA,9,20190917,1200,,TD,28.3N,95.7W,30,1008,0,0,0,0,0,0,0,0,0,0,0,0,-999
AL112019,IMELDA,9,20190917,1500,S,TS,28.6N,95.5W,35,1006,0,40,0,0,0,0,0,0,0,0,0,0,-999
AL112019,IMELDA,9,20190917,1745,L,TS,28.9N,95.4W,40,1003,0,40,0,0,0,0,0,0,0,0,0,0,-999
AL112019,IMELDA,9,20190917,1800,,TS,29.0N,95.4W,40,1003,0,40,0,0,0,0,0,0,0,0,0,0,-999
AL112019,IMELDA,9,20190918,0000,,TD,29.5N,95.5W,30,1007,0,0,0,0,0,0,0,0,0,0,0,0,-999
AL112019,IMELDA,9,20190918,0600,,TD,29.9N,95.6W,30,1007,0,0,0,0,0,0,0,0,0,0,0,0,-999
AL112019,IMELDA,9,20190918,1200,,TD,30.4N,95.5W,30,1007,0,0,0,0,0,0,0,0,0,0,0,0,-999
AL112019,IMELDA,9,20190918,1800,,TD,30.6N,95.0W,30,1007,0,0,0,0,0,0,0,0,0,0,0,0,-999
AL112019,IMELDA,9,20190919,0000,,TD,31.1N,94.8W,25,1009,0,0,0,0,0,0,0,0,0,0,0,0,-999
AL122019,KAREN,25,20190922,0000,,TD,11.5N,58.8W,30,1007,0,0,0,0,0,0,0,0,0,0,0,0,-999
AL122019,KAREN,25,20190922,0600,,TS,11.8N,59.9W,35,1007,110,110,0,0,0,0,0,0,0,0,0,0,-999
AL122019,KAREN,25,20190922,1200,,TS,12.1N,61.1W,35,1007,90,90,0,0,0,0,0,0,0,0,0,0,-999
AL122019,KAREN,25,20190922,1800,,TS,12.5N,62.2W,35,1007,70,90,0,0,0,0,0,0,0,0,0,0,-999
AL122019,KAREN,25,20190923,0000,,TS,13.0N,63.2W,35,1007,90,0,0,0,0,0,0,0,0,0,0,0,-999
AL122019,KAREN,25,20190923,0600,,TD,13.7N,64.1W,30,1007,0,0,0,0,0,0,0,0,0,0,0,0,-999
AL122019,KAREN,25,20190923,1200,,TD,14.4N,64.8W,30,1007,0,0,0,0,0,0,0,0,0,0,0,0,-999
AL122019,KAREN,25,20190923,1800,,TD,15.1N,65.4W,30,1007,0,0,0,0,0,0,0,0,0,0,0,0,-999
AL122019,KAREN,25,20190924,0000,,TD,15.7N,65.7W,30,1007,0,0,0,0,0,0,0,0,0,0,0,0,-999
AL122019,KAREN,25,20190924,0600,,TS,16.4N,65.8W,35,1006,0,70,0,0,0,0,0,0,0,0,0,0,-999
AL122019,KAREN,25,20190924,1200,,TS,17.0N,65.8W,35,1006,0,70,0,0,0,0,0,0,0,0,0,0,-999
AL122019,KAREN,25,20190924,1800,,TS,17.7N,65.6W,40,1004,0,70,30,0,0,0,0,0,0,0,0,0,-999
AL122019,KAREN,25,20190924,2200,L,TS,18.1N,65.4W,40,1004,0,70,30,0,0,0,0,0,0,0,0,0,-999
AL122019,KAREN,25,20190924,2300,L,TS,18.3N,65.3W,40,1004,0,70,30,0,0,0,0,0,0,0,0,0,-999
AL122019,KAREN,25,20190925,0000,,TS,18.5N,65.2W,40,1003,0,70,30,0,0,0,0,0,0,0,0,0,-999
AL122019,KAREN,25,20190925,0600,,TS,19.7N,65.0W,40,1003,20,60,30,0,0,0,0,0,0,0,0,0,-999
AL122019,KAREN,25,20190925,1200,,TS,21.0N,64.8W,35,1004,20,60,30,0,0,0,0,0,0,0,0,0,-999
AL122019,KAREN,25,20190925,1800,,TS,22.3N,64.5W,35,1004,0,50,30,0,0,0,0,0,0,0,0,0,-999
AL122019,KAREN,25,20190926,0000,,TS,23.6N,64.2W,35,1004,0,50,0,0,0,0,0,0,0,0,0,0,-999
AL122019,KAREN,25,20190926,0600,,TS,24.8N,64.0W,35,1004,0,50,0,0,0,0,0,0,0,0,0,0,-999
AL122019,KAREN,25,20190926,1200,,TS,25.9N,63.7W,40,1004,0,50,0,50,0,0,0,0,0,0,0,0,-999
AL122019,KAREN,25,20190926,1800,,TS,26.9N,63.1W,40,1005,0,50,0,50,0,0,0,0,0,0,0,0,-999
AL122019,KAREN,25,20190927,0000,,TS,27.7N,62.3W,35,1005,0,50,50,0,0,0,0,0,0,0,0,0,-999
AL122019,KAREN,25,20190927,0600,,TS,28.3N,61.2W,35,1005,0,50,50,0,0,0,0,0,0,0,0,0,-999
AL122019,KAREN,25,20190927,1200,,TD,28.8N,60.0W,30,1006,0,0,0,0,0,0,0,0,0,0,0,0,-999
AL132019,LORENZO,48,20190922,1800,,LO,10.9N,18.8W,25,1008,0,0,0,0,0,0,0,0,0,0,0,0,-999
AL132019,LORENZO,48,20190923,0000,,TD,11.0N,20.4W,30,1007,0,0,0,0,0,0,0,0,0,0,0,0,-999
AL132019,LORENZO,48,20190923,0600,,TS,11.0N,21.9W,35,1007,20,0,0,20,0,0,0,0,0,0,0,0,-999
AL132019,LORENZO,48,20190923,1200,,TS,11.1N,23.3W,40,1006,20,0,0,20,0,0,0,0,0,0,0,0,-999
AL132019,LORENZO,48,20190923,1800,,TS,11.2N,24.6W,45,1004,30,20,0,30,0,0,0,0,0,0,0,0,-999
AL132019,LORENZO,48,20190924,0000,,TS,11.4N,25.9W,50,1002,80,40,0,80,20,0,0,20,0,0,0,0,-999
AL132019,LORENZO,48,20190924,0600,,TS,11.8N,27.2W,55,999,100,60,0,90,20,0,0,20,0,0,0,0,-999
AL132019,LORENZO,48,20190924,1200,,TS,12.2N,28.7W,55,997,130,130,0,130,50,0,0,50,0,0,0,0,-999
AL132019,LORENZO,48,20190924,1800,,TS,12.6N,30.2W,55,997,150,140,0,150,50,0,0,50,0,0,0,0,-999
AL132019,LORENZO,48,20190925,0000,,TS,13.0N,31.6W,60,993,170,150,20,170,60,0,0,60,0,0,0,0,-999
AL132019,LORENZO,48,20190925,0600,,HU,13.4N,33.0W,70,988,170,150,30,170,60,0,0,60,20,0,0,20,-999
AL132019,LORENZO,48,20190925,1200,,HU,13.9N,34.5W,75,983,170,130,30,170,80,20,20,80,20,0,0,20,-999
AL132019,LORENZO,48,20190925,1800,,HU,14.4N,36.0W,80,979,180,130,50,170,80,20,20,80,25,10,10,25,-999
AL132019,LORENZO,48,20190926,0000,,HU,14.5N,37.5W,85,975,180,130,80,170,80,40,20,80,30,10,10,30,-999
AL132019,LORENZO,48,20190926,0600,,HU,14.7N,38.8W,95,967,180,130,80,170,80,40,30,80,30,20,20,30,-999
AL132019,LORENZO,48,20190926,1200,,HU,15.2N,39.8W,105,955,220,150,100,200,100,60,40,100,30,25,25,40,-999
AL132019,LORENZO,48,20190926,1800,,HU,16.0N,40.6W,115,947,220,150,100,200,100,60,40,100,30,25,25,40,-999
AL132019,LORENZO,48,20190927,0000,,HU,17.1N,41.2W,125,937,250,180,100,200,100,60,40,100,30,25,25,40,-999
AL132019,LORENZO,48,20190927,0600,,HU,18.1N,41.9W,125,937,250,180,120,200,120,80,50,100,40,30,25,40,-999
AL132019,LORENZO,48,20190927,1200,,HU,18.9N,42.7W,120,943,270,190,130,200,120,80,50,100,40,30,25,40,-999
AL132019,LORENZO,48,20190927,1800,,HU,19.6N,43.5W,110,948,270,200,130,200,120,80,50,100,40,30,25,40,-999
AL132019,LORENZO,48,20190928,0000,,HU,20.3N,44.2W,105,952,270,200,120,200,120,80,60,100,45,35,40,40,-999
AL132019,LORENZO,48,20190928,0600,,HU,21.1N,44.6W,100,957,250,200,120,200,100,80,60,100,45,35,40,40,-999
AL132019,LORENZO,48,20190928,1200,,HU,22.0N,44.9W,105,957,250,200,110,180,90,80,70,80,45,45,35,45,-999
AL132019,LORENZO,48,20190928,1800,,HU,22.9N,45.0W,115,951,240,200,110,180,90,90,70,80,45,45,35,45,-999
AL132019,LORENZO,48,20190929,0000,,HU,23.8N,45.0W,130,936,240,200,110,180,90,90,80,80,45,45,35,45,-999
AL132019,LORENZO,48,20190929,0300,I,HU,24.3N,45.0W,140,925,240,200,110,180,90,90,80,80,45,45,35,45,-999
AL132019,LORENZO,48,20190929,0600,,HU,24.7N,45.0W,130,933,210,200,140,180,90,90,100,80,50,50,45,50,-999
AL132019,LORENZO,48,20190929,1200,,HU,25.6N,44.8W,110,945,210,200,140,180,90,90,110,110,50,60,60,70,-999
AL132019,LORENZO,48,20190929,1800,,HU,26.4N,44.4W,90,950,210,220,150,180,100,90,110,110,70,60,60,70,-999
AL132019,LORENZO,48,20190930,0000,,HU,27.2N,44.0W,90,954,210,270,170,180,110,100,110,110,70,70,70,70,-999
AL132019,LORENZO,48,20190930,0600,,HU,28.2N,43.6W,90,955,210,270,170,180,110,100,110,110,70,70,70,70,-999
AL132019,LORENZO,48,20190930,1200,,HU,29.2N,43.2W,90,955,240,290,170,180,120,110,110,120,80,70,70,80,-999
AL132019,LORENZO,48,20190930,1800,,HU,30.2N,42.7W,90,955,240,290,200,210,130,120,130,130,80,80,70,80,-999
AL132019,LORENZO,48,20191001,0000,,HU,31.2N,41.9W,90,956,270,300,240,220,160,160,150,150,80,80,80,80,-999
AL132019,LORENZO,48,20191001,0600,,HU,32.6N,40.7W,85,957,270,300,240,220,160,170,150,150,80,80,80,80,-999
AL132019,LORENZO,48,20191001,1200,,HU,34.3N,39.0W,85,957,270,320,270,220,160,170,170,150,80,80,80,80,-999
AL132019,LORENZO,48,20191001,1800,,HU,35.9N,36.8W,85,958,270,320,300,270,180,200,170,150,80,110,110,80,-999
AL132019,LORENZO,48,20191002,0000,,HU,37.8N,34.4W,85,959,300,340,300,270,200,240,180,130,100,130,130,80,-999
AL132019,LORENZO,48,20191002,0600,,HU,40.2N,31.4W,80,959,300,340,300,270,200,240,200,130,100,130,130,80,-999
AL132019,LORENZO,48,20191002,1200,,EX,43.0N,28.0W,70,959,300,340,300,270,200,240,200,100,0,90,90,0,-999
AL132019,LORENZO,48,20191002,1800,,EX,45.9N,24.4W,65,960,300,340,300,270,200,250,200,100,0,80,80,0,-999
AL132019,LORENZO,48,20191003,0000,,EX,49.2N,21.5W,60,961,300,350,350,270,120,250,200,100,0,0,0,0,-999
AL132019,LORENZO,48,20191003,0600,,EX,52.0N,18.7W,60,962,300,350,350,270,120,200,200,100,0,0,0,0,-999
AL132019,LORENZO,48,20191003,1200,,EX,54.5N,15.7W,60,963,300,350,350,250,0,180,180,0,0,0,0,0,-999
AL132019,LORENZO,48,20191003,1800,,EX,55.8N,13.3W,60,966,300,300,300,250,0,150,180,0,0,0,0,0,-999
AL132019,LORENZO,48,20191004,0000,,EX,55.4N,10.5W,55,977,330,250,250,150,0,120,150,0,0,0,0,0,-999
AL132019,LORENZO,48,20191004,0600,,EX,54.5N,8.2W,50,985,0,200,200,0,0,0,120,0,0,0,0,0,-999
AL142019,MELISSA,25,20191008,1800,,EX,35.0N,74.1W,40,1009,240,0,0,0,0,0,0,0,0,0,0,0,-999
AL142019,MELISSA,25,20191009,0000,,EX,36.1N,72.4W,40,1009,240,90,0,180,0,0,0,0,0,0,0,0,-999
AL142019,MELISSA,25,20191009,0600,,EX,37.0N,70.4W,45,1008,210,120,0,180,0,0,0,0,0,0,0,0,-999
AL142019,MELISSA,25,20191009,1200,,EX,37.7N,68.8W,45,1007,180,150,90,180,0,0,0,0,0,0,0,0,-999
AL142019,MELISSA,25,20191009,1800,,EX,38.4N,68.1W,50,1006,180,120,120,180,90,0,0,60,0,0,0,0,-999
AL142019,MELISSA,25,20191010,0000,,EX,38.9N,68.2W,55,1004,180,90,150,180,120,0,0,90,0,0,0,0,-999
AL142019,MELISSA,25,20191010,0600,,EX,38.9N,68.7W,55,1002,210,60,150,210,120,0,0,120,0,0,0,0,-999
AL142019,MELISSA,25,20191010,1200,,EX,38.6N,69.2W,55,1000,240,0,150,240,150,0,0,150,0,0,0,0,-999
AL142019,MELISSA,25,20191010,1800,,EX,38.0N,69.2W,55,998,270,0,150,240,180,0,0,180,0,0,0,0,-999
AL142019,MELISSA,25,20191011,0000,,EX,37.9N,68.4W,55,996,300,0,150,270,0,0,0,150,0,0,0,0,-999
AL142019,MELISSA,25,20191011,0600,,SS,38.4N,68.7W,55,994,330,0,150,270,0,0,0,120,0,0,0,0,-999
AL142019,MELISSA,25,20191011,1200,,SS,38.6N,69.4W,50,995,300,0,180,240,0,0,0,120,0,0,0,0,-999
AL142019,MELISSA,25,20191011,1800,,SS,38.2N,69.7W,50,996,270,0,180,210,0,0,90,120,0,0,0,0,-999
AL142019,MELISSA,25,20191012,0000,,SS,37.8N,69.1W,50,997,240,0,150,210,0,0,90,120,0,0,0,0,-999
AL142019,MELISSA,25,20191012,0600,,SS,37.9N,68.4W,45,998,180,0,150,180,0,0,0,0,0,0,0,0,-999
AL142019,MELISSA,25,20191012,1200,,TS,38.0N,67.5W,45,998,150,60,120,120,0,0,0,0,0,0,0,0,-999
AL142019,MELISSA,25,20191012,1800,,TS,38.2N,66.3W,45,998,0,60,90,60,0,0,0,0,0,0,0,0,-999
AL142019,MELISSA,25,20191013,0000,,TS,38.6N,64.9W,45,998,0,60,90,30,0,0,0,0,0,0,0,0,-999
AL142019,MELISSA,25,20191013,0600,,TS,39.1N,63.5W,40,999,0,60,60,0,0,0,0,0,0,0,0,0,-999
AL142019,MELISSA,25,20191013,1200,,TS,39.5N,61.7W,40,1000,0,60,60,0,0,0,0,0,0,0,0,0,-999
AL142019,MELISSA,25,20191013,1800,,TS,39.7N,59.8W,35,1001,0,60,60,0,0,0,0,0,0,0,0,0,-999
AL142019,MELISSA,25,20191014,0000,,TS,40.0N,57.9W,35,1002,0,60,60,0,0,0,0,0,0,0,0,0,-999
AL142019,MELISSA,25,20191014,0600,,TS,40.5N,55.5W,35,1003,0,60,60,0,0,0,0,0,0,0,0,0,-999
AL142019,MELISSA,25,20191014,1200,,EX,40.8N,52.9W,35,1004,0,90,90,0,0,0,0,0,0,0,0,0,-999
AL142019,MELISSA,25,20191014,1800,,EX,40.9N,49.8W,35,1004,0,90,90,0,0,0,0,0,0,0,0,0,-999
AL152019,FIFTEEN,13,20191014,1200,,TD,12.6N,19.3W,30,1006,0,0,0,0,0,0,0,0,0,0,0,0,-999
AL152019,FIFTEEN,13,20191014,1800,,TD,13.3N,20.0W,30,1006,0,0,0,0,0,0,0,0,0,0,0,0,-999
AL152019,FIFTEEN,13,20191015,0000,,TD,14.2N,20.4W,30,1006,0,0,0,0,0,0,0,0,0,0,0,0,-999
AL152019,FIFTEEN,13,20191015,0600,,TD,15.0N,21.0W,30,1006,0,0,0,0,0,0,0,0,0,0,0,0,-999
AL152019,FIFTEEN,13,20191015,1200,,TD,15.7N,21.7W,30,1006,0,0,0,0,0,0,0,0,0,0,0,0,-999
AL152019,FIFTEEN,13,20191015,1800,,TD,16.3N,22.6W,30,1007,0,0,0,0,0,0,0,0,0,0,0,0,-999
AL152019,FIFTEEN,13,20191016,0000,,TD,17.0N,23.4W,30,1009,0,0,0,0,0,0,0,0,0,0,0,0,-999
AL152019,FIFTEEN,13,20191016,0600,,LO,17.6N,24.4W,25,1009,0,0,0,0,0,0,0,0,0,0,0,0,-999
AL152019,FIFTEEN,13,20191016,1200,,LO,18.2N,25.4W,25,1009,0,0,0,0,0,0,0,0,0,0,0,0,-999
AL152019,FIFTEEN,13,20191016,1800,,LO,18.7N,26.8W,25,1009,0,0,0,0,0,0,0,0,0,0,0,0,-999
AL152019,FIFTEEN,13,20191017,0000,,LO,19.2N,28.3W,25,1009,0,0,0,0,0,0,0,0,0,0,0,0,-999
AL152019,FIFTEEN,13,20191017,0600,,LO,19.5N,29.8W,25,1009,0,0,0,0,0,0,0,0,0,0,0,0,-999
AL152019,FIFTEEN,13,20191017,1200,,LO,19.3N,31.0W,25,1009,0,0,0,0,0,0,0,0,0,0,0,0,-999
AL162019,NESTOR,15,20191017,1200,,DB,22.2N,95.7W,35,1007,0,0,0,60,0,0,0,0,0,0,0,0,-999
AL162019,NESTOR,15,20191017,1800,,DB,22.6N,95.2W,35,1005,0,0,100,60,0,0,0,0,0,0,0,0,-999
AL162019,NESTOR,15,20191018,0000,,DB,23.2N,94.5W,40,1003,0,0,100,0,0,0,0,0,0,0,0,0,-999
AL162019,NESTOR,15,20191018,0600,,DB,24.1N,93.0W,45,1002,100,100,0,0,0,0,0,0,0,0,0,0,-999
AL162019,NESTOR,15,20191018,1200,,DB,25.2N,91.2W,50,1001,120,150,0,0,0,70,0,0,0,0,0,0,-999
AL162019,NESTOR,15,20191018,1800,,TS,26.4N,89.4W,50,1000,90,160,0,0,0,70,0,0,0,0,0,0,-999
AL162019,NESTOR,15,20191019,0000,,TS,27.8N,87.8W,50,996,90,160,0,0,0,70,0,0,0,0,0,0,-999
AL162019,NESTOR,15,20191019,0600,,TS,28.6N,87.1W,50,996,90,140,0,0,0,70,0,0,0,0,0,0,-999
AL162019,NESTOR,15,20191019,1200,,EX,29.3N,86.4W,40,996,90,140,0,0,0,0,0,0,0,0,0,0,-999
AL162019,NESTOR,15,20191019,1800,,EX,30.2N,85.4W,40,999,210,0,0,0,0,0,0,0,0,0,0,0,-999
AL162019,NESTOR,15,20191020,0000,,EX,31.2N,84.2W,35,1000,240,240,0,0,0,0,0,0,0,0,0,0,-999
AL162019,NESTOR,15,20191020,0600,,EX,33.1N,81.7W,40,1002,210,240,0,0,0,0,0,0,0,0,0,0,-999
AL162019,NESTOR,15,20191020,1200,,EX,35.1N,79.1W,40,1002,200,240,0,0,0,0,0,0,0,0,0,0,-999
AL162019,NESTOR,15,20191020,1800,,EX,37.0N,76.7W,40,1002,150,240,0,0,0,0,0,0,0,0,0,0,-999
AL162019,NESTOR,15,20191021,0000,,EX,37.5N,74.5W,40,1001,180,240,0,0,0,0,0,0,0,0,0,0,-999
AL172019,OLGA,10,20191025,1200,,TS,24.7N,94.8W,35,1004,80,0,0,0,0,0,0,0,0,0,0,0,-999
AL172019,OLGA,10,20191025,1800,,TS,25.9N,93.6W,40,998,80,0,0,0,0,0,0,0,0,0,0,0,-999
AL172019,OLGA,10,20191026,0000,,EX,27.0N,92.5W,45,996,20,20,120,120,0,0,0,0,0,0,0,0,-999
AL172019,OLGA,10,20191026,0600,,EX,28.8N,91.2W,45,994,20,20,120,120,0,0,0,0,0,0,0,0,-999
AL172019,OLGA,10,20191026,1200,,EX,31.7N,90.0W,45,993,20,20,120,120,0,0,0,0,0,0,0,0,-999
AL172019,OLGA,10,20191026,1800,,EX,36.2N,89.3W,40,993,20,20,120,120,0,0,0,0,0,0,0,0,-999
AL172019,OLGA,10,20191027,0000,,EX,40.1N,88.0W,30,992,0,0,0,0,0,0,0,0,0,0,0,0,-999
AL172019,OLGA,10,20191027,0600,,EX,42.5N,87.0W,30,992,0,0,0,0,0,0,0,0,0,0,0,0,-999
AL172019,OLGA,10,20191027,1200,,EX,44.5N,84.7W,30,994,0,0,0,0,0,0,0,0,0,0,0,0,-999
AL172019,OLGA,10,20191027,1800,,EX,46.0N,80.3W,30,998,0,0,0,0,0,0,0,0,0,0,0,0,-999
AL182019,PABLO,22,20191023,1800,,EX,40.0N,38.3W,40,1000,120,0,0,120,0,0,0,0,0,0,0,0,-999
AL182019,PABLO,22,20191024,0000,,EX,40.2N,38.4W,50,998,180,0,60,180,0,0,0,70,0,0,0,0,-999
AL182019,PABLO,22,20191024,0600,,EX,39.0N,39.9W,50,995,180,0,90,180,0,0,50,50,0,0,0,0,-999
AL182019,PABLO,22,20191024,1200,,EX,36.9N,39.3W,50,990,240,100,150,80,0,0,40,40,0,0,0,0,-999
AL182019,PABLO,22,20191024,1800,,EX,35.8N,36.9W,45,988,0,0,60,0,0,0,0,0,0,0,0,0,-999
AL182019,PABLO,22,20191025,0000,,SS,35.9N,35.1W,45,988,0,60,60,0,0,0,0,0,0,0,0,0,-999
AL182019,PABLO,22,20191025,0600,,SS,36.3N,34.0W,45,988,0,60,60,0,0,0,0,0,0,0,0,0,-999
AL182019,PABLO,22,20191025,1200,,SS,36.4N,33.2W,40,989,0,0,0,20,0,0,0,0,0,0,0,0,-999
AL182019,PABLO,22,20191025,1800,,TS,35.9N,32.7W,40,990,0,0,0,20,0,0,0,0,0,0,0,0,-999
AL182019,PABLO,22,20191026,0000,,TS,35.5N,31.8W,40,990,0,0,0,30,0,0,0,0,0,0,0,0,-999
AL182019,PABLO,22,20191026,0600,,TS,35.2N,30.7W,40,990,0,30,30,30,0,0,0,0,0,0,0,0,-999
AL182019,PABLO,22,20191026,1200,,TS,35.1N,29.1W,45,989,0,30,40,30,0,0,0,0,0,0,0,0,-999
AL182019,PABLO,22,20191026,1800,,TS,35.6N,26.6W,50,987,10,30,40,30,0,10,10,0,0,0,0,0,-999
AL182019,PABLO,22,20191027,0000,,TS,37.0N,23.8W,55,985,30,70,40,20,0,20,0,0,0,0,0,0,-999
AL182019,PABLO,22,20191027,0600,,TS,39.5N,20.7W,60,983,40,70,40,20,10,20,10,0,0,0,0,0,-999
AL182019,PABLO,22,20191027,1200,,HU,41.9N,18.8W,65,980,40,70,40,20,10,20,10,0,0,10,0,0,-999
AL182019,PABLO,22,20191027,1800,,HU,44.1N,17.3W,70,977,40,70,40,20,10,20,10,0,0,10,0,0,-999
AL182019,PABLO,22,20191028,0000,,TS,45.5N,17.0W,60,982,40,50,30,20,10,20,10,0,0,0,0,0,-999
AL182019,PABLO,22,20191028,0600,,TS,46.3N,17.6W,45,990,30,40,20,20,0,0,0,0,0,0,0,0,-999
AL182019,PABLO,22,20191028,1200,,EX,46.5N,17.9W,35,995,0,0,0,50,0,0,0,0,0,0,0,0,-999
AL182019,PABLO,22,20191028,1800,,EX,46.6N,17.6W,35,995,0,0,0,50,0,0,0,0,0,0,0,0,-999
AL182019,PABLO,22,20191029,0000,,EX,46.8N,16.4W,30,995,0,0,0,0,0,0,0,0,0,0,0,0,-999
AL192019,REBEKAH,23,20191027,0000,,EX,40.5N,51.5W,35,1004,0,0,150,150,0,0,0,0,0,0,0,0,-999
AL192019,REBEKAH,23,20191027,0600,,EX,40.4N,48.0W,50,989,0,0,180,180,0,0,120,120,0,0,0,0,-999
AL192019,REBEKAH,23,20191027,1200,,EX,40.2N,45.0W,60,976,0,0,210,210,0,0,120,120,0,0,0,0,-999
AL192019,REBEKAH,23,20191027,1800,,EX,40.2N,43.1W,65,968,120,120,240,240,60,60,160,160,0,0,110,110,-999
AL192019,REBEKAH,23,20191028,0000,,EX,40.5N,41.1W,70,965,180,180,300,300,60,110,200,200,0,0,110,110,-999
AL192019,REBEKAH,23,20191028,0600,,EX,41.2N,39.5W,70,966,180,200,330,330,0,160,240,240,0,0,110,110,-999
AL192019,REBEKAH,23,20191028,1200,,EX,42.4N,39.4W,65,967,200,300,360,360,0,0,240,240,0,0,100,100,-999
AL192019,REBEKAH,23,20191028,1800,,EX,42.9N,40.4W,60,969,300,360,400,400,0,0,240,330,0,0,0,0,-999
AL192019,REBEKAH,23,20191029,0000,,EX,42.2N,40.1W,55,971,360,400,440,400,0,0,250,350,0,0,0,0,-999
AL192019,REBEKAH,23,20191029,0600,,EX,42.3N,38.5W,55,973,400,400,440,400,0,0,250,350,0,0,0,0,-999
AL192019,REBEKAH,23,20191029,1200,,EX,43.0N,38.9W,55,975,440,400,440,440,0,0,300,350,0,0,0,0,-999
AL192019,REBEKAH,23,20191029,1800,,EX,43.4N,40.6W,50,977,470,400,470,500,0,0,300,390,0,0,0,0,-999
AL192019,REBEKAH,23,20191030,0000,,EX,41.8N,42.7W,50,979,470,400,470,500,0,0,110,110,0,0,0,0,-999
AL192019,REBEKAH,23,20191030,0600,,EX,39.9N,43.7W,50,980,470,400,470,500,0,0,90,90,0,0,0,0,-999
AL192019,REBEKAH,23,20191030,1200,,SS,38.3N,42.8W,45,982,0,40,80,80,0,0,0,0,0,0,0,0,-999
AL192019,REBEKAH,23,20191030,1800,,SS,38.1N,41.5W,45,984,0,40,80,80,0,0,0,0,0,0,0,0,-999
AL192019,REBEKAH,23,20191031,0000,,SS,38.4N,40.0W,45,986,0,70,70,0,0,0,0,0,0,0,0,0,-999
AL192019,REBEKAH,23,20191031,0600,,SS,39.3N,37.7W,40,988,0,70,70,0,0,0,0,0,0,0,0,0,-999
AL192019,REBEKAH,23,20191031,1200,,SS,40.3N,36.2W,40,990,0,60,0,0,0,0,0,0,0,0,0,0,-999
AL192019,REBEKAH,23,20191031,1800,,SS,41.0N,34.5W,40,992,0,60,0,0,0,0,0,0,0,0,0,0,-999
AL192019,REBEKAH,23,20191101,0000,,SS,40.8N,32.4W,35,995,0,60,0,0,0,0,0,0,0,0,0,0,-999
AL192019,REBEKAH,23,20191101,0600,,EX,40.6N,30.2W,35,1002,0,60,100,100,0,0,0,0,0,0,0,0,-999
AL192019,REBEKAH,23,20191101,1200,,EX,40.5N,27.5W,35,1016,0,0,0,100,0,0,0,0,0,0,0,0,-999
AL202019,SEBASTIEN,34,20191119,0600,,TS,19.4N,58.1W,35,1006,90,0,0,0,0,0,0,0,0,0,0,0,-999
AL202019,SEBASTIEN,34,20191119,1200,,TS,19.9N,58.5W,40,1004,90,120,0,0,0,0,0,0,0,0,0,0,-999
AL202019,SEBASTIEN,34,20191119,1800,,TS,20.3N,59.4W,40,1004,90,140,0,0,0,0,0,0,0,0,0,0,-999
AL202019,SEBASTIEN,34,20191120,0000,,TS,20.4N,60.3W,40,1002,90,140,0,0,0,0,0,0,0,0,0,0,-999
AL202019,SEBASTIEN,34,20191120,0600,,TS,20.5N,61.0W,45,1000,90,140,0,0,0,0,0,0,0,0,0,0,-999
AL202019,SEBASTIEN,34,20191120,1200,,TS,20.8N,61.7W,45,999,100,140,0,0,0,0,0,0,0,0,0,0,-999
AL202019,SEBASTIEN,34,20191120,1800,,TS,21.3N,61.7W,45,999,100,140,0,0,0,0,0,0,0,0,0,0,-999
AL202019,SEBASTIEN,34,20191121,0000,,TS,21.9N,61.7W,50,996,120,140,0,0,0,80,0,0,0,0,0,0,-999
AL202019,SEBASTIEN,34,20191121,0600,,TS,22.4N,61.4W,50,996,120,140,0,0,0,80,0,0,0,0,0,0,-999
AL202019,SEBASTIEN,34,20191121,1200,,TS,22.9N,60.9W,50,996,120,140,0,0,0,80,0,0,0,0,0,0,-999
AL202019,SEBASTIEN,34,20191121,1800,,TS,23.5N,60.1W,50,996,120,140,0,0,0,80,0,0,0,0,0,0,-999
AL202019,SEBASTIEN,34,20191122,0000,,TS,24.2N,58.8W,50,996,120,140,50,80,0,60,0,0,0,0,0,0,-999
AL202019,SEBASTIEN,34,20191122,0600,,TS,24.5N,57.3W,50,996,120,120,50,80,0,60,0,0,0,0,0,0,-999
AL202019,SEBASTIEN,34,20191122,1200,,TS,25.0N,55.8W,50,996,90,90,60,100,30,40,0,0,0,0,0,0,-999
AL202019,SEBASTIEN,34,20191122,1800,,TS,25.8N,54.4W,55,994,90,90,60,100,30,40,0,30,0,0,0,0,-999
AL202019,SEBASTIEN,34,20191123,0000,,TS,26.7N,52.6W,60,991,90,90,60,100,40,40,30,40,0,0,0,0,-999
AL202019,SEBASTIEN,34,20191123,0600,,TS,28.1N,50.5W,60,991,90,90,60,100,40,40,30,40,0,0,0,0,-999
AL202019,SEBASTIEN,34,20191123,1200,,TS,29.6N,48.4W,55,994,80,90,50,80,30,30,20,30,0,0,0,0,-999
AL202019,SEBASTIEN,34,20191123,1800,,TS,31.5N,46.4W,55,994,80,80,50,60,30,30,0,0,0,0,0,0,-999
AL202019,SEBASTIEN,34,20191124,0000,,TS,33.5N,44.4W,55,994,80,80,50,60,30,30,0,0,0,0,0,0,-999
AL202019,SEBASTIEN,34,20191124,0600,,TS,35.2N,41.7W,55,994,90,100,60,60,30,30,0,0,0,0,0,0,-999
AL202019,SEBASTIEN,34,20191124,1200,,TS,36.6N,38.5W,55,994,120,120,90,90,40,40,0,0,0,0,0,0,-999
AL202019,SEBASTIEN,34,20191124,1800,,TS,38.2N,34.7W,55,994,140,140,120,120,40,50,40,30,0,0,0,0,-999
AL202019,SEBASTIEN,34,20191125,0000,,EX,40.0N,30.9W,55,992,150,160,160,120,40,60,40,40,0,0,0,0,-999
AL202019,SEBASTIEN,34,20191125,0600,,EX,41.9N,26.7W,60,988,150,180,180,120,50,80,50,50,0,0,0,0,-999
AL202019,SEBASTIEN,34,20191125,1200,,EX,44.0N,22.0W,60,982,150,220,200,120,50,160,60,50,0,0,0,0,-999
AL202019,SEBASTIEN,34,20191125,1800,,EX,46.4N,16.3W,60,978,120,220,200,80,0,160,100,0,0,0,0,0,-999
AL202019,SEBASTIEN,34,20191126,0000,,EX,48.8N,12.2W,55,974,90,220,180,80,0,100,0,0,0,0,0,0,-999
AL202019,SEBASTIEN,34,20191126,0600,,EX,51.3N,9.3W,50,972,90,220,150,90,0,100,0,0,0,0,0,0,-999
AL202019,SEBASTIEN,34,20191126,1200,,EX,52.2N,9.3W,45,970,90,240,120,90,0,0,0,0,0,0,0,0,-999
AL202019,SEBASTIEN,34,20191126,1800,,EX,52.2N,8.9W,40,972,90,240,90,90,0,0,0,0,0,0,0,0,-999
AL202019,SEBASTIEN,34,20191127,0000,,EX,51.8N,8.2W,40,974,0,210,90,0,0,0,0,0,0,0,0,0,-999
AL202019,SEBASTIEN,34,20191127,0600,,EX,51.4N,6.0W,40,976,0,180,90,0,0,0,0,0,0,0,0,0,-999
AL202019,SEBASTIEN,34,20191127,1200,,EX,51.3N,2.1W,40,980,0,120,90,0,0,0,0,0,0,0,0,0,-999
AL012020,ARTHUR,18,20200516,1800,,TD,28.0N,78.7W,30,1008,0,0,0,0,0,0,0,0,0,0,0,0,-999
AL012020,ARTHUR,18,20200517,0000,,TS,28.9N,78.0W,35,1006,70,70,0,0,0,0,0,0,0,0,0,0,-999
AL012020,ARTHUR,18,20200517,0600,,TS,29.6N,77.6W,35,1004,70,70,0,0,0,0,0,0,0,0,0,0,-999
AL012020,ARTHUR,18,20200517,1200,,TS,30.3N,77.5W,35,1003,90,90,0,0,0,0,0,0,0,0,0,0,-999
AL012020,ARTHUR,18,20200517,1800,,TS,31.0N,77.3W,40,1003,90,90,0,0,0,0,0,0,0,0,0,0,-999
AL012020,ARTHUR,18,20200518,0000,,TS,31.9N,77.0W,40,1003,90,90,0,0,0,0,0,0,0,0,0,0,-999
AL012020,ARTHUR,18,20200518,0600,,TS,33.1N,76.7W,40,1002,90,90,0,0,0,0,0,0,0,0,0,0,-999
AL012020,ARTHUR,18,20200518,1200,,TS,34.4N,75.9W,45,1000,110,90,0,0,0,0,0,0,0,0,0,0,-999
AL012020,ARTHUR,18,20200518,1800,,TS,35.5N,74.7W,45,993,110,100,0,40,0,0,0,0,0,0,0,0,-999
AL012020,ARTHUR,18,20200519,0000,,TS,36.2N,73.1W,50,991,110,110,90,90,0,0,0,60,0,0,0,0,-999
AL012020,ARTHUR,18,20200519,0600,,TS,36.8N,71.4W,50,990,200,110,110,90,0,0,0,60,0,0,0,0,-999
AL012020,ARTHUR,18,20200519,1200,,EX,37.0N,69.5W,55,989,300,120,100,210,90,0,0,60,0,0,0,0,-999
AL012020,ARTHUR,18,20200519,1800,,EX,36.9N,67.8W,50,991,300,120,100,210,90,0,0,50,0,0,0,0,-999
AL012020,ARTHUR,18,20200520,0000,,EX,36.2N,66.8W,50,993,240,150,90,90,90,0,0,0,0,0,0,0,-999
AL012020,ARTHUR,18,20200520,0600,,EX,35.5N,66.0W,50,997,200,130,90,90,90,0,0,0,0,0,0,0,-999
AL012020,ARTHUR,18,20200520,1200,,EX,34.6N,65.6W,50,1002,200,130,90,90,60,0,0,0,0,0,0,0,-999
AL012020,ARTHUR,18,20200520,1800,,EX,33.7N,65.3W,45,1006,200,0,0,90,0,0,0,0,0,0,0,0,-999
AL012020,ARTHUR,18,20200521,0000,,EX,32.8N,65.0W,40,1008,200,0,0,90,0,0,0,0,0,0,0,0,-999
AL022020,BERTHA,7,20200527,0600,,TS,31.5N,78.8W,40,1006,20,20,0,0,0,0,0,0,0,0,0,0,-999
AL022020,BERTHA,7,20200527,1200,,TS,32.6N,79.5W,45,1005,20,20,0,0,0,0,0,0,0,0,0,0,-999
AL022020,BERTHA,7,20200527,1330,L,TS,32.9N,79.7W,45,1005,20,20,0,0,0,0,0,0,0,0,0,0,-999
AL022020,BERTHA,7,20200527,1800,,TD,33.7N,80.1W,30,1007,0,0,0,0,0,0,0,0,0,0,0,0,-999
AL022020,BERTHA,7,20200528,0000,,TD,34.9N,80.7W,25,1008,0,0,0,0,0,0,0,0,0,0,0,0,-999
AL022020,BERTHA,7,20200528,0600,,EX,37.1N,81.1W,20,1011,0,0,0,0,0,0,0,0,0,0,0,0,-999
AL022020,BERTHA,7,20200528,1200,,EX,39.9N,80.6W,20,1011,0,0,0,0,0,0,0,0,0,0,0,0,-999
AL032020,CRISTOBAL,45,20200601,1800,,TD,19.4N,90.9W,25,1006,0,0,0,0,0,0,0,0,0,0,0,0,-999
AL032020,CRISTOBAL,45,20200602,0000,,TD,19.6N,91.6W,25,1005,0,0,0,0,0,0,0,0,0,0,0,0,-999
AL032020,CRISTOBAL,45,20200602,0600,,TD,19.6N,92.1W,30,1005,0,0,0,0,0,0,0,0,0,0,0,0,-999
AL032020,CRISTOBAL,45,20200602,1200,,TS,19.5N,92.5W,35,1004,0,60,60,0,0,0,0,0,0,0,0,0,-999
AL032020,CRISTOBAL,45,20200602,1800,,TS,19.2N,92.6W,40,1001,60,60,60,0,0,0,0,0,0,0,0,0,-999
AL032020,CRISTOBAL,45,20200603,0000,,TS,19.0N,92.5W,45,996,60,50,50,60,0,0,0,0,0,0,0,0,-999
AL032020,CRISTOBAL,45,20200603,0600,,TS,18.9N,92.3W,50,994,50,40,40,50,20,0,20,20,0,0,0,0,-999
AL032020,CRISTOBAL,45,20200603,1200,,TS,18.8N,92.2W,50,993,50,40,40,50,20,0,20,20,0,0,0,0,-999
AL032020,CRISTOBAL,45,20200603,1300,L,TS,18.7N,92.1W,50,993,50,40,40,50,20,0,20,20,0,0,0,0,-999
AL032020,CRISTOBAL,45,20200603,1800,,TS,18.5N,91.9W,45,994,50,40,40,50,0,0,0,0,0,0,0,0,-999
AL032020,CRISTOBAL,45,20200604,0000,,TS,18.2N,91.7W,40,995,50,30,30,50,0,0,0,0,0,0,0,0,-999
AL032020,CRISTOBAL,45,20200604,0600,,TS,17.9N,91.5W,35,997,50,20,20,50,0,0,0,0,0,0,0,0,-999
AL032020,CRISTOBAL,45,20200604,1200,,TD,17.7N,91.2W,30,999,0,0,0,0,0,0,0,0,0,0,0,0,-999
AL032020,CRISTOBAL,45,20200604,1800,,TD,17.6N,90.8W,30,999,0,0,0,0,0,0,0,0,0,0,0,0,-999
AL032020,CRISTOBAL,45,20200605,0000,,TD,17.9N,90.4W,30,999,0,0,0,0,0,0,0,0,0,0,0,0,-999
AL032020,CRISTOBAL,45,20200605,0600,,TS,18.6N,90.1W,35,998,210,0,0,0,0,0,0,0,0,0,0,0,-999
AL032020,CRISTOBAL,45,20200605,1200,,TS,19.6N,89.9W,40,997,210,180,0,0,0,0,0,0,0,0,0,0,-999
AL032020,CRISTOBAL,45,20200605,1800,,TS,20.8N,89.9W,45,997,210,180,0,120,0,0,0,0,0,0,0,0,-999
AL032020,CRISTOBAL,45,20200606,0000,,TS,22.0N,90.0W,50,996,210,180,0,120,150,0,0,0,0,0,0,0,-999
AL032020,CRISTOBAL,45,20200606,0600,,TS,23.0N,90.1W,50,994,210,180,0,120,150,0,0,0,0,0,0,0,-999
AL032020,CRISTOBAL,45,20200606,1200,,TS,23.9N,90.2W,45,992,210,180,80,130,0,0,0,0,0,0,0,0,-999
AL032020,CRISTOBAL,45,20200606,1800,,TS,24.8N,90.2W,45,992,210,180,90,140,0,0,0,0,0,0,0,0,-999
AL032020,CRISTOBAL,45,20200607,0000,,TS,25.8N,90.1W,45,992,210,180,90,140,0,0,0,0,0,0,0,0,-999
AL032020,CRISTOBAL,45,20200607,0600,,TS,26.9N,90.0W,45,992,180,180,90,140,0,0,0,0,0,0,0,0,-999
AL032020,CRISTOBAL,45,20200607,1200,,TS,28.0N,89.9W,45,991,180,180,90,140,0,0,0,0,0,0,0,0,-999
AL032020,CRISTOBAL,45,20200607,1800,,TS,29.0N,89.8W,45,990,180,180,90,140,0,0,0,0,0,0,0,0,-999
AL032020,CRISTOBAL,45,20200607,2200,L,TS,29.3N,89.8W,45,990,180,180,90,140,0,0,0,0,0,0,0,0,-999
AL032020,CRISTOBAL,45,20200608,0000,,TS,29.8N,89.9W,45,990,160,180,80,60,0,0,0,0,0,0,0,0,-999
AL032020,CRISTOBAL,45,20200608,0600,,TS,30.6N,90.6W,35,991,0,180,0,0,0,0,0,0,0,0,0,0,-999
AL032020,CRISTOBAL,45,20200608,1200,,TD,31.7N,91.5W,30,993,0,0,0,0,0,0,0,0,0,0,0,0,-999
AL032020,CRISTOBAL,45,20200608,1800,,TD,32.9N,92.0W,30,994,0,0,0,0,0,0,0,0,0,0,0,0,-999
AL032020,CRISTOBAL,45,20200609,0000,,TD,34.2N,92.1W,25,994,0,0,0,0,0,0,0,0,0,0,0,0,-999
AL032020,CRISTOBAL,45,20200609,0600,,TD,35.8N,92.2W,25,993,0,0,0,0,0,0,0,0,0,0,0,0,-999
AL032020,CRISTOBAL,45,20200609,1200,,TD,38.0N,92.1W,25,991,0,0,0,0,0,0,0,0,0,0,0,0,-999
AL032020,CRISTOBAL,45,20200609,1800,,TD,40.3N,91.7W,30,988,0,0,0,0,0,0,0,0,0,0,0,0,-999
AL032020,CRISTOBAL,45,20200610,0000,,EX,42.6N,90.8W,30,986,0,0,0,0,0,0,0,0,0,0,0,0,-999
AL032020,CRISTOBAL,45,20200610,0600,,EX,45.0N,89.3W,35,983,0,120,0,0,0,0,0,0,0,0,0,0,-999
AL032020,CRISTOBAL,45,20200610,1200,,EX,47.5N,87.4W,35,982,0,150,0,0,0,0,0,0,0,0,0,0,-999
AL032020,CRISTOBAL,45,20200610,1800,,EX,49.8N,85.1W,35,982,0,0,180,0,0,0,0,0,0,0,0,0,-999
AL032020,CRISTOBAL,45,20200611,0000,,EX,51.7N,82.6W,30,983,0,0,0,0,0,0,0,0,0,0,0,0,-999
AL032020,CRISTOBAL,45,20200611,0600,,EX,52.7N,81.2W,30,985,0,0,0,0,0,0,0,0,0,0,0,0,-999
AL032020,CRISTOBAL,45,20200611,1200,,EX,53.2N,80.4W,35,987,240,0,0,0,0,0,0,0,0,0,0,0,-999
AL032020,CRISTOBAL,45,20200611,1800,,EX,53.4N,79.8W,35,989,240,0,0,180,0,0,0,0,0,0,0,0,-999
AL032020,CRISTOBAL,45,20200612,0000,,EX,53.3N,79.4W,35,992,0,0,0,150,0,0,0,0,0,0,0,0,-999
AL032020,CRISTOBAL,45,20200612,0600,,EX,52.5N,79.1W,35,998,0,0,0,120,0,0,0,0,0,0,0,0,-999
AL042020,DOLLY,12,20200622,0600,,LO,38.6N,67.1W,30,1010,0,0,0,0,0,0,0,0,0,0,0,0,-999
AL042020,DOLLY,12,20200622,1200,,SD,38.4N,66.9W,30,1009,0,0,0,0,0,0,0,0,0,0,0,0,-999
AL042020,DOLLY,12,20200622,1800,,SD,38.1N,66.2W,30,1008,0,0,0,0,0,0,0,0,0,0,0,0,-999
AL042020,DOLLY,12,20200623,0000,,SD,38.5N,65.1W,30,1007,0,0,0,0,0,0,0,0,0,0,0,0,-999
AL042020,DOLLY,12,20200623,0600,,SS,39.0N,63.9W,35,1003,0,60,60,0,0,0,0,0,0,0,0,0,-999
AL042020,DOLLY,12,20200623,1200,,TS,39.4N,62.7W,40,1000,0,60,60,0,0,0,0,0,0,0,0,0,-999
AL042020,DOLLY,12,20200623,1800,,TS,39.8N,61.6W,40,1000,0,60,60,0,0,0,0,0,0,0,0,0,-999
AL042020,DOLLY,12,20200624,0000,,TS,40.2N,60.6W,35,1002,0,60,60,0,0,0,0,0,0,0,0,0,-999
AL042020,DOLLY,12,20200624,0600,,LO,41.0N,59.6W,30,1005,0,0,0,0,0,0,0,0,0,0,0,0,-999
AL042020,DOLLY,12,20200624,1200,,LO,42.0N,58.5W,30,1007,0,0,0,0,0,0,0,0,0,0,0,0,-999
AL042020,DOLLY,12,20200624,1800,,LO,43.0N,57.1W,25,1008,0,0,0,0,0,0,0,0,0,0,0,0,-999
AL042020,DOLLY,12,20200625,0000,,LO,44.1N,55.6W,25,1009,0,0,0,0,0,0,0,0,0,0,0,0,-999
AL052020,EDOUARD,22,20200704,0600,,LO,30.4N,71.2W,30,1009,0,0,0,0,0,0,0,0,0,0,0,0,-999
AL052020,EDOUARD,22,20200704,1200,,TD,30.9N,69.4W,30,1009,0,0,0,0,0,0,0,0,0,0,0,0,-999
AL052020,EDOUARD,22,20200704,1800,,TD,31.5N,68.0W,30,1007,0,0,0,0,0,0,0,0,0,0,0,0,-999
AL052020,EDOUARD,22,20200705,0000,,TD,32.1N,67.0W,30,1007,0,0,0,0,0,0,0,0,0,0,0,0,-999
AL052020,EDOUARD,22,20200705,0600,,TD,32.9N,65.8W,30,1007,0,0,0,0,0,0,0,0,0,0,0,0,-999
AL052020,EDOUARD,22,20200705,1200,,TD,33.8N,64.2W,30,1007,0,0,0,0,0,0,0,0,0,0,0,0,-999
AL052020,EDOUARD,22,20200705,1800,,TD,35.0N,61.9W,30,1007,0,0,0,0,0,0,0,0,0,0,0,0,-999
AL052020,EDOUARD,22,20200706,0000,,TS,36.4N,58.5W,35,1006,0,50,0,0,0,0,0,0,0,0,0,0,-999
AL052020,EDOUARD,22,20200706,0600,,TS,38.1N,55.3W,35,1006,0,90,0,0,0,0,0,0,0,0,0,0,-999
AL052020,EDOUARD,22,20200706,1200,,TS,39.9N,51.7W,40,1006,0,120,0,0,0,0,0,0,0,0,0,0,-999
AL052020,EDOUARD,22,20200706,1800,,TS,41.7N,47.8W,40,1005,0,120,0,0,0,0,0,0,0,0,0,0,-999
AL052020,EDOUARD,22,20200707,0000,,EX,43.6N,44.1W,40,1005,0,120,0,0,0,0,0,0,0,0,0,0,-999
AL052020,EDOUARD,22,20200707,0600,,EX,45.5N,40.3W,40,1006,0,120,0,0,0,0,0,0,0,0,0,0,-999
AL052020,EDOUARD,22,20200707,1200,,EX,47.6N,36.6W,40,1006,0,120,0,0,0,0,0,0,0,0,0,0,-999
AL052020,EDOUARD,22,20200707,1800,,EX,49.5N,32.5W,40,1006,0,120,0,0,0,0,0,0,0,0,0,0,-999
AL052020,EDOUARD,22,20200708,0000,,EX,51.0N,28.0W,35,1007,0,120,0,0,0,0,0,0,0,0,0,0,-999
AL052020,EDOUARD,22,20200708,0600,,EX,52.0N,23.5W,30,1008,0,0,0,0,0,0,0,0,0,0,0,0,-999
AL052020,EDOUARD,22,20200708,1200,,EX,52.0N,19.0W,30,1008,0,0,0,0,0,0,0,0,0,0,0,0,-999
AL052020,EDOUARD,22,20200708,1800,,EX,52.0N,14.0W,30,1008,0,0,0,0,0,0,0,0,0,0,0,0,-999
AL052020,EDOUARD,22,20200709,0000,,EX,52.0N,9.0W,30,1009,0,0,0,0,0,0,0,0,0,0,0,0,-999
AL052020,EDOUARD,22,20200709,0600,,EX,52.0N,4.0W,30,1009,0,0,0,0,0,0,0,0,0,0,0,0,-999
AL052020,EDOUARD,22,20200709,1200,,EX,52.0N,0.0E,25,1010,0,0,0,0,0,0,0,0,0,0,0,0,-999
AL062020,FAY,27,20200705,1200,,LO,27.7N,88.8W,20,1012,0,0,0,0,0,0,0,0,0,0,0,0,-999
AL062020,FAY,27,20200705,1800,,LO,28.1N,87.7W,25,1010,0,0,0,0,0,0,0,0,0,0,0,0,-999
AL062020,FAY,27,20200706,0000,,LO,28.9N,86.2W,30,1008,0,0,0,0,0,0,0,0,0,0,0,0,-999
AL062020,FAY,27,20200706,0600,,LO,29.9N,85.4W,30,1008,0,0,0,0,0,0,0,0,0,0,0,0,-999
AL062020,FAY,27,20200706,1200,,LO,30.8N,85.0W,20,1011,0,0,0,0,0,0,0,0,0,0,0,0,-999
AL062020,FAY,27,20200706,1800,,LO,31.5N,84.6W,20,1013,0,0,0,0,0,0,0,0,0,0,0,0,-999
AL062020,FAY,27,20200707,0000,,LO,32.2N,84.2W,20,1013,0,0,0,0,0,0,0,0,0,0,0,0,-999
AL062020,FAY,27,20200707,0600,,LO,32.8N,83.7W,20,1014,0,0,0,0,0,0,0,0,0,0,0,0,-999
AL062020,FAY,27,20200707,1200,,LO,33.3N,83.2W,20,1014,0,0,0,0,0,0,0,0,0,0,0,0,-999
AL062020,FAY,27,20200707,1800,,LO,33.3N,82.5W,20,1014,0,0,0,0,0,0,0,0,0,0,0,0,-999
AL062020,FAY,27,20200708,0000,,LO,33.3N,81.6W,20,1013,0,0,0,0,0,0,0,0,0,0,0,0,-999
AL062020,FAY,27,20200708,0600,,LO,33.3N,80.5W,20,1012,0,0,0,0,0,0,0,0,0,0,0,0,-999
AL062020,FAY,27,20200708,1200,,LO,33.3N,79.2W,20,1011,0,0,0,0,0,0,0,0,0,0,0,0,-999
AL062020,FAY,27,20200708,1800,,LO,33.7N,77.9W,25,1010,0,0,0,0,0,0,0,0,0,0,0,0,-999
AL062020,FAY,27,20200709,0000,,LO,33.9N,77.1W,25,1009,0,0,0,0,0,0,0,0,0,0,0,0,-999
AL062020,FAY,27,20200709,0600,,LO,34.1N,76.8W,25,1008,0,0,0,0,0,0,0,0,0,0,0,0,-999
AL062020,FAY,27,20200709,1200,,LO,34.1N,76.8W,30,1007,0,0,0,0,0,0,0,0,0,0,0,0,-999
AL062020,FAY,27,20200709,1800,,TS,35.4N,74.9W,40,1006,100,120,0,0,0,0,0,0,0,0,0,0,-999
AL062020,FAY,27,20200710,0000,,TS,36.0N,74.8W,40,1005,100,120,0,0,0,0,0,0,0,0,0,0,-999
AL062020,FAY,27,20200710,0600,,TS,36.8N,74.8W,45,1004,120,120,0,0,0,0,0,0,0,0,0,0,-999
AL062020,FAY,27,20200710,1200,,TS,37.7N,74.7W,50,998,120,120,0,70,90,0,0,0,0,0,0,0,-999
AL062020,FAY,27,20200710,1800,,TS,38.9N,74.4W,50,998,120,120,40,40,90,0,0,0,0,0,0,0,-999
AL062020,FAY,27,20200710,2000,L,TS,39.4N,74.4W,45,999,120,120,40,40,0,0,0,0,0,0,0,0,-999
AL062020,FAY,27,20200711,0000,,TS,40.2N,74.3W,35,1000,120,120,0,0,0,0,0,0,0,0,0,0,-999
AL062020,FAY,27,20200711,0600,,LO,41.5N,74.2W,30,1001,0,0,0,0,0,0,0,0,0,0,0,0,-999
AL062020,FAY,27,20200711,1200,,LO,43.4N,74.0W,25,1001,0,0,0,0,0,0,0,0,0,0,0,0,-999
AL062020,FAY,27,20200711,1800,,LO,45.4N,73.8W,20,999,0,0,0,0,0,0,0,0,0,0,0,0,-999
AL072020,GONZALO,23,20200720,1200,,LO,8.9N,36.8W,20,1010,0,0,0,0,0,0,0,0,0,0,0,0,-999
AL072020,GONZALO,23,20200720,1800,,LO,8.6N,37.5W,25,1009,0,0,0,0,0,0,0,0,0,0,0,0,-999
AL072020,GONZALO,23,20200721,0000,,LO,8.6N,38.2W,25,1009,0,0,0,0,0,0,0,0,0,0,0,0,-999
AL072020,GONZALO,23,20200721,0600,,LO,8.8N,38.8W,25,1009,0,0,0,0,0,0,0,0,0,0,0,0,-999
AL072020,GONZALO,23,20200721,1200,,LO,9.2N,39.3W,25,1009,0,0,0,0,0,0,0,0,0,0,0,0,-999
AL072020,GONZALO,23,20200721,1800,,TD,9.7N,40.0W,30,1008,0,0,0,0,0,0,0,0,0,0,0,0,-999
AL072020,GONZALO,23,20200722,0000,,TD,9.8N,40.9W,30,1008,0,0,0,0,0,0,0,0,0,0,0,0,-999
AL072020,GONZALO,23,20200722,0600,,TS,9.8N,41.9W,35,1006,20,0,0,20,0,0,0,0,0,0,0,0,-999
AL072020,GONZALO,23,20200722,1200,,TS,9.9N,43.0W,40,1003,20,0,0,20,0,0,0,0,0,0,0,0,-999
AL072020,GONZALO,23,20200722,1800,,TS,9.9N,44.2W,45,1000,30,20,20,30,0,0,0,0,0,0,0,0,-999
AL072020,GONZALO,23,20200723,0000,,TS,9.9N,45.4W,50,998,30,20,20,30,20,0,0,20,0,0,0,0,-999
AL072020,GONZALO,23,20200723,0600,,TS,9.7N,46.6W,55,997,30,20,20,30,20,0,0,20,0,0,0,0,-999
AL072020,GONZALO,23,20200723,1200,,TS,9.7N,47.6W,55,997,30,20,20,30,20,0,0,20,0,0,0,0,-999
AL072020,GONZALO,23,20200723,1800,,TS,9.7N,48.8W,50,1000,30,20,20,30,20,0,0,20,0,0,0,0,-999
AL072020,GONZALO,23,20200724,0000,,TS,9.8N,50.2W,50,1000,30,20,20,30,20,0,0,20,0,0,0,0,-999
AL072020,GONZALO,23,20200724,0600,,TS,9.9N,51.6W,50,1001,30,20,20,30,20,0,0,20,0,0,0,0,-999
AL072020,GONZALO,23,20200724,1200,,TS,9.9N,53.3W,45,1003,30,20,20,30,0,0,0,0,0,0,0,0,-999
AL072020,GONZALO,23,20200724,1800,,TS,9.9N,54.8W,35,1008,20,20,0,20,0,0,0,0,0,0,0,0,-999
AL072020,GONZALO,23,20200725,0000,,TS,10.0N,56.3W,35,1008,20,20,0,20,0,0,0,0,0,0,0,0,-999
AL072020,GONZALO,23,20200725,0600,,TS,10.1N,57.9W,35,1008,20,20,0,20,0,0,0,0,0,0,0,0,-999
AL072020,GONZALO,23,20200725,1200,,TS,10.3N,59.8W,35,1008,20,10,0,20,0,0,0,0,0,0,0,0,-999
AL072020,GONZALO,23,20200725,1530,L,TD,10.5N,61.0W,30,1009,0,0,0,0,0,0,0,0,0,0,0,0,-999
AL072020,GONZALO,23,20200725,1800,,TD,10.8N,62.1W,30,1009,0,0,0,0,0,0,0,0,0,0,0,0,-999
AL082020,HANNA,18,20200723,0000,,TD,25.7N,88.3W,25,1009,0,0,0,0,0,0,0,0,0,0,0,0,-999
AL082020,HANNA,18,20200723,0600,,TD,25.8N,89.0W,25,1009,0,0,0,0,0,0,0,0,0,0,0,0,-999
AL082020,HANNA,18,20200723,1200,,TD,25.9N,89.7W,30,1009,0,0,0,0,0,0,0,0,0,0,0,0,-999
AL082020,HANNA,18,20200723,1800,,TD,26.0N,90.4W,30,1006,0,0,0,0,0,0,0,0,0,0,0,0,-999
AL082020,HANNA,18,20200724,0000,,TS,26.2N,91.1W,35,1002,30,0,0,0,0,0,0,0,0,0,0,0,-999
AL082020,HANNA,18,20200724,0600,,TS,26.6N,92.0W,40,1001,40,40,0,0,0,0,0,0,0,0,0,0,-999
AL082020,HANNA,18,20200724,1200,,TS,27.1N,92.8W,45,1000,50,50,0,0,0,0,0,0,0,0,0,0,-999
AL082020,HANNA,18,20200724,1800,,TS,27.2N,93.7W,50,997,50,50,0,0,20,20,0,0,0,0,0,0,-999
AL082020,HANNA,18,20200725,0000,,TS,27.1N,94.5W,55,993,60,60,20,40,30,30,0,0,0,0,0,0,-999
AL082020,HANNA,18,20200725,0600,,TS,27.1N,95.3W,60,988,80,80,20,70,40,30,0,30,0,0,0,0,-999
AL082020,HANNA,18,20200725,1200,,HU,27.1N,96.0W,70,981,90,100,50,80,40,30,20,40,20,0,0,20,-999
AL082020,HANNA,18,20200725,1800,,HU,26.9N,96.8W,80,973,100,100,50,80,50,40,30,50,25,20,20,25,-999
AL082020,HANNA,18,20200725,2200,L,HU,26.8N,97.3W,80,973,100,100,50,80,50,30,30,50,25,20,20,25,20
AL082020,HANNA,18,20200725,2315,L,HU,26.7N,97.5W,80,974,100,100,50,70,50,30,30,50,25,20,20,25,20
AL082020,HANNA,18,20200726,0000,,HU,26.7N,97.6W,75,976,100,100,40,60,50,40,20,30,25,20,0,0,-999
AL082020,HANNA,18,20200726,0600,,TS,26.5N,98.5W,55,987,100,100,40,40,30,20,20,20,0,0,0,0,-999
AL082020,HANNA,18,20200726,1200,,TS,26.2N,99.3W,40,996,60,90,30,30,0,0,0,0,0,0,0,0,-999
AL082020,HANNA,18,20200726,1800,,TD,25.8N,100.3W,30,1000,0,0,0,0,0,0,0,0,0,0,0,0,-999
AL092020,ISAIAS,36,20200728,1200,,DB,12.5N,54.0W,35,1007,200,0,0,120,0,0,0,0,0,0,0,0,-999
AL092020,ISAIAS,36,20200728,1800,,DB,13.2N,56.4W,35,1006,200,0,0,120,0,0,0,0,0,0,0,0,-999
AL092020,ISAIAS,36,20200729,0000,,DB,14.1N,58.3W,40,1005,240,0,0,120,0,0,0,0,0,0,0,0,-999
AL092020,ISAIAS,36,20200729,0600,,DB,14.8N,60.3W,40,1005,240,0,0,120,0,0,0,0,0,0,0,0,-999
AL092020,ISAIAS,36,20200729,1200,,DB,15.2N,62.2W,40,1005,240,0,0,120,0,0,0,0,0,0,0,0,-999
AL092020,ISAIAS,36,20200729,1800,,DB,15.3N,64.0W,40,1005,300,0,0,120,0,0,0,0,0,0,0,0,-999
AL092020,ISAIAS,36,20200730,0000,,TS,15.8N,65.7W,45,1004,300,0,0,180,0,0,0,0,0,0,0,0,-999
AL092020,ISAIAS,36,20200730,0600,,TS,16.7N,67.2W,50,1003,300,60,0,180,80,0,0,0,0,0,0,0,-999
AL092020,ISAIAS,36,20200730,1200,,TS,17.7N,68.5W,55,1002,270,90,0,180,80,0,0,0,0,0,0,0,-999
AL092020,ISAIAS,36,20200730,1615,L,TS,18.4N,69.3W,55,1002,270,90,0,180,80,0,0,0,0,0,0,0,-999
AL092020,ISAIAS,36,20200730,1800,,TS,18.9N,69.8W,60,999,210,90,0,180,80,0,0,0,0,0,0,0,-999
AL092020,ISAIAS,36,20200731,0000,,HU,19.9N,71.2W,65,996,180,90,30,150,80,40,20,80,25,0,0,0,-999
AL092020,ISAIAS,36,20200731,0600,,HU,20.5N,72.7W,70,990,180,90,50,150,80,40,30,80,40,20,10,30,-999
AL092020,ISAIAS,36,20200731,0900,L,HU,20.9N,73.4W,70,990,180,90,50,150,80,40,30,80,40,20,10,30,-999
AL092020,ISAIAS,36,20200731,1200,,HU,21.3N,74.0W,65,992,180,90,50,150,80,40,30,70,30,20,0,20,-999
AL092020,ISAIAS,36,20200731,1800,,HU,22.1N,75.1W,70,990,150,70,30,130,80,30,0,50,30,20,0,20,-999
AL092020,ISAIAS,36,20200801,0000,,HU,22.9N,75.9W,75,987,150,70,30,130,80,30,0,50,30,20,0,20,-999
AL092020,ISAIAS,36,20200801,0600,,HU,23.6N,76.7W,75,987,150,70,30,130,80,30,0,50,30,20,0,20,-999
AL092020,ISAIAS,36,20200801,1200,,HU,24.3N,77.5W,70,987,100,70,30,100,70,30,0,30,20,15,0,20,-999
AL092020,ISAIAS,36,20200801,1300,L,HU,24.4N,77.7W,70,989,100,70,30,100,60,30,0,30,20,15,0,20,-999
AL092020,ISAIAS,36,20200801,1800,,TS,24.8N,78.3W,60,993,100,70,0,90,50,30,0,30,0,0,0,0,-999
AL092020,ISAIAS,36,20200802,0000,,TS,25.3N,78.9W,60,995,100,70,0,90,50,30,0,30,0,0,0,0,-999
AL092020,ISAIAS,36,20200802,0600,,TS,25.9N,79.2W,55,996,100,80,0,60,50,30,0,20,0,0,0,0,-999
AL092020,ISAIAS,36,20200802,1200,,TS,26.6N,79.5W,55,995,100,80,0,60,50,30,0,20,0,0,0,0,-999
AL092020,ISAIAS,36,20200802,1800,,TS,27.4N,79.6W,60,995,100,80,0,60,50,30,0,20,0,0,0,0,-999
AL092020,ISAIAS,36,20200803,0000,,TS,28.2N,79.7W,60,995,100,80,0,60,50,30,0,20,0,0,0,0,-999
AL092020,ISAIAS,36,20200803,0600,,TS,29.1N,79.9W,60,995,100,110,0,60,50,40,0,20,0,0,0,0,-999
AL092020,ISAIAS,36,20200803,1200,,TS,30.1N,80.0W,60,995,100,110,0,60,50,50,0,20,0,0,0,0,-999
AL092020,ISAIAS,36,20200803,1800,,HU,31.2N,79.7W,65,991,110,110,40,60,50,50,0,20,20,20,0,0,-999
AL092020,ISAIAS,36,20200804,0000,,HU,32.8N,79.1W,80,986,110,110,40,60,50,50,30,30,20,20,20,0,-999
AL092020,ISAIAS,36,20200804,0310,L,HU,33.9N,78.5W,80,986,110,110,40,60,50,50,30,30,20,20,20,0,25
AL092020,ISAIAS,36,20200804,0600,,TS,35.0N,78.1W,60,992,110,120,40,40,50,50,0,0,0,0,0,0,-999
AL092020,ISAIAS,36,20200804,1200,,TS,37.7N,76.8W,60,993,110,120,40,40,60,60,0,0,0,0,0,0,-999
AL092020,ISAIAS,36,20200804,1800,,TS,40.9N,75.1W,55,994,110,150,40,40,60,80,0,0,0,0,0,0,-999
AL092020,ISAIAS,36,20200805,0000,,EX,44.0N,73.1W,45,998,60,150,0,0,0,0,0,0,0,0,0,0,-999
AL092020,ISAIAS,36,20200805,0600,,EX,46.7N,71.8W,35,1000,90,90,0,0,0,0,0,0,0,0,0,0,-999
AL102020,TEN,14,20200729,1800,,LO,12.7N,19.7W,25,1009,0,0,0,0,0,0,0,0,0,0,0,0,-999
AL102020,TEN,14,20200730,0000,,LO,12.7N,20.1W,25,1009,0,0,0,0,0,0,0,0,0,0,0,0,-999
AL102020,TEN,14,20200730,0600,,LO,12.8N,20.4W,25,1009,0,0,0,0,0,0,0,0,0,0,0,0,-999
AL102020,TEN,14,20200730,1200,,LO,13.0N,20.4W,30,1008,0,0,0,0,0,0,0,0,0,0,0,0,-999
AL102020,TEN,14,20200730,1800,,LO,13.1N,20.2W,30,1008,0,0,0,0,0,0,0,0,0,0,0,0,-999
AL102020,TEN,14,20200731,0000,,LO,13.2N,20.0W,30,1008,0,0,0,0,0,0,0,0,0,0,0,0,-999
AL102020,TEN,14,20200731,0600,,LO,13.7N,19.7W,30,1008,0,0,0,0,0,0,0,0,0,0,0,0,-999
AL102020,TEN,14,20200731,1200,,LO,14.5N,19.4W,30,1008,0,0,0,0,0,0,0,0,0,0,0,0,-999
AL102020,TEN,14,20200731,1800,,TD,15.5N,19.7W,30,1008,0,0,0,0,0,0,0,0,0,0,0,0,-999
AL102020,TEN,14,20200801,0000,,TD,16.5N,20.3W,30,1008,0,0,0,0,0,0,0,0,0,0,0,0,-999
AL102020,TEN,14,20200801,0600,,TD,17.4N,21.0W,30,1008,0,0,0,0,0,0,0,0,0,0,0,0,-999
AL102020,TEN,14,20200801,1200,,TD,18.3N,21.8W,25,1009,0,0,0,0,0,0,0,0,0,0,0,0,-999
AL102020,TEN,14,20200801,1800,,TD,19.0N,23.0W,25,1009,0,0,0,0,0,0,0,0,0,0,0,0,-999
AL102020,TEN,14,20200802,0000,,LO,19.4N,24.4W,20,1010,0,0,0,0,0,0,0,0,0,0,0,0,-999
AL112020,JOSEPHINE,24,20200810,1800,,LO,11.1N,34.2W,25,1009,0,0,0,0,0,0,0,0,0,0,0,0,-999
AL112020,JOSEPHINE,24,20200811,0000,,LO,11.3N,35.4W,30,1008,0,0,0,0,0,0,0,0,0,0,0,0,-999
AL112020,JOSEPHINE,24,20200811,0600,,TD,11.4N,36.8W,30,1008,0,0,0,0,0,0,0,0,0,0,0,0,-999
AL112020,JOSEPHINE,24,20200811,1200,,TD,11.5N,38.2W,30,1008,0,0,0,0,0,0,0,0,0,0,0,0,-999
AL112020,JOSEPHINE,24,20200811,1800,,TD,11.7N,39.6W,30,1008,0,0,0,0,0,0,0,0,0,0,0,0,-999
AL112020,JOSEPHINE,24,20200812,0000,,TD,11.9N,41.0W,30,1008,0,0,0,0,0,0,0,0,0,0,0,0,-999
AL112020,JOSEPHINE,24,20200812,0600,,TD,12.0N,42.3W,30,1008,0,0,0,0,0,0,0,0,0,0,0,0,-999
AL112020,JOSEPHINE,24,20200812,1200,,TD,12.1N,43.7W,30,1007,0,0,0,0,0,0,0,0,0,0,0,0,-999
AL112020,JOSEPHINE,24,20200812,1800,,TD,12.2N,44.9W,30,1007,0,0,0,0,0,0,0,0,0,0,0,0,-999
AL112020,JOSEPHINE,24,20200813,0000,,TD,12.4N,46.1W,30,1007,0,0,0,0,0,0,0,0,0,0,0,0,-999
AL112020,JOSEPHINE,24,20200813,0600,,TD,12.7N,47.3W,30,1007,0,0,0,0,0,0,0,0,0,0,0,0,-999
AL112020,JOSEPHINE,24,20200813,1200,,TS,13.4N,48.6W,40,1005,90,0,0,90,0,0,0,0,0,0,0,0,-999
AL112020,JOSEPHINE,24,20200813,1800,,TS,14.0N,50.0W,40,1005,80,0,0,80,0,0,0,0,0,0,0,0,-999
AL112020,JOSEPHINE,24,20200814,0000,,TS,14.5N,51.3W,35,1005,70,0,0,70,0,0,0,0,0,0,0,0,-999
AL112020,JOSEPHINE,24,20200814,0600,,TS,15.1N,52.8W,35,1005,70,0,0,70,0,0,0,0,0,0,0,0,-999
AL112020,JOSEPHINE,24,20200814,1200,,TS,16.2N,54.2W,35,1005,70,0,0,70,0,0,0,0,0,0,0,0,-999
AL112020,JOSEPHINE,24,20200814,1800,,TS,17.4N,55.6W,40,1004,80,0,0,60,0,0,0,0,0,0,0,0,-999
AL112020,JOSEPHINE,24,20200815,0000,,TS,18.0N,56.9W,40,1004,80,0,0,40,0,0,0,0,0,0,0,0,-999
AL112020,JOSEPHINE,24,20200815,0600,,TS,18.4N,58.3W,40,1005,80,0,0,20,0,0,0,0,0,0,0,0,-999
AL112020,JOSEPHINE,24,20200815,1200,,TS,18.8N,59.7W,35,1007,90,0,0,0,0,0,0,0,0,0,0,0,-999
AL112020,JOSEPHINE,24,20200815,1800,,TS,19.6N,60.9W,35,1009,100,0,0,0,0,0,0,0,0,0,0,0,-999
AL112020,JOSEPHINE,24,20200816,0000,,TS,19.8N,62.1W,35,1009,100,0,0,0,0,0,0,0,0,0,0,0,-999
AL112020,JOSEPHINE,24,20200816,0600,,TD,20.0N,63.4W,30,1010,0,0,0,0,0,0,0,0,0,0,0,0,-999
AL112020,JOSEPHINE,24,20200816,1200,,TD,20.2N,64.5W,30,1010,0,0,0,0,0,0,0,0,0,0,0,0,-999
AL122020,KYLE,7,20200814,1200,,TS,36.6N,74.2W,35,1008,0,90,0,0,0,0,0,0,0,0,0,0,-999
AL122020,KYLE,7,20200814,1800,,TS,37.4N,72.6W,35,1007,0,90,0,0,0,0,0,0,0,0,0,0,-999
AL122020,KYLE,7,20200815,0000,,TS,38.0N,71.0W,40,1005,0,90,0,0,0,0,0,0,0,0,0,0,-999
AL122020,KYLE,7,20200815,0600,,TS,38.4N,69.1W,45,1003,70,70,0,0,0,0,0,0,0,0,0,0,-999
AL122020,KYLE,7,20200815,1200,,TS,38.8N,66.7W,45,1000,70,70,0,0,0,0,0,0,0,0,0,0,-999
AL122020,KYLE,7,20200815,1800,,TS,39.3N,64.2W,40,1001,150,70,0,0,0,0,0,0,0,0,0,0,-999
AL122020,KYLE,7,20200816,0000,,EX,39.7N,61.6W,35,1003,120,100,80,120,0,0,0,0,0,0,0,0,-999
AL132020,LAURA,42,20200820,0000,,TD,14.4N,47.3W,30,1008,0,0,0,0,0,0,0,0,0,0,0,0,-999
AL132020,LAURA,42,20200820,0600,,TD,15.4N,49.6W,30,1008,0,0,0,0,0,0,0,0,0,0,0,0,-999
AL132020,LAURA,42,20200820,1200,,TD,16.1N,51.6W,30,1008,0,0,0,0,0,0,0,0,0,0,0,0,-999
AL132020,LAURA,42,20200820,1800,,TD,16.6N,53.4W,30,1008,0,0,0,0,0,0,0,0,0,0,0,0,-999
AL132020,LAURA,42,20200821,0000,,TD,16.8N,55.5W,30,1008,0,0,0,0,0,0,0,0,0,0,0,0,-999
AL132020,LAURA,42,20200821,0600,,TD,16.9N,57.5W,30,1008,0,0,0,0,0,0,0,0,0,0,0,0,-999
AL132020,LAURA,42,20200821,1200,,TS,17.0N,59.4W,40,1008,130,0,0,60,0,0,0,0,0,0,0,0,-999
AL132020,LAURA,42,20200821,1800,,TS,17.1N,61.1W,40,1007,150,90,0,60,0,0,0,0,0,0,0,0,-999
AL132020,LAURA,42,20200821,2030,L,TS,17.1N,61.8W,40,1007,150,90,0,60,0,0,0,0,0,0,0,0,-999
AL132020,LAURA,42,20200821,2330,L,TS,17.1N,62.6W,40,1007,150,90,0,60,0,0,0,0,0,0,0,0,-999
AL132020,LAURA,42,20200822,0000,,TS,17.1N,62.8W,40,1007,180,180,0,0,0,0,0,0,0,0,0,0,-999
AL132020,LAURA,42,20200822,0600,,TS,17.4N,64.4W,40,1007,180,180,0,0,0,0,0,0,0,0,0,0,-999
AL132020,LAURA,42,20200822,1200,,TS,17.7N,65.9W,45,1006,180,180,0,0,0,0,0,0,0,0,0,0,-999
AL132020,LAURA,42,20200822,1800,,TS,17.9N,67.4W,45,1004,180,180,0,0,0,0,0,0,0,0,0,0,-999
AL132020,LAURA,42,20200823,0000,,TS,18.2N,68.8W,45,1004,120,120,0,60,0,0,0,0,0,0,0,0,-999
AL132020,LAURA,42,20200823,0430,L,TS,18.4N,70.0W,45,1004,120,120,0,60,0,0,0,0,0,0,0,0,-999
AL132020,LAURA,42,20200823,0600,,TS,18.5N,70.3W,45,1004,120,120,0,60,0,0,0,0,0,0,0,0,-999
AL132020,LAURA,42,20200823,1200,,TS,18.8N,72.3W,45,1004,120,120,0,40,0,0,0,0,0,0,0,0,-999
AL132020,LAURA,42,20200823,1800,,TS,19.4N,74.3W,55,1002,120,120,0,40,30,0,0,0,0,0,0,0,-999
AL132020,LAURA,42,20200824,0000,,TS,19.8N,76.0W,55,1000,120,120,0,40,40,40,0,0,0,0,0,0,-999
AL132020,LAURA,42,20200824,0200,L,TS,20.0N,76.6W,55,1000,120,120,0,40,40,40,0,0,0,0,0,0,-999
AL132020,LAURA,42,20200824,0600,,TS,20.2N,77.8W,50,1000,150,130,0,0,40,40,0,0,0,0,0,0,-999
AL132020,LAURA,42,20200824,1200,,TS,20.8N,79.7W,50,1002,150,140,0,0,40,50,0,0,0,0,0,0,-999
AL132020,LAURA,42,20200824,1800,,TS,21.5N,81.5W,50,1001,150,140,0,0,60,60,0,0,0,0,0,0,-999
AL132020,LAURA,42,20200825,0000,L,TS,22.3N,83.3W,55,998,150,140,0,0,60,60,0,0,0,0,0,0,-999
AL132020,LAURA,42,20200825,0600,,TS,22.8N,84.8W,60,995,150,140,30,90,60,60,0,20,0,0,0,0,-999
AL132020,LAURA,42,20200825,1200,,HU,23.4N,86.2W,65,990,150,140,60,90,60,60,20,40,40,0,0,0,-999
AL132020,LAURA,42,20200825,1800,,HU,24.1N,87.5W,70,990,150,140,60,90,60,60,20,40,40,0,0,0,-999
AL132020,LAURA,42,20200826,0000,,HU,24.9N,88.9W,75,983,150,140,60,90,60,60,30,60,40,40,0,40,-999
AL132020,LAURA,42,20200826,0600,,HU,25.6N,90.2W,90,978,150,140,60,90,100,90,30,60,60,50,20,40,-999
AL132020,LAURA,42,20200826,1200,,HU,26.4N,91.4W,100,963,160,140,70,90,100,90,30,60,60,50,20,40,-999
AL132020,LAURA,42,20200826,1800,,HU,27.3N,92.5W,120,952,180,150,80,100,90,90,50,60,50,50,30,40,-999
AL132020,LAURA,42,20200827,0000,,HU,28.5N,93.0W,130,937,160,150,80,100,90,90,50,60,50,50,30,40,-999
AL132020,LAURA,42,20200827,0600,L,HU,29.8N,93.3W,130,939,120,150,80,80,60,70,40,40,40,50,30,30,15
AL132020,LAURA,42,20200827,1200,,HU,31.2N,93.3W,85,970,80,120,50,60,50,40,30,30,30,30,15,20,-999
AL132020,LAURA,42,20200827,1800,,TS,32.8N,92.9W,55,988,80,80,30,40,30,30,0,0,0,0,0,0,-999
AL132020,LAURA,42,20200828,0000,,TS,34.4N,92.5W,35,993,80,80,30,40,0,0,0,0,0,0,0,0,-999
AL132020,LAURA,42,20200828,0600,,TD,35.4N,92.0W,25,998,0,0,0,0,0,0,0,0,0,0,0,0,-999
AL132020,LAURA,42,20200828,1200,,TD,36.1N,91.2W,25,1000,0,0,0,0,0,0,0,0,0,0,0,0,-999
AL132020,LAURA,42,20200828,1800,,TD,37.0N,90.0W,25,1003,0,0,0,0,0,0,0,0,0,0,0,0,-999
AL132020,LAURA,42,20200829,0000,,TD,37.5N,88.0W,25,1004,0,0,0,0,0,0,0,0,0,0,0,0,-999
AL132020,LAURA,42,20200829,0600,,LO,38.3N,84.8W,20,1004,0,0,0,0,0,0,0,0,0,0,0,0,-999
AL142020,MARCO,21,20200820,1800,,LO,14.1N,80.5W,30,1009,0,0,0,0,0,0,0,0,0,0,0,0,-999
AL142020,MARCO,21,20200821,0000,,LO,14.6N,81.8W,30,1007,0,0,0,0,0,0,0,0,0,0,0,0,-999
AL142020,MARCO,21,20200821,0600,,TD,15.3N,82.9W,30,1007,0,0,0,0,0,0,0,0,0,0,0,0,-999
AL142020,MARCO,21,20200821,1200,,TD,16.3N,83.7W,30,1008,0,0,0,0,0,0,0,0,0,0,0,0,-999
AL142020,MARCO,21,20200821,1800,,TD,17.4N,84.2W,30,1007,0,0,0,0,0,0,0,0,0,0,0,0,-999
AL142020,MARCO,21,20200822,0000,,TS,18.3N,84.6W,35,1006,80,0,0,0,0,0,0,0,0,0,0,0,-999
AL142020,MARCO,21,20200822,0600,,TS,19.2N,85.1W,40,1004,60,0,0,0,0,0,0,0,0,0,0,0,-999
AL142020,MARCO,21,20200822,1200,,TS,20.3N,85.2W,55,993,40,40,10,30,20,20,0,0,0,0,0,0,-999
AL142020,MARCO,21,20200822,1800,,TS,21.3N,85.5W,55,992,50,80,10,40,20,20,0,10,0,0,0,0,-999
AL142020,MARCO,21,20200823,0000,,TS,22.2N,86.1W,55,994,50,70,10,30,20,20,0,10,0,0,0,0,-999
AL142020,MARCO,21,20200823,0600,,TS,23.2N,86.7W,60,994,50,50,10,30,20,20,0,10,0,0,0,0,-999
AL142020,MARCO,21,20200823,1200,,HU,24.3N,87.2W,65,991,70,60,20,40,30,30,0,20,15,15,0,0,-999
AL142020,MARCO,21,20200823,1800,,HU,25.3N,87.4W,65,992,90,70,30,60,30,30,0,20,15,15,0,0,-999
AL142020,MARCO,21,20200824,0000,,TS,26.4N,87.6W,55,997,90,50,30,50,30,30,0,20,0,0,0,0,-999
AL142020,MARCO,21,20200824,0600,,TS,27.3N,87.9W,50,1003,90,30,0,40,30,0,0,0,0,0,0,0,-999
AL142020,MARCO,21,20200824,1200,,TS,28.1N,88.3W,45,1006,90,30,0,0,0,0,0,0,0,0,0,0,-999
AL142020,MARCO,21,20200824,1800,,TS,28.7N,88.6W,40,1007,70,0,0,0,0,0,0,0,0,0,0,0,-999
AL142020,MARCO,21,20200825,0000,,TS,28.9N,89.3W,35,1006,70,0,0,0,0,0,0,0,0,0,0,0,-999
AL142020,MARCO,21,20200825,0600,,LO,28.7N,90.5W,25,1008,0,0,0,0,0,0,0,0,0,0,0,0,-999
AL142020,MARCO,21,20200825,1200,,LO,28.6N,91.4W,20,1009,0,0,0,0,0,0,0,0,0,0,0,0,-999
AL142020,MARCO,21,20200825,1800,,LO,29.1N,92.3W,20,1009,0,0,0,0,0,0,0,0,0,0,0,0,-999
AL152020,OMAR,27,20200830,1800,,LO,30.2N,80.7W,25,1011,0,0,0,0,0,0,0,0,0,0,0,0,-999
AL152020,OMAR,27,20200831,0000,,LO,30.2N,79.4W,25,1010,0,0,0,0,0,0,0,0,0,0,0,0,-999
AL152020,OMAR,27,20200831,0600,,TD,30.6N,78.2W,30,1009,0,0,0,0,0,0,0,0,0,0,0,0,-999
AL152020,OMAR,27,20200831,1200,,TD,31.5N,77.4W,30,1009,0,0,0,0,0,0,0,0,0,0,0,0,-999
AL152020,OMAR,27,20200831,1800,,TD,32.2N,76.9W,30,1008,0,0,0,0,0,0,0,0,0,0,0,0,-999
AL152020,OMAR,27,20200901,0000,,TD,32.9N,76.2W,30,1007,0,0,0,0,0,0,0,0,0,0,0,0,-999
AL152020,OMAR,27,20200901,0600,,TD,33.8N,75.0W,30,1005,0,0,0,0,0,0,0,0,0,0,0,0,-999
AL152020,OMAR,27,20200901,1200,,TS,34.6N,73.7W,35,1003,0,70,0,0,0,0,0,0,0,0,0,0,-999
AL152020,OMAR,27,20200901,1800,,TS,35.2N,72.2W,35,1003,0,70,0,0,0,0,0,0,0,0,0,0,-999
AL152020,OMAR,27,20200902,0000,,TS,35.8N,70.7W,35,1003,0,70,0,0,0,0,0,0,0,0,0,0,-999
AL152020,OMAR,27,20200902,0600,,TS,36.1N,69.3W,35,1003,0,70,0,0,0,0,0,0,0,0,0,0,-999
AL152020,OMAR,27,20200902,1200,,TS,36.2N,68.0W,35,1003,0,70,0,0,0,0,0,0,0,0,0,0,-999
AL152020,OMAR,27,20200902,1800,,TS,36.2N,66.4W,35,1004,0,70,0,0,0,0,0,0,0,0,0,0,-999
AL152020,OMAR,27,20200903,0000,,TD,36.2N,64.8W,30,1005,0,0,0,0,0,0,0,0,0,0,0,0,-999
AL152020,OMAR,27,20200903,0600,,TD,36.1N,63.0W,30,1005,0,0,0,0,0,0,0,0,0,0,0,0,-999
AL152020,OMAR,27,20200903,1200,,TD,36.1N,61.7W,30,1005,0,0,0,0,0,0,0,0,0,0,0,0,-999
AL152020,OMAR,27,20200903,1800,,TD,35.6N,60.5W,30,1005,0,0,0,0,0,0,0,0,0,0,0,0,-999
AL152020,OMAR,27,20200904,0000,,TD,35.3N,59.5W,30,1006,0,0,0,0,0,0,0,0,0,0,0,0,-999
AL152020,OMAR,27,20200904,0600,,TD,35.3N,58.8W,30,1006,0,0,0,0,0,0,0,0,0,0,0,0,-999
AL152020,OMAR,27,20200904,1200,,TD,35.3N,58.0W,30,1006,0,0,0,0,0,0,0,0,0,0,0,0,-999
AL152020,OMAR,27,20200904,1800,,TD,35.3N,57.5W,30,1006,0,0,0,0,0,0,0,0,0,0,0,0,-999
AL152020,OMAR,27,20200905,0000,,TD,35.5N,57.3W,30,1007,0,0,0,0,0,0,0,0,0,0,0,0,-999
AL152020,OMAR,27,20200905,0600,,TD,36.0N,57.3W,30,1008,0,0,0,0,0,0,0,0,0,0,0,0,-999
AL152020,OMAR,27,20200905,1200,,TD,36.8N,57.3W,30,1009,0,0,0,0,0,0,0,0,0,0,0,0,-999
AL152020,OMAR,27,20200905,1800,,LO,37.7N,57.1W,30,1010,0,0,0,0,0,0,0,0,0,0,0,0,-999
AL152020,OMAR,27,20200906,0000,,LO,38.8N,56.8W,30,1011,0,0,0,0,0,0,0,0,0,0,0,0,-999
AL152020,OMAR,27,20200906,0600,,LO,40.4N,55.6W,30,1012,0,0,0,0,0,0,0,0,0,0,0,0,-999
AL162020,NANA,13,20200901,0600,,TS,15.9N,75.2W,35,1006,60,0,0,0,0,0,0,0,0,0,0,0,-999
AL162020,NANA,13,20200901,1200,,TS,16.3N,76.8W,40,1004,60,0,0,60,0,0,0,0,0,0,0,0,-999
AL162020,NANA,13,20200901,1800,,TS,16.7N,78.4W,50,1002,60,0,0,60,20,0,0,0,0,0,0,0,-999
AL162020,NANA,13,20200902,0000,,TS,17.0N,80.1W,50,1000,60,30,0,60,20,0,0,0,0,0,0,0,-999
AL162020,NANA,13,20200902,0600,,TS,17.0N,81.9W,50,998,60,30,0,60,20,0,0,20,0,0,0,0,-999
AL162020,NANA,13,20200902,1200,,TS,17.1N,83.7W,50,998,60,30,0,60,20,10,0,20,0,0,0,0,-999
AL162020,NANA,13,20200902,1800,,TS,17.1N,85.3W,50,998,60,30,0,60,20,10,0,20,0,0,0,0,-999
AL162020,NANA,13,20200903,0000,,TS,17.0N,86.8W,60,994,60,40,20,60,20,20,0,10,0,0,0,0,-999
AL162020,NANA,13,20200903,0300,I,HU,16.9N,87.5W,65,994,60,40,20,60,20,20,0,20,10,0,0,10,-999
AL162020,NANA,13,20200903,0600,L,HU,16.8N,88.3W,65,994,60,40,20,60,20,20,0,20,10,0,0,10,-999
AL162020,NANA,13,20200903,1200,,TS,16.4N,89.6W,45,1001,40,40,20,40,0,0,0,0,0,0,0,0,-999
AL162020,NANA,13,20200903,1800,,TD,16.1N,90.5W,30,1005,0,0,0,0,0,0,0,0,0,0,0,0,-999
AL162020,NANA,13,20200904,0000,,LO,15.8N,91.4W,20,1007,0,0,0,0,0,0,0,0,0,0,0,0,-999
AL172020,PAULETTE,88,20200907,0000,,TD,16.9N,41.3W,30,1006,0,0,0,0,0,0,0,0,0,0,0,0,-999
AL172020,PAULETTE,88,20200907,0600,,TD,17.0N,41.8W,30,1006,0,0,0,0,0,0,0,0,0,0,0,0,-999
AL172020,PAULETTE,88,20200907,1200,,TS,17.1N,42.1W,35,1005,60,0,0,0,0,0,0,0,0,0,0,0,-999
AL172020,PAULETTE,88,20200907,1800,,TS,17.3N,42.3W,35,1005,60,0,0,0,0,0,0,0,0,0,0,0,-999
AL172020,PAULETTE,88,20200908,0000,,TS,17.6N,42.4W,40,1004,70,0,0,50,0,0,0,0,0,0,0,0,-999
AL172020,PAULETTE,88,20200908,0600,,TS,17.9N,42.6W,45,1000,90,70,0,70,0,0,0,0,0,0,0,0,-999
AL172020,PAULETTE,88,20200908,1200,,TS,18.3N,43.0W,50,997,90,70,20,70,40,0,0,30,0,0,0,0,-999
AL172020,PAULETTE,88,20200908,1800,,TS,18.6N,43.7W,50,997,90,70,20,70,40,0,0,30,0,0,0,0,-999
AL172020,PAULETTE,88,20200909,0000,,TS,18.9N,44.5W,50,997,120,60,30,100,50,0,0,50,0,0,0,0,-999
AL172020,PAULETTE,88,20200909,0600,,TS,19.2N,45.2W,50,997,150,60,30,130,50,0,0,50,0,0,0,0,-999
AL172020,PAULETTE,88,20200909,1200,,TS,19.6N,46.0W,50,996,180,60,60,170,60,0,0,60,0,0,0,0,-999
AL172020,PAULETTE,88,20200909,1800,,TS,20.0N,46.8W,50,996,180,60,60,170,60,0,0,80,0,0,0,0,-999
AL172020,PAULETTE,88,20200910,0000,,TS,20.4N,47.6W,50,996,180,60,60,170,90,0,0,60,0,0,0,0,-999
AL172020,PAULETTE,88,20200910,0600,,TS,20.8N,48.3W,50,996,180,60,60,170,90,0,0,60,0,0,0,0,-999
AL172020,PAULETTE,88,20200910,1200,,TS,21.3N,48.9W,45,998,180,70,60,170,0,0,0,0,0,0,0,0,-999
AL172020,PAULETTE,88,20200910,1800,,TS,21.8N,49.6W,45,998,180,70,60,170,0,0,0,0,0,0,0,0,-999
AL172020,PAULETTE,88,20200911,0000,,TS,22.3N,50.3W,50,994,180,70,60,170,50,0,0,50,0,0,0,0,-999
AL172020,PAULETTE,88,20200911,0600,,TS,22.8N,51.1W,55,991,180,70,60,170,50,0,0,50,0,0,0,0,-999
AL172020,PAULETTE,88,20200911,1200,,TS,23.4N,52.1W,55,990,180,70,60,170,50,0,0,50,0,0,0,0,-999
AL172020,PAULETTE,88,20200911,1800,,TS,24.3N,53.1W,55,989,180,70,60,170,50,0,0,50,0,0,0,0,-999
AL172020,PAULETTE,88,20200912,0000,,TS,25.4N,54.3W,60,987,180,80,60,170,60,20,20,40,0,0,0,0,-999
AL172020,PAULETTE,88,20200912,0600,,TS,26.4N,55.6W,60,986,180,80,60,170,60,20,20,40,0,0,0,0,-999
AL172020,PAULETTE,88,20200912,1200,,TS,27.3N,56.7W,60,985,180,80,60,170,60,20,20,40,0,0,0,0,-999
AL172020,PAULETTE,88,20200912,1800,,TS,28.0N,57.8W,60,984,170,100,50,170,60,20,20,40,0,0,0,0,-999
AL172020,PAULETTE,88,20200913,0000,,HU,28.6N,59.1W,65,981,170,100,80,170,60,30,30,40,20,20,0,20,-999
AL172020,PAULETTE,88,20200913,0600,,HU,29.1N,60.3W,65,980,170,100,80,170,60,30,30,60,30,20,0,20,-999
AL172020,PAULETTE,88,20200913,1200,,HU,29.6N,61.4W,70,976,170,100,80,170,80,50,40,80,50,20,0,30,-999
AL172020,PAULETTE,88,20200913,1800,,HU,30.2N,62.6W,75,974,150,100,80,150,80,50,40,80,50,20,0,30,-999
AL172020,PAULETTE,88,20200914,0000,,HU,30.9N,63.6W,75,974,150,100,80,150,80,50,30,80,40,20,0,30,-999
AL172020,PAULETTE,88,20200914,0600,,HU,31.8N,64.4W,80,973,150,100,80,150,80,50,30,80,40,20,0,30,-999
AL172020,PAULETTE,88,20200914,0850,L,HU,32.3N,64.7W,85,971,150,100,80,150,80,50,30,80,40,20,0,30,-999
AL172020,PAULETTE,88,20200914,1200,,HU,32.9N,64.9W,85,968,150,100,80,150,80,50,30,80,40,20,0,30,-999
AL172020,PAULETTE,88,20200914,1800,,HU,33.9N,64.4W,90,965,150,140,80,150,80,80,60,70,50,30,0,40,-999
AL172020,PAULETTE,88,20200915,0000,,HU,35.1N,63.3W,90,965,150,180,110,150,80,100,70,70,50,50,30,50,-999
AL172020,PAULETTE,88,20200915,0600,,HU,36.3N,62.0W,90,965,150,200,130,150,80,100,70,70,50,50,50,50,-999
AL172020,PAULETTE,88,20200915,1200,,HU,37.6N,59.5W,90,965,150,200,130,180,80,100,70,70,50,50,50,50,-999
AL172020,PAULETTE,88,20200915,1800,,HU,38.7N,56.7W,85,966,160,200,130,220,80,110,60,80,50,50,50,50,-999
AL172020,PAULETTE,88,20200916,0000,,HU,40.0N,54.0W,85,966,160,200,130,220,80,110,90,80,50,50,50,50,-999
AL172020,PAULETTE,88,20200916,0600,,HU,41.2N,50.8W,80,968,160,220,200,220,90,130,120,100,50,70,60,60,-999
AL172020,PAULETTE,88,20200916,1200,,EX,42.6N,46.9W,75,973,160,220,200,220,90,130,120,100,50,70,60,60,-999
AL172020,PAULETTE,88,20200916,1800,,EX,44.3N,43.1W,70,974,180,230,220,220,90,130,130,110,50,50,70,70,-999
AL172020,PAULETTE,88,20200917,0000,,EX,45.9N,39.3W,65,975,200,240,240,220,80,120,150,120,0,0,90,90,-999
AL172020,PAULETTE,88,20200917,0600,,EX,47.0N,36.5W,60,977,200,240,240,220,80,120,150,120,0,0,0,0,-999
AL172020,PAULETTE,88,20200917,1200,,EX,47.0N,34.5W,55,979,190,180,240,220,0,90,130,130,0,0,0,0,-999
AL172020,PAULETTE,88,20200917,1800,,EX,46.6N,33.0W,50,982,160,160,240,220,0,0,120,0,0,0,0,0,-999
AL172020,PAULETTE,88,20200918,0000,,EX,46.0N,31.8W,45,986,140,140,240,220,0,0,0,0,0,0,0,0,-999
AL172020,PAULETTE,88,20200918,0600,,EX,44.6N,31.4W,45,989,140,140,240,220,0,0,0,0,0,0,0,0,-999
AL172020,PAULETTE,88,20200918,1200,,EX,42.8N,31.3W,40,997,0,0,200,200,0,0,0,0,0,0,0,0,-999
AL172020,PAULETTE,88,20200918,1800,,EX,41.0N,31.2W,40,999,0,0,200,200,0,0,0,0,0,0,0,0,-999
AL172020,PAULETTE,88,20200919,0000,,EX,39.1N,31.1W,40,1002,0,0,0,120,0,0,0,0,0,0,0,0,-999
AL172020,PAULETTE,88,20200919,0600,,LO,37.7N,31.1W,40,1002,0,0,0,120,0,0,0,0,0,0,0,0,-999
AL172020,PAULETTE,88,20200919,1200,,LO,36.5N,30.5W,40,1006,0,0,0,120,0,0,0,0,0,0,0,0,-999
AL172020,PAULETTE,88,20200919,1800,,LO,35.9N,29.8W,35,1008,0,0,0,120,0,0,0,0,0,0,0,0,-999
AL172020,PAULETTE,88,20200920,0000,,LO,35.7N,29.5W,35,1008,80,0,0,90,0,0,0,0,0,0,0,0,-999
AL172020,PAULETTE,88,20200920,0600,,LO,35.5N,29.4W,35,1008,80,0,0,90,0,0,0,0,0,0,0,0,-999
AL172020,PAULETTE,88,20200920,1200,,LO,35.1N,29.7W,35,1008,80,0,0,90,0,0,0,0,0,0,0,0,-999
AL172020,PAULETTE,88,20200920,1800,,TS,34.7N,30.6W,35,1008,80,0,0,90,0,0,0,0,0,0,0,0,-999
AL172020,PAULETTE,88,20200921,0000,,TS,34.1N,31.2W,35,1008,0,0,80,90,0,0,0,0,0,0,0,0,-999
AL172020,PAULETTE,88,20200921,0600,,TS,33.3N,31.2W,35,1008,0,0,80,90,0,0,0,0,0,0,0,0,-999
AL172020,PAULETTE,88,20200921,1200,,TS,32.9N,29.8W,35,1008,0,0,80,90,0,0,0,0,0,0,0,0,-999
AL172020,PAULETTE,88,20200921,1800,,TS,33.3N,28.1W,40,1008,60,60,70,50,0,0,0,0,0,0,0,0,-999
AL172020,PAULETTE,88,20200922,0000,,TS,33.8N,26.3W,50,1004,30,70,60,30,0,30,0,0,0,0,0,0,-999
AL172020,PAULETTE,88,20200922,0600,,TS,34.5N,24.6W,50,1002,30,70,60,0,0,30,0,0,0,0,0,0,-999
AL172020,PAULETTE,88,20200922,1200,,LO,34.8N,23.1W,40,1004,30,50,50,0,0,0,0,0,0,0,0,0,-999
AL172020,PAULETTE,88,20200922,1800,,LO,34.7N,21.8W,35,1006,30,50,50,0,0,0,0,0,0,0,0,0,-999
AL172020,PAULETTE,88,20200923,0000,,LO,34.8N,20.5W,35,1006,30,50,50,0,0,0,0,0,0,0,0,0,-999
AL172020,PAULETTE,88,20200923,0600,,LO,35.0N,19.2W,40,1006,30,40,40,0,0,0,0,0,0,0,0,0,-999
AL172020,PAULETTE,88,20200923,1200,,LO,35.6N,18.1W,45,1003,30,40,40,40,0,0,0,0,0,0,0,0,-999
AL172020,PAULETTE,88,20200923,1800,,LO,36.2N,17.2W,45,1003,30,40,40,40,0,0,0,0,0,0,0,0,-999
AL172020,PAULETTE,88,20200924,0000,,LO,36.2N,16.7W,40,1008,30,40,40,50,0,0,0,0,0,0,0,0,-999
AL172020,PAULETTE,88,20200924,0600,,LO,35.9N,16.6W,35,1010,0,0,0,70,0,0,0,0,0,0,0,0,-999
AL172020,PAULETTE,88,20200924,1200,,LO,35.4N,17.2W,35,1012,0,0,0,70,0,0,0,0,0,0,0,0,-999
AL172020,PAULETTE,88,20200924,1800,,LO,34.6N,18.4W,35,1013,0,0,0,70,0,0,0,0,0,0,0,0,-999
AL172020,PAULETTE,88,20200925,0000,,LO,33.7N,19.8W,35,1016,0,0,0,70,0,0,0,0,0,0,0,0,-999
AL172020,PAULETTE,88,20200925,0600,,LO,33.4N,21.4W,30,1017,0,0,0,0,0,0,0,0,0,0,0,0,-999
AL172020,PAULETTE,88,20200925,1200,,LO,33.0N,23.2W,30,1017,0,0,0,0,0,0,0,0,0,0,0,0,-999
AL172020,PAULETTE,88,20200925,1800,,LO,33.0N,25.1W,30,1017,0,0,0,0,0,0,0,0,0,0,0,0,-999
AL172020,PAULETTE,88,20200926,0000,,LO,33.2N,26.8W,30,1017,0,0,0,0,0,0,0,0,0,0,0,0,-999
AL172020,PAULETTE,88,20200926,0600,,LO,33.7N,28.4W,25,1017,0,0,0,0,0,0,0,0,0,0,0,0,-999
AL172020,PAULETTE,88,20200926,1200,,LO,34.6N,29.5W,25,1017,0,0,0,0,0,0,0,0,0,0,0,0,-999
AL172020,PAULETTE,88,20200926,1800,,LO,35.4N,30.2W,25,1017,0,0,0,0,0,0,0,0,0,0,0,0,-999
AL172020,PAULETTE,88,20200927,0000,,LO,36.3N,30.3W,25,1017,0,0,0,0,0,0,0,0,0,0,0,0,-999
AL172020,PAULETTE,88,20200927,0600,,LO,36.7N,29.5W,25,1017,0,0,0,0,0,0,0,0,0,0,0,0,-999
AL172020,PAULETTE,88,20200927,1200,,LO,37.0N,28.4W,25,1017,0,0,0,0,0,0,0,0,0,0,0,0,-999
AL172020,PAULETTE,88,20200927,1800,,LO,36.9N,27.3W,20,1018,0,0,0,0,0,0,0,0,0,0,0,0,-999
AL172020,PAULETTE,88,20200928,0000,,LO,36.8N,26.4W,20,1018,0,0,0,0,0,0,0,0,0,0,0,0,-999
AL172020,PAULETTE,88,20200928,0600,,LO,36.5N,25.8W,20,1018,0,0,0,0,0,0,0,0,0,0,0,0,-999
AL172020,PAULETTE,88,20200928,1200,,LO,36.1N,25.5W,20,1018,0,0,0,0,0,0,0,0,0,0,0,0,-999
AL182020,RENE,32,20200906,1800,,LO,14.6N,18.1W,25,1006,0,0,0,0,0,0,0,0,0,0,0,0,-999
AL182020,RENE,32,20200907,0000,,LO,14.8N,19.0W,25,1005,0,0,0,0,0,0,0,0,0,0,0,0,-999
AL182020,RENE,32,20200907,0600,,TD,15.2N,19.8W,30,1004,0,0,0,0,0,0,0,0,0,0,0,0,-999
AL182020,RENE,32,20200907,1200,,TD,15.6N,20.7W,30,1003,0,0,0,0,0,0,0,0,0,0,0,0,-999
AL182020,RENE,32,20200907,1800,,TS,15.9N,21.8W,35,1002,40,0,0,0,0,0,0,0,0,0,0,0,-999
AL182020,RENE,32,20200908,0000,,TS,16.1N,22.9W,35,1001,40,0,0,0,0,0,0,0,0,0,0,0,-999
AL182020,RENE,32,20200908,0600,,TS,16.3N,24.2W,35,1001,40,0,0,0,0,0,0,0,0,0,0,0,-999
AL182020,RENE,32,20200908,1200,,TS,16.4N,25.7W,35,1001,40,0,0,0,0,0,0,0,0,0,0,0,-999
AL182020,RENE,32,20200908,1800,,TD,16.6N,27.1W,30,1003,0,0,0,0,0,0,0,0,0,0,0,0,-999
AL182020,RENE,32,20200909,0000,,TD,16.8N,28.6W,30,1004,0,0,0,0,0,0,0,0,0,0,0,0,-999
AL182020,RENE,32,20200909,0600,,TD,17.1N,30.0W,30,1004,0,0,0,0,0,0,0,0,0,0,0,0,-999
AL182020,RENE,32,20200909,1200,,TS,17.3N,31.2W,35,1003,0,0,0,60,0,0,0,0,0,0,0,0,-999
AL182020,RENE,32,20200909,1800,,TS,17.6N,32.4W,35,1003,0,0,0,60,0,0,0,0,0,0,0,0,-999
AL182020,RENE,32,20200910,0000,,TS,17.9N,33.5W,35,1003,0,0,0,60,0,0,0,0,0,0,0,0,-999
AL182020,RENE,32,20200910,0600,,TS,18.1N,34.4W,35,1003,0,0,0,60,0,0,0,0,0,0,0,0,-999
AL182020,RENE,32,20200910,1200,,TS,18.4N,35.3W,40,1002,60,20,0,60,0,0,0,0,0,0,0,0,-999
AL182020,RENE,32,20200910,1800,,TS,18.8N,36.3W,40,1002,60,20,0,60,0,0,0,0,0,0,0,0,-999
AL182020,RENE,32,20200911,0000,,TS,19.1N,37.2W,35,1003,60,20,0,60,0,0,0,0,0,0,0,0,-999
AL182020,RENE,32,20200911,0600,,TS,19.5N,38.2W,35,1003,60,20,0,60,0,0,0,0,0,0,0,0,-999
AL182020,RENE,32,20200911,1200,,TS,19.9N,39.3W,35,1004,60,0,0,60,0,0,0,0,0,0,0,0,-999
AL182020,RENE,32,20200911,1800,,TS,20.4N,40.6W,35,1004,60,0,0,60,0,0,0,0,0,0,0,0,-999
AL182020,RENE,32,20200912,0000,,TS,21.1N,41.8W,35,1004,60,0,0,60,0,0,0,0,0,0,0,0,-999
AL182020,RENE,32,20200912,0600,,TS,21.9N,42.9W,35,1004,50,0,0,50,0,0,0,0,0,0,0,0,-999
AL182020,RENE,32,20200912,1200,,TD,22.8N,44.0W,30,1006,0,0,0,0,0,0,0,0,0,0,0,0,-999
AL182020,RENE,32,20200912,1800,,TD,23.7N,45.0W,30,1007,0,0,0,0,0,0,0,0,0,0,0,0,-999
AL182020,RENE,32,20200913,0000,,TD,24.7N,46.0W,30,1008,0,0,0,0,0,0,0,0,0,0,0,0,-999
AL182020,RENE,32,20200913,0600,,TD,25.8N,46.9W,30,1009,0,0,0,0,0,0,0,0,0,0,0,0,-999
AL182020,RENE,32,20200913,1200,,TD,26.7N,47.3W,30,1009,0,0,0,0,0,0,0,0,0,0,0,0,-999
AL182020,RENE,32,20200913,1800,,TD,27.4N,47.5W,25,1009,0,0,0,0,0,0,0,0,0,0,0,0,-999
AL182020,RENE,32,20200914,0000,,TD,27.5N,47.8W,25,1009,0,0,0,0,0,0,0,0,0,0,0,0,-999
AL182020,RENE,32,20200914,0600,,TD,27.6N,48.0W,25,1009,0,0,0,0,0,0,0,0,0,0,0,0,-999
AL182020,RENE,32,20200914,1200,,TD,27.5N,48.4W,25,1009,0,0,0,0,0,0,0,0,0,0,0,0,-999
AL192020,SALLY,28,20200911,1800,,TD,25.4N,78.6W,30,1007,0,0,0,0,0,0,0,0,0,0,0,0,-999
AL192020,SALLY,28,20200912,0000,,TD,25.6N,79.4W,30,1004,0,0,0,0,0,0,0,0,0,0,0,0,-999
AL192020,SALLY,28,20200912,0600,L,TD,25.6N,80.2W,30,1003,0,0,0,0,0,0,0,0,0,0,0,0,-999
AL192020,SALLY,28,20200912,1200,,TS,25.5N,80.8W,35,1003,60,60,0,0,0,0,0,0,0,0,0,0,-999
AL192020,SALLY,28,20200912,1800,,TS,25.6N,81.6W,35,1003,0,70,0,0,0,0,0,0,0,0,0,0,-999
AL192020,SALLY,28,20200913,0000,,TS,26.0N,82.5W,35,1003,30,80,0,0,0,0,0,0,0,0,0,0,-999
AL192020,SALLY,28,20200913,0600,,TS,26.7N,83.5W,45,1001,50,80,0,20,0,0,0,0,0,0,0,0,-999
AL192020,SALLY,28,20200913,1200,,TS,27.2N,84.5W,50,996,70,90,0,30,30,0,0,0,0,0,0,0,-999
AL192020,SALLY,28,20200913,1800,,TS,27.6N,85.4W,50,996,80,100,0,50,30,0,0,0,0,0,0,0,-999
AL192020,SALLY,28,20200914,0000,,TS,27.9N,86.0W,50,996,90,100,0,70,30,0,0,0,0,0,0,0,-999
AL192020,SALLY,28,20200914,0600,,TS,28.2N,86.5W,55,996,100,110,20,100,40,30,0,30,0,0,0,0,-999
AL192020,SALLY,28,20200914,1200,,HU,28.4N,86.9W,65,991,110,110,20,100,50,30,0,30,20,0,0,0,-999
AL192020,SALLY,28,20200914,1800,,HU,28.6N,87.3W,75,986,110,110,30,90,60,30,0,30,30,15,0,15,-999
AL192020,SALLY,28,20200915,0000,,HU,28.7N,87.7W,75,986,110,110,30,90,70,40,0,30,35,20,0,15,-999
AL192020,SALLY,28,20200915,0600,,HU,28.8N,88.0W,70,984,110,110,40,90,70,40,0,30,40,25,0,20,-999
AL192020,SALLY,28,20200915,1200,,HU,29.0N,88.1W,70,982,110,110,50,90,70,40,0,40,40,25,0,25,-999
AL192020,SALLY,28,20200915,1800,,HU,29.3N,88.1W,70,981,110,110,60,80,70,40,0,40,40,20,0,25,-999
AL192020,SALLY,28,20200916,0000,,HU,29.6N,88.0W,75,975,110,110,70,80,70,40,30,50,35,20,20,25,-999
AL192020,SALLY,28,20200916,0600,,HU,29.9N,87.9W,95,967,100,110,80,80,70,40,30,50,35,20,20,25,-999
AL192020,SALLY,28,20200916,0945,L,HU,30.3N,87.7W,95,965,90,110,80,70,70,40,30,50,35,20,20,25,15
AL192020,SALLY,28,20200916,1200,,HU,30.5N,87.6W,85,967,80,130,80,60,60,40,30,40,30,25,20,20,-999
AL192020,SALLY,28,20200916,1800,,TS,31.1N,87.2W,60,982,70,150,80,50,40,30,30,20,0,0,0,0,-999
AL192020,SALLY,28,20200917,0000,,TS,31.6N,86.7W,35,994,60,90,80,0,0,0,0,0,0,0,0,0,-999
AL192020,SALLY,28,20200917,0600,,TD,32.1N,86.1W,30,1000,0,0,0,0,0,0,0,0,0,0,0,0,-999
AL192020,SALLY,28,20200917,1200,,EX,32.6N,85.2W,30,1003,0,0,0,0,0,0,0,0,0,0,0,0,-999
AL192020,SALLY,28,20200917,1800,,EX,33.2N,83.8W,30,1004,0,0,0,0,0,0,0,0,0,0,0,0,-999
AL192020,SALLY,28,20200918,0000,,EX,33.7N,82.3W,30,1004,0,0,0,0,0,0,0,0,0,0,0,0,-999
AL192020,SALLY,28,20200918,0600,,EX,34.1N,80.8W,30,1005,0,0,0,0,0,0,0,0,0,0,0,0,-999
AL202020,TEDDY,49,20200912,0600,,TD,11.0N,31.4W,25,1007,0,0,0,0,0,0,0,0,0,0,0,0,-999
AL202020,TEDDY,49,20200912,1200,,TD,11.2N,32.4W,30,1006,0,0,0,0,0,0,0,0,0,0,0,0,-999
AL202020,TEDDY,49,20200912,1800,,TD,11.4N,33.3W,30,1005,0,0,0,0,0,0,0,0,0,0,0,0,-999
AL202020,TEDDY,49,20200913,0000,,TD,11.6N,34.2W,30,1005,0,0,0,0,0,0,0,0,0,0,0,0,-999
AL202020,TEDDY,49,20200913,0600,,TD,11.9N,35.1W,30,1005,0,0,0,0,0,0,0,0,0,0,0,0,-999
AL202020,TEDDY,49,20200913,1200,,TD,12.2N,36.2W,30,1006,0,0,0,0,0,0,0,0,0,0,0,0,-999
AL202020,TEDDY,49,20200913,1800,,TD,12.6N,37.4W,30,1006,0,0,0,0,0,0,0,0,0,0,0,0,-999
AL202020,TEDDY,49,20200914,0000,,TS,12.9N,38.7W,35,1004,0,0,40,0,0,0,0,0,0,0,0,0,-999
AL202020,TEDDY,49,20200914,0600,,TS,12.9N,40.4W,35,1004,0,0,40,40,0,0,0,0,0,0,0,0,-999
AL202020,TEDDY,49,20200914,1200,,TS,12.9N,42.1W,35,1004,50,30,0,50,0,0,0,0,0,0,0,0,-999
AL202020,TEDDY,49,20200914,1800,,TS,12.9N,43.4W,40,1003,80,40,0,70,0,0,0,0,0,0,0,0,-999
AL202020,TEDDY,49,20200915,0000,,TS,13.0N,44.5W,45,1002,100,50,0,80,0,0,0,0,0,0,0,0,-999
AL202020,TEDDY,49,20200915,0600,,TS,13.4N,45.5W,50,1001,100,50,20,120,20,0,0,0,0,0,0,0,-999
AL202020,TEDDY,49,20200915,1200,,TS,13.8N,46.6W,55,999,140,60,40,160,30,0,0,30,0,0,0,0,-999
AL202020,TEDDY,49,20200915,1800,,TS,14.2N,47.4W,55,997,140,80,40,160,30,0,0,30,0,0,0,0,-999
AL202020,TEDDY,49,20200916,0000,,HU,14.7N,48.0W,65,987,140,80,40,150,40,30,0,30,20,0,0,0,-999
AL202020,TEDDY,49,20200916,0600,,HU,15.4N,48.6W,80,978,140,80,40,150,40,30,20,30,20,10,10,20,-999
AL202020,TEDDY,49,20200916,1200,,HU,16.1N,49.3W,85,972,170,90,40,150,50,50,20,50,25,25,10,20,-999
AL202020,TEDDY,49,20200916,1800,,HU,16.8N,50.2W,85,972,190,100,70,170,60,50,30,60,30,25,10,30,-999
AL202020,TEDDY,49,20200917,0000,,HU,17.4N,51.1W,85,970,220,100,80,170,60,50,50,70,30,25,20,30,-999
AL202020,TEDDY,49,20200917,0600,,HU,18.1N,52.0W,90,966,220,100,80,170,60,50,50,70,30,25,20,30,-999
AL202020,TEDDY,49,20200917,1200,,HU,18.9N,52.8W,100,960,220,120,80,170,70,50,50,70,30,30,20,40,-999
AL202020,TEDDY,49,20200917,1800,,HU,19.7N,53.7W,115,948,200,150,90,180,90,60,50,80,40,40,35,50,-999
AL202020,TEDDY,49,20200918,0000,,HU,20.4N,54.4W,120,945,200,150,90,180,90,60,50,80,40,40,35,50,-999
AL202020,TEDDY,49,20200918,0600,,HU,21.1N,55.1W,115,946,200,150,120,150,90,60,70,90,50,40,40,50,-999
AL202020,TEDDY,49,20200918,1200,,HU,21.7N,55.8W,110,947,200,150,120,150,90,60,70,90,50,40,40,50,-999
AL202020,TEDDY,49,20200918,1800,,HU,22.5N,56.5W,105,949,200,150,120,150,90,60,70,90,50,40,40,50,-999
AL202020,TEDDY,49,20200919,0000,,HU,23.5N,57.2W,105,945,200,170,120,150,90,60,70,90,50,40,40,50,-999
AL202020,TEDDY,49,20200919,0600,,HU,24.4N,57.9W,100,947,200,200,140,150,110,70,70,90,50,40,40,50,-999
AL202020,TEDDY,49,20200919,1200,,HU,25.4N,58.7W,100,950,200,200,140,150,130,90,80,90,50,40,40,50,-999
AL202020,TEDDY,49,20200919,1800,,HU,26.2N,59.7W,100,953,200,200,140,150,130,90,80,90,60,40,40,50,-999
AL202020,TEDDY,49,20200920,0000,,HU,26.9N,60.8W,95,956,180,180,180,180,120,120,80,100,70,70,40,60,-999
AL202020,TEDDY,49,20200920,0600,,HU,27.5N,61.9W,90,958,180,180,180,180,120,120,80,100,70,70,40,60,-999
AL202020,TEDDY,49,20200920,1200,,HU,28.0N,62.6W,85,963,180,180,180,180,120,100,80,100,70,60,30,60,-999
AL202020,TEDDY,49,20200920,1800,,HU,28.5N,63.3W,80,964,200,200,150,170,120,110,70,100,70,60,30,60,-999
AL202020,TEDDY,49,20200921,0000,,HU,29.0N,63.7W,80,963,200,200,150,170,120,110,70,100,70,60,30,60,-999
AL202020,TEDDY,49,20200921,0600,,HU,29.7N,63.5W,80,962,200,200,150,150,110,110,60,80,70,60,30,50,-999
AL202020,TEDDY,49,20200921,1200,,HU,30.5N,62.9W,80,960,200,200,150,150,110,110,60,80,70,70,20,50,-999
AL202020,TEDDY,49,20200921,1800,,HU,32.2N,61.8W,80,958,240,240,180,150,120,120,60,80,70,70,20,50,-999
AL202020,TEDDY,49,20200922,0000,,HU,34.6N,61.4W,85,956,240,240,180,150,120,120,60,80,90,80,20,50,-999
AL202020,TEDDY,49,20200922,0600,,HU,37.6N,62.1W,90,952,300,300,180,180,150,120,120,150,90,90,50,80,-999
AL202020,TEDDY,49,20200922,1200,,HU,39.1N,63.5W,90,949,470,390,270,280,240,120,130,210,90,90,80,110,-999
AL202020,TEDDY,49,20200922,1800,,HU,40.3N,64.2W,80,952,470,390,270,280,240,120,130,210,80,80,80,110,-999
AL202020,TEDDY,49,20200923,0000,,HU,41.8N,64.2W,65,954,470,390,270,280,240,120,130,210,80,80,80,110,-999
AL202020,TEDDY,49,20200923,0600,,EX,43.2N,63.3W,60,957,450,350,250,250,200,100,120,200,0,0,0,0,-999
AL202020,TEDDY,49,20200923,1200,,EX,45.0N,62.1W,55,964,180,180,120,180,70,80,0,0,0,0,0,0,-999
AL202020,TEDDY,49,20200923,1800,,EX,47.4N,60.4W,50,974,120,180,150,180,0,60,0,0,0,0,0,0,-999
AL202020,TEDDY,49,20200924,0000,,EX,49.7N,58.2W,45,975,120,180,150,180,0,0,0,0,0,0,0,0,-999
AL202020,TEDDY,49,20200924,0600,,EX,52.8N,55.8W,40,977,0,210,0,0,0,0,0,0,0,0,0,0,-999
AL212020,VICKY,24,20200914,0000,,TD,17.5N,28.2W,30,1008,0,0,0,0,0,0,0,0,0,0,0,0,-999
AL212020,VICKY,24,20200914,0600,,TS,18.0N,28.3W,35,1006,90,70,0,0,0,0,0,0,0,0,0,0,-999
AL212020,VICKY,24,20200914,1200,,TS,18.5N,28.6W,40,1003,90,70,0,0,0,0,0,0,0,0,0,0,-999
AL212020,VICKY,24,20200914,1800,,TS,19.0N,29.1W,45,1002,90,70,0,0,0,0,0,0,0,0,0,0,-999
AL212020,VICKY,24,20200915,0000,,TS,19.5N,29.6W,45,1002,90,70,0,0,0,0,0,0,0,0,0,0,-999
AL212020,VICKY,24,20200915,0600,,TS,20.0N,30.1W,45,1002,90,70,0,0,0,0,0,0,0,0,0,0,-999
AL212020,VICKY,24,20200915,1200,,TS,20.5N,30.8W,45,1001,100,80,0,0,0,0,0,0,0,0,0,0,-999
AL212020,VICKY,24,20200915,1800,,TS,21.0N,31.6W,45,1001,100,80,0,0,0,0,0,0,0,0,0,0,-999
AL212020,VICKY,24,20200916,0000,,TS,21.4N,32.6W,45,1004,70,50,30,70,0,0,0,0,0,0,0,0,-999
AL212020,VICKY,24,20200916,0600,,TS,21.5N,33.5W,40,1005,60,30,30,70,0,0,0,0,0,0,0,0,-999
AL212020,VICKY,24,20200916,1200,,TS,21.4N,34.3W,35,1007,60,30,20,70,0,0,0,0,0,0,0,0,-999
AL212020,VICKY,24,20200916,1800,,TS,21.5N,35.0W,35,1007,60,30,20,70,0,0,0,0,0,0,0,0,-999
AL212020,VICKY,24,20200917,0000,,TS,21.6N,35.6W,35,1007,60,0,0,60,0,0,0,0,0,0,0,0,-999
AL212020,VICKY,24,20200917,0600,,TS,21.7N,36.4W,35,1008,60,0,0,0,0,0,0,0,0,0,0,0,-999
AL212020,VICKY,24,20200917,1200,,TD,21.6N,37.6W,30,1008,0,0,0,0,0,0,0,0,0,0,0,0,-999
AL212020,VICKY,24,20200917,1800,,TD,21.3N,38.7W,25,1008,0,0,0,0,0,0,0,0,0,0,0,0,-999
AL212020,VICKY,24,20200918,0000,,LO,20.8N,39.4W,25,1009,0,0,0,0,0,0,0,0,0,0,0,0,-999
AL212020,VICKY,24,20200918,0600,,LO,20.5N,40.2W,25,1009,0,0,0,0,0,0,0,0,0,0,0,0,-999
AL212020,VICKY,24,20200918,1200,,LO,20.4N,41.0W,25,1009,0,0,0,0,0,0,0,0,0,0,0,0,-999
AL212020,VICKY,24,20200918,1800,,LO,20.3N,41.9W,25,1009,0,0,0,0,0,0,0,0,0,0,0,0,-999
AL212020,VICKY,24,20200919,0000,,LO,20.1N,42.9W,20,1010,0,0,0,0,0,0,0,0,0,0,0,0,-999
AL212020,VICKY,24,20200919,0600,,LO,19.9N,44.0W,20,1011,0,0,0,0,0,0,0,0,0,0,0,0,-999
AL212020,VICKY,24,20200919,1200,,LO,19.6N,45.1W,20,1011,0,0,0,0,0,0,0,0,0,0,0,0,-999
AL212020,VICKY,24,20200919,1800,,LO,19.3N,46.3W,20,1012,0,0,0,0,0,0,0,0,0,0,0,0,-999
AL222020,BETA,34,20200917,0600,,LO,21.1N,94.9W,30,1007,0,0,0,0,0,0,0,0,0,0,0,0,-999
AL222020,BETA,34,20200917,1200,,TD,21.5N,94.7W,30,1007,0,0,0,0,0,0,0,0,0,0,0,0,-999
AL222020,BETA,34,20200917,1800,,TD,21.8N,94.4W,30,1005,0,0,0,0,0,0,0,0,0,0,0,0,-999
AL222020,BETA,34,20200918,0000,,TD,22.0N,94.2W,30,1005,0,0,0,0,0,0,0,0,0,0,0,0,-999
AL222020,BETA,34,20200918,0600,,TD,22.6N,94.1W,30,1005,0,0,0,0,0,0,0,0,0,0,0,0,-999
AL222020,BETA,34,20200918,1200,,TD,23.2N,93.8W,30,1005,0,0,0,0,0,0,0,0,0,0,0,0,-999
AL222020,BETA,34,20200918,1800,,TS,24.1N,93.1W,40,1003,90,0,0,80,0,0,0,0,0,0,0,0,-999
AL222020,BETA,34,20200919,0000,,TS,25.2N,92.3W,50,1000,150,40,40,90,80,0,0,50,0,0,0,0,-999
AL222020,BETA,34,20200919,0600,,TS,25.8N,92.3W,50,996,150,40,40,90,80,0,0,50,0,0,0,0,-999
AL222020,BETA,34,20200919,1200,,TS,26.4N,92.4W,50,994,150,40,40,90,60,0,0,50,0,0,0,0,-999
AL222020,BETA,34,20200919,1800,,TS,26.6N,92.2W,50,995,150,40,40,140,60,0,0,50,0,0,0,0,-999
AL222020,BETA,34,20200920,0000,,TS,26.8N,92.1W,50,997,160,40,40,140,80,0,0,0,0,0,0,0,-999
AL222020,BETA,34,20200920,0600,,TS,26.9N,92.5W,50,998,170,30,40,140,80,0,0,0,0,0,0,0,-999
AL222020,BETA,34,20200920,1200,,TS,27.1N,92.8W,50,996,170,30,40,140,80,0,0,0,0,0,0,0,-999
AL222020,BETA,34,20200920,1800,,TS,27.5N,93.6W,55,996,170,30,40,140,80,0,0,0,0,0,0,0,-999
AL222020,BETA,34,20200921,0000,,TS,27.5N,94.1W,50,993,170,30,40,130,80,0,0,0,0,0,0,0,-999
AL222020,BETA,34,20200921,0600,,TS,27.6N,94.8W,45,995,150,0,40,120,0,0,0,0,0,0,0,0,-999
AL222020,BETA,34,20200921,1200,,TS,27.8N,95.5W,45,997,150,0,40,120,0,0,0,0,0,0,0,0,-999
AL222020,BETA,34,20200921,1800,,TS,28.1N,96.0W,40,999,150,0,40,80,0,0,0,0,0,0,0,0,-999
AL222020,BETA,34,20200922,0000,,TS,28.3N,96.3W,45,998,110,0,40,60,0,0,0,0,0,0,0,0,-999
AL222020,BETA,34,20200922,0245,L,TS,28.4N,96.4W,45,997,110,0,40,60,0,0,0,0,0,0,0,0,-999
AL222020,BETA,34,20200922,0600,,TS,28.6N,96.6W,40,999,90,40,30,40,0,0,0,0,0,0,0,0,-999
AL222020,BETA,34,20200922,1200,,TS,28.8N,96.8W,35,1002,90,50,20,30,0,0,0,0,0,0,0,0,-999
AL222020,BETA,34,20200922,1800,,TD,28.9N,96.5W,25,1006,0,0,0,0,0,0,0,0,0,0,0,0,-999
AL222020,BETA,34,20200923,0000,,EX,29.0N,95.8W,25,1007,0,0,0,0,0,0,0,0,0,0,0,0,-999
AL222020,BETA,34,20200923,0600,,EX,29.4N,95.4W,25,1007,0,0,0,0,0,0,0,0,0,0,0,0,-999
AL222020,BETA,34,20200923,1200,,EX,30.0N,94.6W,25,1007,0,0,0,0,0,0,0,0,0,0,0,0,-999
AL222020,BETA,34,20200923,1800,,EX,30.3N,93.8W,25,1006,0,0,0,0,0,0,0,0,0,0,0,0,-999
AL222020,BETA,34,20200924,0000,,EX,30.8N,92.4W,25,1005,0,0,0,0,0,0,0,0,0,0,0,0,-999
AL222020,BETA,34,20200924,0600,,EX,31.6N,91.5W,25,1004,0,0,0,0,0,0,0,0,0,0,0,0,-999
AL222020,BETA,34,20200924,1200,,EX,32.4N,90.6W,25,1003,0,0,0,0,0,0,0,0,0,0,0,0,-999
AL222020,BETA,34,20200924,1800,,EX,33.0N,89.1W,20,1008,0,0,0,0,0,0,0,0,0,0,0,0,-999
AL222020,BETA,34,20200925,0000,,EX,33.6N,87.6W,20,1009,0,0,0,0,0,0,0,0,0,0,0,0,-999
AL222020,BETA,34,20200925,0600,,EX,34.1N,86.5W,15,1010,0,0,0,0,0,0,0,0,0,0,0,0,-999
AL232020,WILFRED,17,20200917,0000,,LO,10.2N,25.0W,25,1009,0,0,0,0,0,0,0,0,0,0,0,0,-999
AL232020,WILFRED,17,20200917,0600,,LO,10.3N,25.9W,25,1009,0,0,0,0,0,0,0,0,0,0,0,0,-999
AL232020,WILFRED,17,20200917,1200,,LO,10.5N,27.0W,30,1008,0,0,0,0,0,0,0,0,0,0,0,0,-999
AL232020,WILFRED,17,20200917,1800,,TS,10.8N,28.1W,35,1007,0,130,0,0,0,0,0,0,0,0,0,0,-999
AL232020,WILFRED,17,20200918,0000,,TS,11.1N,29.3W,35,1006,0,130,0,0,0,0,0,0,0,0,0,0,-999
AL232020,WILFRED,17,20200918,0600,,TS,11.4N,30.6W,35,1006,60,120,0,0,0,0,0,0,0,0,0,0,-999
AL232020,WILFRED,17,20200918,1200,,TS,11.7N,32.0W,35,1006,70,110,0,0,0,0,0,0,0,0,0,0,-999
AL232020,WILFRED,17,20200918,1800,,TS,12.0N,33.5W,35,1006,80,100,0,0,0,0,0,0,0,0,0,0,-999
AL232020,WILFRED,17,20200919,0000,,TS,12.4N,35.0W,35,1006,90,90,0,0,0,0,0,0,0,0,0,0,-999
AL232020,WILFRED,17,20200919,0600,,TS,12.8N,36.2W,35,1006,90,80,0,60,0,0,0,0,0,0,0,0,-999
AL232020,WILFRED,17,20200919,1200,,TS,13.2N,37.3W,35,1006,90,60,0,70,0,0,0,0,0,0,0,0,-999
AL232020,WILFRED,17,20200919,1800,,TS,13.7N,38.5W,35,1006,90,0,0,70,0,0,0,0,0,0,0,0,-999
AL232020,WILFRED,17,20200920,0000,,TS,14.3N,39.9W,35,1007,90,0,0,80,0,0,0,0,0,0,0,0,-999
AL232020,WILFRED,17,20200920,0600,,TS,14.9N,41.5W,35,1007,90,0,0,0,0,0,0,0,0,0,0,0,-999
AL232020,WILFRED,17,20200920,1200,,TD,15.4N,43.2W,30,1008,0,0,0,0,0,0,0,0,0,0,0,0,-999
AL232020,WILFRED,17,20200920,1800,,TD,15.8N,45.0W,30,1009,0,0,0,0,0,0,0,0,0,0,0,0,-999
AL232020,WILFRED,17,20200921,0000,,TD,15.8N,46.7W,30,1009,0,0,0,0,0,0,0,0,0,0,0,0,-999
AL242020,ALPHA,20,20200914,1200,,EX,47.2N,22.0W,40,1002,0,0,120,240,0,0,0,0,0,0,0,0,-999
AL242020,ALPHA,20,20200914,1800,,EX,47.2N,22.2W,50,996,180,60,150,270,0,0,60,140,0,0,0,0,-999
AL242020,ALPHA,20,20200915,0000,,EX,47.0N,22.4W,60,992,240,60,180,270,0,0,90,140,0,0,0,0,-999
AL242020,ALPHA,20,20200915,0600,,EX,46.0N,22.5W,60,994,150,80,240,270,0,0,120,140,0,0,0,0,-999
AL242020,ALPHA,20,20200915,1200,,EX,45.0N,22.1W,50,996,90,80,270,240,0,0,140,120,0,0,0,0,-999
AL242020,ALPHA,20,20200915,1800,,EX,43.9N,21.4W,45,998,60,60,240,210,0,0,0,0,0,0,0,0,-999
AL242020,ALPHA,20,20200916,0000,,EX,42.9N,20.5W,40,1000,0,0,210,180,0,0,0,0,0,0,0,0,-999
AL242020,ALPHA,20,20200916,0600,,EX,41.9N,19.8W,40,1000,0,0,180,150,0,0,0,0,0,0,0,0,-999
AL242020,ALPHA,20,20200916,1200,,EX,40.9N,19.5W,40,1000,0,0,180,150,0,0,0,0,0,0,0,0,-999
AL242020,ALPHA,20,20200916,1800,,EX,39.9N,19.3W,40,1000,0,0,120,120,0,0,0,0,0,0,0,0,-999
AL242020,ALPHA,20,20200917,0000,,EX,38.9N,18.9W,35,1002,0,0,120,120,0,0,0,0,0,0,0,0,-999
AL242020,ALPHA,20,20200917,0600,,SS,38.3N,18.1W,35,1002,0,0,90,90,0,0,0,0,0,0,0,0,-999
AL242020,ALPHA,20,20200917,1200,,SS,37.7N,17.3W,35,1002,0,0,90,90,0,0,0,0,0,0,0,0,-999
AL242020,ALPHA,20,20200917,1800,,SS,36.7N,15.6W,40,999,0,40,60,60,0,0,0,0,0,0,0,0,-999
AL242020,ALPHA,20,20200918,0000,,SS,36.7N,13.1W,45,996,0,40,40,0,0,0,0,0,0,0,0,0,-999
AL242020,ALPHA,20,20200918,0600,,SS,37.9N,11.4W,45,996,30,30,30,0,0,0,0,0,0,0,0,0,-999
AL242020,ALPHA,20,20200918,1200,,SS,38.9N,10.3W,45,996,30,30,30,0,0,0,0,0,0,0,0,0,-999
AL242020,ALPHA,20,20200918,1800,,SS,39.9N,9.1W,45,996,30,30,30,0,0,0,0,0,0,0,0,0,-999
AL242020,ALPHA,20,20200918,1840,L,SS,40.0N,8.9W,45,996,30,30,30,0,0,0,0,0,0,0,0,0,-999
AL242020,ALPHA,20,20200919,0000,,SD,40.6N,7.6W,30,1004,0,0,0,0,0,0,0,0,0,0,0,0,-999
AL252020,GAMMA,21,20201002,0000,,LO,16.6N,83.3W,30,1006,0,0,0,0,0,0,0,0,0,0,0,0,-999
AL252020,GAMMA,21,20201002,0600,,TD,17.2N,83.9W,30,1006,0,0,0,0,0,0,0,0,0,0,0,0,-999
AL252020,GAMMA,21,20201002,1200,,TD,17.8N,84.4W,30,1005,0,0,0,0,0,0,0,0,0,0,0,0,-999
AL252020,GAMMA,21,20201002,1800,,TS,18.4N,85.0W,35,1002,40,0,0,0,0,0,0,0,0,0,0,0,-999
AL252020,GAMMA,21,20201003,0000,,TS,18.8N,85.8W,40,998,40,0,0,0,0,0,0,0,0,0,0,0,-999
AL252020,GAMMA,21,20201003,0600,,TS,19.2N,86.6W,45,995,80,0,0,40,0,0,0,0,0,0,0,0,-999
AL252020,GAMMA,21,20201003,1200,,TS,19.7N,87.1W,55,986,120,70,0,40,25,0,0,0,0,0,0,0,-999
AL252020,GAMMA,21,20201003,1645,L,HU,20.2N,87.4W,65,978,120,70,0,40,25,0,0,0,15,0,0,0,-999
AL252020,GAMMA,21,20201003,1800,,TS,20.4N,87.5W,60,980,120,70,0,40,30,20,0,0,0,0,0,0,-999
AL252020,GAMMA,21,20201004,0000,,TS,21.0N,87.9W,50,991,120,70,0,90,40,20,0,0,0,0,0,0,-999
AL252020,GAMMA,21,20201004,0600,,TS,21.8N,88.2W,45,997,120,0,0,90,0,0,0,0,0,0,0,0,-999
AL252020,GAMMA,21,20201004,1200,,TS,22.3N,88.1W,50,995,120,40,40,120,20,20,20,20,0,0,0,0,-999
AL252020,GAMMA,21,20201004,1800,,TS,22.7N,87.7W,55,994,150,60,40,140,40,20,20,30,0,0,0,0,-999
AL252020,GAMMA,21,20201005,0000,,TS,22.9N,87.4W,50,998,150,60,60,140,40,0,30,50,0,0,0,0,-999
AL252020,GAMMA,21,20201005,0600,,TS,22.8N,87.4W,45,999,140,0,0,120,0,0,0,0,0,0,0,0,-999
AL252020,GAMMA,21,20201005,1200,,TS,22.6N,87.5W,40,1001,140,0,0,130,0,0,0,0,0,0,0,0,-999
AL252020,GAMMA,21,20201005,1800,,TD,22.3N,87.9W,30,1005,0,0,0,0,0,0,0,0,0,0,0,0,-999
AL252020,GAMMA,21,20201006,0000,,TD,21.9N,88.2W,30,1005,0,0,0,0,0,0,0,0,0,0,0,0,-999
AL252020,GAMMA,21,20201006,0300,L,TD,21.6N,88.4W,30,1005,0,0,0,0,0,0,0,0,0,0,0,0,-999
AL252020,GAMMA,21,20201006,0600,,TD,21.3N,88.5W,30,1005,0,0,0,0,0,0,0,0,0,0,0,0,-999
AL252020,GAMMA,21,20201006,1200,,TD,20.6N,88.5W,25,1007,0,0,0,0,0,0,0,0,0,0,0,0,-999
AL262020,DELTA,31,20201004,1800,,TD,16.4N,76.2W,30,1006,0,0,0,0,0,0,0,0,0,0,0,0,-999
AL262020,DELTA,31,20201005,0000,,TD,16.4N,77.0W,30,1006,0,0,0,0,0,0,0,0,0,0,0,0,-999
AL262020,DELTA,31,20201005,0600,,TD,16.4N,77.7W,30,1006,0,0,0,0,0,0,0,0,0,0,0,0,-999
AL262020,DELTA,31,20201005,1200,,TS,16.4N,78.4W,40,1004,40,40,0,30,0,0,0,0,0,0,0,0,-999
AL262020,DELTA,31,20201005,1800,,TS,16.4N,79.1W,55,985,60,60,20,50,20,20,0,0,0,0,0,0,-999
AL262020,DELTA,31,20201006,0000,,HU,16.6N,79.8W,65,980,70,60,30,40,30,20,15,15,15,0,0,0,-999
AL262020,DELTA,31,20201006,0600,,HU,17.1N,80.7W,75,973,80,60,40,60,40,30,20,20,20,15,10,10,-999
AL262020,DELTA,31,20201006,1200,,HU,17.8N,82.0W,100,959,90,70,50,80,40,30,20,30,20,15,10,15,-999
AL262020,DELTA,31,20201006,1800,,HU,18.5N,83.3W,120,953,90,80,60,80,40,30,30,30,25,20,15,20,-999
AL262020,DELTA,31,20201007,0000,,HU,19.3N,84.6W,100,962,90,80,70,80,40,30,30,30,25,20,15,20,-999
AL262020,DELTA,31,20201007,0600,,HU,20.1N,85.9W,90,968,90,100,100,80,40,40,30,30,25,25,10,10,-999
AL262020,DELTA,31,20201007,1030,L,HU,20.8N,86.9W,90,971,100,100,100,80,40,40,30,30,25,25,10,10,-999
AL262020,DELTA,31,20201007,1200,,HU,21.1N,87.4W,85,973,110,90,80,90,40,40,30,30,25,25,10,20,-999
AL262020,DELTA,31,20201007,1800,,HU,21.7N,88.8W,75,978,110,90,70,100,40,30,20,30,30,20,10,25,-999
AL262020,DELTA,31,20201008,0000,,HU,22.3N,90.2W,80,973,120,90,70,100,40,30,20,30,30,20,10,25,-999
AL262020,DELTA,31,20201008,0600,,HU,23.0N,91.4W,85,973,120,110,70,100,50,40,30,50,30,20,15,25,-999
AL262020,DELTA,31,20201008,1200,,HU,23.7N,92.4W,90,969,130,120,70,100,50,40,30,50,30,25,15,25,-999
AL262020,DELTA,31,20201008,1800,,HU,24.5N,93.1W,100,960,140,130,80,110,50,40,40,50,30,25,20,25,-999
AL262020,DELTA,31,20201009,0000,,HU,25.3N,93.5W,105,953,140,130,80,110,50,40,40,50,35,30,25,25,-999
AL262020,DELTA,31,20201009,0600,,HU,26.3N,93.7W,105,953,140,130,80,110,50,40,40,50,35,30,25,25,-999
AL262020,DELTA,31,20201009,1200,,HU,27.5N,93.8W,100,958,140,130,80,110,50,40,40,50,35,30,25,25,-999
AL262020,DELTA,31,20201009,1800,,HU,28.7N,93.6W,90,966,140,140,80,110,50,40,40,50,35,30,25,25,-999
AL262020,DELTA,31,20201009,2300,L,HU,29.8N,93.1W,85,970,140,140,80,110,50,40,40,50,35,30,25,25,15
AL262020,DELTA,31,20201010,0000,,HU,30.1N,92.9W,75,971,120,140,80,100,40,40,40,40,20,20,20,20,-999
AL262020,DELTA,31,20201010,0600,,TS,31.4N,92.2W,50,985,90,120,60,90,0,40,0,0,0,0,0,0,-999
AL262020,DELTA,31,20201010,1200,,TS,32.5N,91.4W,35,993,60,60,0,0,0,0,0,0,0,0,0,0,-999
AL262020,DELTA,31,20201010,1800,,EX,33.3N,90.6W,25,998,0,0,0,0,0,0,0,0,0,0,0,0,-999
AL262020,DELTA,31,20201011,0000,,EX,33.9N,89.6W,25,1002,0,0,0,0,0,0,0,0,0,0,0,0,-999
AL262020,DELTA,31,20201011,0600,,EX,34.4N,88.6W,25,1004,0,0,0,0,0,0,0,0,0,0,0,0,-999
AL262020,DELTA,31,20201011,1200,,EX,34.8N,87.5W,20,1005,0,0,0,0,0,0,0,0,0,0,0,0,-999
AL262020,DELTA,31,20201011,1800,,EX,35.1N,86.3W,20,1007,0,0,0,0,0,0,0,0,0,0,0,0,-999
AL272020,EPSILON,41,20201016,1200,,LO,31.5N,54.9W,20,1013,0,0,0,0,0,0,0,0,0,0,0,0,-999
AL272020,EPSILON,41,20201016,1800,,LO,31.2N,55.1W,25,1011,0,0,0,0,0,0,0,0,0,0,0,0,-999
AL272020,EPSILON,41,20201017,0000,,LO,30.9N,55.5W,30,1009,0,0,0,0,0,0,0,0,0,0,0,0,-999
AL272020,EPSILON,41,20201017,0600,,LO,30.7N,55.9W,30,1009,0,0,0,0,0,0,0,0,0,0,0,0,-999
AL272020,EPSILON,41,20201017,1200,,LO,30.3N,56.2W,30,1008,0,0,0,0,0,0,0,0,0,0,0,0,-999
AL272020,EPSILON,41,20201017,1800,,LO,29.7N,56.3W,30,1008,0,0,0,0,0,0,0,0,0,0,0,0,-999
AL272020,EPSILON,41,20201018,0000,,LO,28.9N,56.3W,30,1006,0,0,0,0,0,0,0,0,0,0,0,0,-999
AL272020,EPSILON,41,20201018,0600,,LO,28.1N,56.3W,30,1004,0,0,0,0,0,0,0,0,0,0,0,0,-999
AL272020,EPSILON,41,20201018,1200,,LO,27.3N,56.4W,30,1004,0,0,0,0,0,0,0,0,0,0,0,0,-999
AL272020,EPSILON,41,20201018,1800,,LO,26.4N,56.6W,30,1003,0,0,0,0,0,0,0,0,0,0,0,0,-999
AL272020,EPSILON,41,20201019,0000,,LO,25.7N,56.3W,30,1003,0,0,0,0,0,0,0,0,0,0,0,0,-999
AL272020,EPSILON,41,20201019,0600,,TD,25.5N,55.9W,30,1003,0,0,0,0,0,0,0,0,0,0,0,0,-999
AL272020,EPSILON,41,20201019,1200,,TS,25.4N,55.6W,35,1000,200,0,0,200,0,0,0,0,0,0,0,0,-999
AL272020,EPSILON,41,20201019,1800,,TS,25.3N,55.4W,40,998,240,0,30,240,0,0,0,0,0,0,0,0,-999
AL272020,EPSILON,41,20201020,0000,,TS,25.2N,55.2W,40,998,260,40,40,260,0,0,0,0,0,0,0,0,-999
AL272020,EPSILON,41,20201020,0600,,TS,25.5N,54.9W,45,996,260,60,60,260,0,0,0,0,0,0,0,0,-999
AL272020,EPSILON,41,20201020,1200,,TS,26.2N,54.7W,50,994,300,60,60,280,60,0,0,0,0,0,0,0,-999
AL272020,EPSILON,41,20201020,1800,,TS,27.3N,55.3W,55,992,340,70,60,300,70,30,0,50,0,0,0,0,-999
AL272020,EPSILON,41,20201021,0000,,HU,28.3N,56.3W,65,987,380,80,80,300,50,30,0,40,20,0,0,20,-999
AL272020,EPSILON,41,20201021,0600,,HU,28.7N,57.7W,75,976,380,80,80,300,50,30,20,40,20,15,0,20,-999
AL272020,EPSILON,41,20201021,1200,,HU,28.9N,58.7W,85,968,360,100,100,300,50,30,20,40,20,15,10,20,-999
AL272020,EPSILON,41,20201021,1800,,HU,29.3N,59.6W,100,955,340,120,120,300,40,30,20,30,20,15,15,20,-999
AL272020,EPSILON,41,20201022,0000,,HU,29.5N,60.4W,100,952,310,150,100,300,40,30,20,30,20,15,15,20,-999
AL272020,EPSILON,41,20201022,0600,,HU,30.2N,60.9W,90,958,270,200,100,270,40,30,20,30,20,15,15,20,-999
AL272020,EPSILON,41,20201022,1200,,HU,30.8N,61.3W,80,965,220,220,120,220,60,40,20,40,15,10,10,15,-999
AL272020,EPSILON,41,20201022,1800,,HU,31.5N,61.5W,75,968,220,220,120,190,60,40,20,40,15,10,10,15,-999
AL272020,EPSILON,41,20201023,0000,,HU,32.2N,61.6W,75,968,250,250,120,180,60,40,20,50,15,10,10,15,-999
AL272020,EPSILON,41,20201023,0600,,HU,32.9N,61.6W,75,968,250,250,140,200,80,70,30,80,20,15,10,15,-999
AL272020,EPSILON,41,20201023,1200,,HU,33.7N,61.6W,75,966,250,250,140,220,100,80,50,100,30,20,20,20,-999
AL272020,EPSILON,41,20201023,1800,,HU,34.9N,61.7W,75,964,270,250,170,240,120,80,70,120,40,30,30,35,-999
AL272020,EPSILON,41,20201024,0000,,HU,36.1N,62.0W,75,962,300,250,210,270,130,90,90,130,50,40,50,40,-999
AL272020,EPSILON,41,20201024,0600,,HU,36.8N,62.1W,75,957,330,240,230,270,110,100,100,130,40,60,70,40,-999
AL272020,EPSILON,41,20201024,1200,,HU,37.4N,61.3W,75,957,350,250,260,270,100,120,120,130,30,80,90,30,-999
AL272020,EPSILON,41,20201024,1800,,HU,38.6N,59.7W,70,960,320,290,290,270,100,140,130,140,0,60,70,0,-999
AL272020,EPSILON,41,20201025,0000,,HU,40.3N,57.6W,65,962,290,300,310,270,100,150,130,120,0,60,0,0,-999
AL272020,EPSILON,41,20201025,0600,,HU,42.0N,55.2W,65,963,250,300,330,240,100,160,140,50,0,60,0,0,-999
AL272020,EPSILON,41,20201025,1200,,HU,43.3N,51.8W,65,964,220,320,340,210,100,170,150,40,0,60,0,0,-999
AL272020,EPSILON,41,20201025,1800,,TS,45.0N,46.9W,60,966,200,350,350,180,100,180,160,30,0,0,0,0,-999
AL272020,EPSILON,41,20201026,0000,,TS,47.2N,41.2W,60,968,200,390,360,0,90,180,180,0,0,0,0,0,-999
AL272020,EPSILON,41,20201026,0600,,EX,49.5N,34.7W,60,969,180,390,360,0,90,180,180,0,0,0,0,0,-999
AL272020,EPSILON,41,20201026,1200,,EX,52.1N,28.5W,60,964,160,390,360,0,90,180,180,0,0,0,0,0,-999
AL282020,ZETA,25,20201024,1200,,TD,18.4N,82.6W,25,1007,0,0,0,0,0,0,0,0,0,0,0,0,-999
AL282020,ZETA,25,20201024,1800,,TD,18.2N,83.0W,30,1006,0,0,0,0,0,0,0,0,0,0,0,0,-999
AL282020,ZETA,25,20201025,0000,,TS,18.0N,83.2W,35,1005,0,60,0,0,0,0,0,0,0,0,0,0,-999
AL282020,ZETA,25,20201025,0600,,TS,17.7N,83.5W,40,1004,0,70,0,0,0,0,0,0,0,0,0,0,-999
AL282020,ZETA,25,20201025,1200,,TS,17.8N,83.6W,45,1003,0,70,0,0,0,0,0,0,0,0,0,0,-999
AL282020,ZETA,25,20201025,1800,,TS,18.0N,83.7W,50,1000,60,100,60,0,0,70,0,0,0,0,0,0,-999
AL282020,ZETA,25,20201026,0000,,TS,18.2N,83.8W,55,996,60,100,70,50,0,50,0,0,0,0,0,0,-999
AL282020,ZETA,25,20201026,0600,,HU,18.5N,84.1W,65,993,60,100,70,50,40,50,0,0,20,0,0,0,-999
AL282020,ZETA,25,20201026,1200,,HU,18.9N,84.8W,65,990,80,100,50,50,50,50,0,0,20,0,0,0,-999
AL282020,ZETA,25,20201026,1800,,HU,19.4N,85.7W,70,984,100,100,50,70,50,50,20,40,20,20,0,0,-999
AL282020,ZETA,25,20201027,0000,,HU,19.9N,86.6W,70,980,120,110,60,70,70,70,20,40,40,40,0,0,-999
AL282020,ZETA,25,20201027,0355,L,HU,20.4N,87.4W,75,977,120,110,60,70,70,70,20,40,40,40,0,0,-999
AL282020,ZETA,25,20201027,0600,,HU,20.6N,87.9W,65,981,120,120,60,70,70,70,20,40,20,0,0,0,-999
AL282020,ZETA,25,20201027,1200,,TS,21.3N,89.0W,60,985,120,120,60,70,70,70,20,40,0,0,0,0,-999
AL282020,ZETA,25,20201027,1800,,TS,22.2N,90.0W,55,988,120,120,60,70,70,70,20,40,0,0,0,0,-999
AL282020,ZETA,25,20201028,0000,,TS,23.2N,90.8W,55,990,120,120,60,70,60,60,20,40,0,0,0,0,-999
AL282020,ZETA,25,20201028,0600,,HU,24.4N,91.5W,65,984,120,130,40,60,60,60,20,20,30,30,0,0,-999
AL282020,ZETA,25,20201028,1200,,HU,26.0N,91.7W,80,978,120,130,40,60,60,60,20,20,30,30,0,0,-999
AL282020,ZETA,25,20201028,1800,,HU,28.0N,91.1W,95,973,130,130,40,60,70,70,20,20,30,30,0,0,-999
AL282020,ZETA,25,20201028,2100,L,HU,29.2N,90.6W,100,970,130,130,40,60,70,70,20,20,35,35,0,0,20
AL282020,ZETA,25,20201029,0000,,HU,30.2N,89.9W,85,973,90,130,40,30,70,70,20,20,40,40,0,0,-999
AL282020,ZETA,25,20201029,0600,,TS,32.8N,87.5W,60,986,70,150,40,0,0,50,0,0,0,0,0,0,-999
AL282020,ZETA,25,20201029,1200,,TS,35.3N,83.6W,45,990,70,180,60,0,0,0,0,0,0,0,0,0,-999
AL282020,ZETA,25,20201029,1800,,EX,37.8N,78.2W,45,992,0,270,0,0,0,0,0,0,0,0,0,0,-999
AL282020,ZETA,25,20201030,0000,,EX,39.5N,71.7W,45,993,0,270,290,180,0,0,0,0,0,0,0,0,-999
AL292020,ETA,58,20201031,1800,,TD,14.9N,72.4W,30,1006,0,0,0,0,0,0,0,0,0,0,0,0,-999
AL292020,ETA,58,20201101,0000,,TS,14.9N,73.6W,35,1005,50,0,0,50,0,0,0,0,0,0,0,0,-999
AL292020,ETA,58,20201101,0600,,TS,14.9N,75.1W,35,1005,50,0,0,50,0,0,0,0,0,0,0,0,-999
AL292020,ETA,58,20201101,1200,,TS,14.9N,76.7W,40,1002,50,0,0,50,0,0,0,0,0,0,0,0,-999
AL292020,ETA,58,20201101,1800,,TS,14.9N,78.2W,50,992,80,60,20,60,50,30,0,0,0,0,0,0,-999
AL292020,ETA,58,20201102,0000,,TS,14.9N,79.4W,60,988,100,80,30,80,50,30,0,50,0,0,0,0,-999
AL292020,ETA,58,20201102,0600,,HU,14.9N,80.4W,70,982,110,90,30,90,50,30,10,50,20,0,0,20,-999
AL292020,ETA,58,20201102,1200,,HU,14.8N,81.2W,90,972,110,60,40,90,30,20,20,30,20,10,10,20,-999
AL292020,ETA,58,20201102,1800,,HU,14.7N,82.0W,115,948,110,60,40,100,30,30,20,30,20,15,10,20,-999
AL292020,ETA,58,20201103,0000,,HU,14.3N,82.5W,130,929,110,60,40,100,30,30,30,30,20,20,15,20,-999
AL292020,ETA,58,20201103,0600,,HU,14.0N,82.9W,130,922,110,60,40,100,30,30,30,30,20,20,15,20,-999
AL292020,ETA,58,20201103,1200,,HU,13.6N,83.1W,125,936,100,70,50,100,30,30,30,30,20,20,20,20,-999
AL292020,ETA,58,20201103,1800,,HU,13.7N,83.3W,120,940,100,70,50,90,30,30,30,30,20,20,20,20,-999
AL292020,ETA,58,20201103,2100,L,HU,13.8N,83.5W,120,940,100,70,50,90,30,30,30,30,20,20,20,20,-999
AL292020,ETA,58,20201104,0000,,HU,13.8N,83.7W,95,965,100,70,50,90,30,30,30,30,20,20,20,20,-999
AL292020,ETA,58,20201104,0600,,HU,13.8N,84.3W,70,980,100,70,50,90,30,30,30,30,20,20,20,20,-999
AL292020,ETA,58,20201104,1200,,TS,13.8N,84.9W,50,993,100,40,40,60,20,0,0,20,0,0,0,0,-999
AL292020,ETA,58,20201104,1800,,TS,13.9N,85.4W,40,998,80,30,30,40,0,0,0,0,0,0,0,0,-999
AL292020,ETA,58,20201105,0000,,TD,14.0N,86.0W,30,1002,0,0,0,0,0,0,0,0,0,0,0,0,-999
AL292020,ETA,58,20201105,0600,,DB,14.2N,86.7W,25,1006,0,0,0,0,0,0,0,0,0,0,0,0,-999
AL292020,ETA,58,20201105,1200,,DB,14.5N,87.5W,25,1005,0,0,0,0,0,0,0,0,0,0,0,0,-999
AL292020,ETA,58,20201105,1800,,DB,15.3N,87.8W,30,1005,0,0,0,0,0,0,0,0,0,0,0,0,-999
AL292020,ETA,58,20201106,0000,,DB,16.2N,87.8W,30,1004,0,0,0,0,0,0,0,0,0,0,0,0,-999
AL292020,ETA,58,20201106,0600,,TD,16.7N,87.6W,30,1004,0,0,0,0,0,0,0,0,0,0,0,0,-999
AL292020,ETA,58,20201106,1200,,TD,16.9N,87.4W,30,1004,0,0,0,0,0,0,0,0,0,0,0,0,-999
AL292020,ETA,58,20201106,1800,,TD,17.1N,87.1W,30,1004,0,0,0,0,0,0,0,0,0,0,0,0,-999
AL292020,ETA,58,20201107,0000,,TD,17.5N,86.4W,30,1002,0,0,0,0,0,0,0,0,0,0,0,0,-999
AL292020,ETA,58,20201107,0600,,TS,18.2N,85.1W,35,1001,0,50,0,0,0,0,0,0,0,0,0,0,-999
AL292020,ETA,58,20201107,1200,,TS,19.1N,83.2W,45,997,0,50,0,0,0,0,0,0,0,0,0,0,-999
AL292020,ETA,58,20201107,1800,,TS,19.8N,81.5W,55,994,50,80,20,40,20,20,0,20,0,0,0,0,-999
AL292020,ETA,58,20201108,0000,,TS,20.4N,80.2W,55,991,90,100,30,50,50,50,10,20,0,0,0,0,-999
AL292020,ETA,58,20201108,0600,,TS,21.1N,79.5W,55,991,120,100,30,80,50,50,10,30,0,0,0,0,-999
AL292020,ETA,58,20201108,0855,L,TS,21.5N,79.2W,55,991,100,100,30,80,50,50,10,30,0,0,0,0,-999
AL292020,ETA,58,20201108,1200,,TS,22.2N,79.0W,50,993,140,100,30,120,40,40,0,30,0,0,0,0,-999
AL292020,ETA,58,20201108,1800,,TS,23.5N,79.2W,55,993,180,100,30,140,40,40,0,30,0,0,0,0,-999
AL292020,ETA,58,20201109,0000,,TS,24.5N,80.1W,55,993,220,100,30,140,40,40,0,30,0,0,0,0,-999
AL292020,ETA,58,20201109,0400,L,TS,24.9N,80.7W,55,993,220,100,30,140,40,40,0,30,0,0,0,0,-999
AL292020,ETA,58,20201109,0600,,TS,25.0N,81.4W,55,992,160,60,30,140,40,40,0,30,0,0,0,0,-999
AL292020,ETA,58,20201109,1200,,TS,24.9N,82.9W,50,992,140,40,30,120,30,20,0,10,0,0,0,0,-999
AL292020,ETA,58,20201109,1800,,TS,24.2N,84.1W,45,995,120,40,30,100,0,0,0,0,0,0,0,0,-999
AL292020,ETA,58,20201110,0000,,TS,23.4N,85.0W,45,995,80,30,40,60,0,0,0,0,0,0,0,0,-999
AL292020,ETA,58,20201110,0600,,TS,23.0N,85.4W,45,995,80,30,40,40,0,0,0,0,0,0,0,0,-999
AL292020,ETA,58,20201110,1200,,TS,22.6N,85.3W,50,992,80,40,40,40,20,20,0,0,0,0,0,0,-999
AL292020,ETA,58,20201110,1800,,TS,22.9N,85.1W,50,992,80,60,40,40,20,20,0,0,0,0,0,0,-999
AL292020,ETA,58,20201111,0000,,TS,23.5N,84.6W,55,990,100,100,40,20,40,20,0,0,0,0,0,0,-999
AL292020,ETA,58,20201111,0600,,TS,24.5N,84.2W,60,987,100,100,40,40,60,30,0,0,0,0,0,0,-999
AL292020,ETA,58,20201111,1200,,HU,25.8N,83.9W,65,983,100,100,40,40,70,50,0,0,50,0,0,0,-999
AL292020,ETA,58,20201111,1800,,TS,26.8N,83.7W,60,990,100,100,30,90,40,40,0,0,0,0,0,0,-999
AL292020,ETA,58,20201112,0000,,TS,27.9N,83.5W,55,992,100,100,30,90,40,40,0,0,0,0,0,0,-999
AL292020,ETA,58,20201112,0600,,TS,28.7N,83.2W,50,994,90,100,20,60,30,30,0,0,0,0,0,0,-999
AL292020,ETA,58,20201112,0920,L,TS,29.2N,82.9W,45,996,60,100,40,60,0,0,0,0,0,0,0,0,-999
AL292020,ETA,58,20201112,1200,,TS,29.7N,82.5W,40,1001,60,100,40,60,0,0,0,0,0,0,0,0,-999
AL292020,ETA,58,20201112,1800,,TS,30.9N,81.3W,35,1003,60,100,20,60,0,0,0,0,0,0,0,0,-999
AL292020,ETA,58,20201113,0000,,TS,31.9N,79.9W,40,1004,60,100,0,60,0,0,0,0,0,0,0,0,-999
AL292020,ETA,58,20201113,0600,,TS,32.7N,78.0W,40,1004,60,100,0,60,0,0,0,0,0,0,0,0,-999
AL292020,ETA,58,20201113,1200,,EX,34.0N,75.3W,40,1004,60,100,0,60,0,0,0,0,0,0,0,0,-999
AL292020,ETA,58,20201113,1800,,EX,35.1N,72.5W,40,1005,60,100,0,60,0,0,0,0,0,0,0,0,-999
AL292020,ETA,58,20201114,0000,,EX,35.7N,69.2W,35,1006,60,100,0,60,0,0,0,0,0,0,0,0,-999
AL302020,THETA,33,20201108,1200,,EX,28.4N,47.5W,25,1010,0,0,0,0,0,0,0,0,0,0,0,0,-999
AL302020,THETA,33,20201108,1800,,EX,28.4N,46.8W,25,1010,0,0,0,0,0,0,0,0,0,0,0,0,-999
AL302020,THETA,33,20201109,0000,,EX,28.5N,45.9W,25,1010,0,0,0,0,0,0,0,0,0,0,0,0,-999
AL302020,THETA,33,20201109,0600,,EX,28.6N,44.9W,30,1007,0,0,0,0,0,0,0,0,0,0,0,0,-999
AL302020,THETA,33,20201109,1200,,EX,28.8N,43.7W,35,1005,0,0,0,70,0,0,0,0,0,0,0,0,-999
AL302020,THETA,33,20201109,1800,,EX,28.8N,42.4W,40,1003,0,0,70,70,0,0,0,0,0,0,0,0,-999
AL302020,THETA,33,20201110,0000,,SS,28.8N,41.0W,50,999,0,70,100,100,0,0,40,0,0,0,0,0,-999
AL302020,THETA,33,20201110,0600,,SS,28.8N,39.5W,55,994,60,70,100,100,0,0,40,0,0,0,0,0,-999
AL302020,THETA,33,20201110,1200,,SS,28.9N,38.0W,60,989,120,70,90,120,0,0,40,60,0,0,0,0,-999
AL302020,THETA,33,20201110,1800,,TS,29.0N,36.7W,60,987,120,70,90,120,0,0,40,60,0,0,0,0,-999
AL302020,THETA,33,20201111,0000,,TS,29.2N,35.8W,55,988,150,70,120,180,0,0,60,60,0,0,0,0,-999
AL302020,THETA,33,20201111,0600,,TS,29.4N,34.9W,55,988,150,70,120,180,0,0,60,60,0,0,0,0,-999
AL302020,THETA,33,20201111,1200,,TS,29.6N,33.8W,55,989,150,90,120,180,0,0,60,60,0,0,0,0,-999
AL302020,THETA,33,20201111,1800,,TS,30.3N,32.5W,55,989,150,90,120,180,0,0,60,60,0,0,0,0,-999
AL302020,THETA,33,20201112,0000,,TS,31.1N,31.9W,60,987,140,100,120,180,0,0,60,60,0,0,0,0,-999
AL302020,THETA,33,20201112,0600,,TS,31.5N,30.8W,55,988,140,100,120,180,0,0,60,60,0,0,0,0,-999
AL302020,THETA,33,20201112,1200,,TS,31.5N,29.4W,55,989,140,100,120,180,0,0,60,60,0,0,0,0,-999
AL302020,THETA,33,20201112,1800,,TS,31.7N,28.0W,55,990,140,100,130,180,0,0,60,60,0,0,0,0,-999
AL302020,THETA,33,20201113,0000,,TS,31.9N,26.7W,50,992,100,140,150,170,0,0,50,50,0,0,0,0,-999
AL302020,THETA,33,20201113,0600,,TS,31.9N,25.4W,50,993,100,140,150,170,0,0,50,50,0,0,0,0,-999
AL302020,THETA,33,20201113,1200,,TS,31.9N,24.2W,45,994,100,140,150,170,0,0,0,0,0,0,0,0,-999
AL302020,THETA,33,20201113,1800,,TS,32.0N,23.1W,45,996,100,130,140,160,0,0,0,0,0,0,0,0,-999
AL302020,THETA,33,20201114,0000,,TS,32.0N,22.1W,40,997,90,120,120,80,0,0,0,0,0,0,0,0,-999
AL302020,THETA,33,20201114,0600,,TS,31.9N,21.2W,35,999,80,0,80,0,0,0,0,0,0,0,0,0,-999
AL302020,THETA,33,20201114,1200,,TS,31.8N,20.4W,35,1000,80,0,80,80,0,0,0,0,0,0,0,0,-999
AL302020,THETA,33,20201114,1800,,TS,31.7N,19.6W,35,1002,80,0,80,80,0,0,0,0,0,0,0,0,-999
AL302020,THETA,33,20201115,0000,,TS,31.7N,18.9W,35,1003,0,80,80,0,0,0,0,0,0,0,0,0,-999
AL302020,THETA,33,20201115,0600,,TD,31.6N,18.5W,30,1005,0,0,0,0,0,0,0,0,0,0,0,0,-999
AL302020,THETA,33,20201115,1200,,LO,31.4N,18.3W,30,1009,0,0,0,0,0,0,0,0,0,0,0,0,-999
AL302020,THETA,33,20201115,1800,,LO,31.6N,18.0W,30,1012,0,0,0,0,0,0,0,0,0,0,0,0,-999
AL302020,THETA,33,20201116,0000,,LO,32.1N,17.9W,30,1013,0,0,0,0,0,0,0,0,0,0,0,0,-999
AL302020,THETA,33,20201116,0600,,LO,32.7N,18.2W,25,1014,0,0,0,0,0,0,0,0,0,0,0,0,-999
AL302020,THETA,33,20201116,1200,,LO,33.4N,18.6W,25,1014,0,0,0,0,0,0,0,0,0,0,0,0,-999
AL312020,IOTA,26,20201112,1200,,LO,15.5N,70.9W,25,1009,0,0,0,0,0,0,0,0,0,0,0,0,-999
AL312020,IOTA,26,20201112,1800,,LO,15.3N,71.9W,25,1009,0,0,0,0,0,0,0,0,0,0,0,0,-999
AL312020,IOTA,26,20201113,0000,,LO,15.0N,72.7W,25,1008,0,0,0,0,0,0,0,0,0,0,0,0,-999
AL312020,IOTA,26,20201113,0600,,LO,14.7N,73.3W,25,1007,0,0,0,0,0,0,0,0,0,0,0,0,-999
AL312020,IOTA,26,20201113,1200,,TD,14.4N,73.7W,30,1006,0,0,0,0,0,0,0,0,0,0,0,0,-999
AL312020,IOTA,26,20201113,1800,,TS,14.0N,74.1W,35,1005,80,80,0,0,0,0,0,0,0,0,0,0,-999
AL312020,IOTA,26,20201114,0000,,TS,13.6N,74.5W,35,1005,80,80,0,0,0,0,0,0,0,0,0,0,-999
AL312020,IOTA,26,20201114,0600,,TS,13.3N,75.0W,35,1004,80,80,0,0,0,0,0,0,0,0,0,0,-999
AL312020,IOTA,26,20201114,1200,,TS,12.9N,75.7W,40,1002,80,80,0,0,0,0,0,0,0,0,0,0,-999
AL312020,IOTA,26,20201114,1800,,TS,12.5N,76.4W,45,997,80,80,0,0,0,0,0,0,0,0,0,0,-999
AL312020,IOTA,26,20201115,0000,,TS,12.6N,76.7W,55,992,90,80,30,70,40,40,0,0,0,0,0,0,-999
AL312020,IOTA,26,20201115,0600,,HU,13.0N,77.1W,65,988,100,80,40,90,40,40,20,30,20,0,0,20,-999
AL312020,IOTA,26,20201115,1200,,HU,13.1N,78.0W,70,982,120,90,50,100,50,40,30,50,20,20,0,20,-999
AL312020,IOTA,26,20201115,1800,,HU,13.2N,78.9W,75,974,140,100,70,120,60,50,40,60,25,20,0,20,-999
AL312020,IOTA,26,20201116,0000,,HU,13.2N,79.8W,90,961,160,120,80,140,70,60,40,70,30,25,20,25,-999
AL312020,IOTA,26,20201116,0600,,HU,13.4N,80.7W,120,935,180,130,90,160,80,60,40,80,35,30,25,35,-999
AL312020,IOTA,26,20201116,1200,,HU,13.5N,81.5W,135,917,200,130,100,180,80,60,50,80,40,30,25,40,-999
AL312020,IOTA,26,20201116,1800,,HU,13.5N,82.3W,130,918,200,130,100,180,80,60,50,80,40,30,25,40,-999
AL312020,IOTA,26,20201117,0000,,HU,13.6N,83.0W,130,918,200,130,100,180,80,60,50,80,40,30,25,40,-999
AL312020,IOTA,26,20201117,0340,L,HU,13.6N,83.5W,125,922,200,130,90,180,80,60,50,70,40,30,20,35,-999
AL312020,IOTA,26,20201117,0600,,HU,13.7N,83.8W,110,935,190,130,80,180,70,60,30,60,35,25,15,25,-999
AL312020,IOTA,26,20201117,1200,,HU,13.7N,84.7W,75,965,170,110,50,160,60,40,0,50,30,0,0,20,-999
AL312020,IOTA,26,20201117,1800,,TS,13.7N,85.7W,55,988,150,70,0,140,60,0,0,0,0,0,0,0,-999
AL312020,IOTA,26,20201118,0000,,TS,13.8N,86.7W,40,1000,140,0,0,130,0,0,0,0,0,0,0,0,-999
AL312020,IOTA,26,20201118,0600,,TS,13.8N,87.8W,35,1005,140,0,0,0,0,0,0,0,0,0,0,0,-999
AL312020,IOTA,26,20201118,1200,,TD,13.7N,89.0W,25,1006,0,0,0,0,0,0,0,0,0,0,0,0,-999
AL012021,ANA,17,20210520,0000,,EX,30.3N,55.5W,30,1015,0,0,0,0,0,0,0,0,0,0,0,0,70
AL012021,ANA,17,20210520,0600,,EX,31.5N,54.5W,35,1013,100,0,0,0,0,0,0,0,0,0,0,0,70
AL012021,ANA,17,20210520,1200,,EX,33.0N,53.0W,40,1012,150,0,0,0,0,0,0,0,0,0,0,0,70
AL012021,ANA,17,20210520,1800,,EX,34.2N,53.8W,45,1010,210,0,0,120,0,0,0,0,0,0,0,0,90
AL012021,ANA,17,20210521,0000,,EX,34.8N,55.0W,50,1008,270,0,0,150,120,0,0,0,0,0,0,0,90
AL012021,ANA,17,20210521,0600,,EX,35.5N,57.0W,50,1006,300,0,0,180,150,0,0,90,0,0,0,0,90
AL012021,ANA,17,20210521,1200,,EX,35.7N,59.3W,45,1005,330,0,0,180,0,0,0,0,0,0,0,0,90
AL012021,ANA,17,20210521,1800,,EX,35.0N,61.1W,45,1005,270,0,0,150,0,0,0,0,0,0,0,0,80
AL012021,ANA,17,20210522,0000,,EX,34.5N,61.8W,40,1006,180,0,0,120,0,0,0,0,0,0,0,0,70
AL012021,ANA,17,20210522,0600,,SS,34.2N,62.1W,35,1006,90,0,0,120,0,0,0,0,0,0,0,0,60
AL012021,ANA,17,20210522,1200,,SS,34.3N,62.7W,35,1006,60,0,0,90,0,0,0,0,0,0,0,0,40
AL012021,ANA,17,20210522,1800,,SS,34.2N,62.4W,35,1006,0,40,0,0,0,0,0,0,0,0,0,0,20
AL012021,ANA,17,20210523,0000,,TS,34.7N,61.8W,40,1005,0,40,0,0,0,0,0,0,0,0,0,0,15
AL012021,ANA,17,20210523,0600,,TS,35.4N,61.1W,40,1004,0,40,0,0,0,0,0,0,0,0,0,0,15
AL012021,ANA,17,20210523,1200,,TS,36.1N,60.3W,35,1005,0,30,0,0,0,0,0,0,0,0,0,0,15
AL012021,ANA,17,20210523,1800,,LO,36.8N,58.7W,35,1006,0,30,0,0,0,0,0,0,0,0,0,0,20
AL012021,ANA,17,20210524,0000,,LO,37.6N,56.7W,35,1007,0,30,0,0,0,0,0,0,0,0,0,0,20
AL022021,BILL,10,20210613,1800,,LO,31.9N,78.1W,20,1008,0,0,0,0,0,0,0,0,0,0,0,0,60
AL022021,BILL,10,20210614,0000,,LO,32.5N,77.1W,20,1007,0,0,0,0,0,0,0,0,0,0,0,0,40
AL022021,BILL,10,20210614,0600,,TD,33.2N,75.9W,25,1006,0,0,0,0,0,0,0,0,0,0,0,0,40
AL022021,BILL,10,20210614,1200,,TD,34.0N,74.5W,30,1005,0,0,0,0,0,0,0,0,0,0,0,0,35
AL022021,BILL,10,20210614,1800,,TS,34.9N,72.8W,35,1003,0,60,0,0,0,0,0,0,0,0,0,0,35
AL022021,BILL,10,20210615,0000,,TS,36.0N,70.8W,40,1000,0,80,0,0,0,0,0,0,0,0,0,0,35
AL022021,BILL,10,20210615,0600,,TS,37.6N,67.8W,50,996,40,80,0,0,0,40,0,0,0,0,0,0,30
AL022021,BILL,10,20210615,1200,,TS,39.4N,64.0W,55,992,40,80,40,0,0,40,0,0,0,0,0,0,30
AL022021,BILL,10,20210615,1800,,TS,40.9N,60.8W,45,997,60,60,40,0,0,0,0,0,0,0,0,0,40
AL022021,BILL,10,20210616,0000,,EX,42.5N,57.9W,35,1002,60,60,40,0,0,0,0,0,0,0,0,0,60
AL032021,CLAUDETTE,23,20210617,1800,,DB,22.5N,92.2W,25,1008,0,0,0,0,0,0,0,0,0,0,0,0,150
AL032021,CLAUDETTE,23,20210618,0000,,DB,23.5N,91.8W,30,1007,0,0,0,0,0,0,0,0,0,0,0,0,140
AL032021,CLAUDETTE,23,20210618,0600,,DB,24.6N,91.4W,35,1007,150,150,0,0,0,0,0,0,0,0,0,0,130
AL032021,CLAUDETTE,23,20210618,1200,,DB,25.9N,91.2W,35,1007,150,150,0,0,0,0,0,0,0,0,0,0,120
AL032021,CLAUDETTE,23,20210618,1800,,DB,27.2N,91.1W,40,1006,180,180,0,0,0,0,0,0,0,0,0,0,120
AL032021,CLAUDETTE,23,20210619,0000,,TS,28.4N,91.2W,40,1005,180,180,0,0,0,0,0,0,0,0,0,0,120
AL032021,CLAUDETTE,23,20210619,0430,L,TS,29.2N,91.0W,40,1003,180,180,0,0,0,0,0,0,0,0,0,0,120
AL032021,CLAUDETTE,23,20210619,0600,,TS,29.5N,90.8W,40,1003,180,180,0,0,0,0,0,0,0,0,0,0,120
AL032021,CLAUDETTE,23,20210619,1200,,TS,30.6N,89.9W,35,1004,0,180,0,0,0,0,0,0,0,0,0,0,120
AL032021,CLAUDETTE,23,20210619,1800,,TD,31.5N,88.8W,30,1005,0,0,0,0,0,0,0,0,0,0,0,0,120
AL032021,CLAUDETTE,23,20210620,0000,,TD,32.4N,87.8W,25,1005,0,0,0,0,0,0,0,0,0,0,0,0,120
AL032021,CLAUDETTE,23,20210620,0600,,TD,33.1N,86.5W,25,1006,0,0,0,0,0,0,0,0,0,0,0,0,120
AL032021,CLAUDETTE,23,20210620,1200,,TD,33.5N,84.8W,25,1007,0,0,0,0,0,0,0,0,0,0,0,0,120
AL032021,CLAUDETTE,23,20210620,1800,,TD,33.8N,83.1W,25,1008,0,0,0,0,0,0,0,0,0,0,0,0,120
AL032021,CLAUDETTE,23,20210621,0000,,TD,34.2N,81.2W,30,1007,0,0,0,0,0,0,0,0,0,0,0,0,120
AL032021,CLAUDETTE,23,20210621,0600,,TS,35.0N,79.1W,40,1006,0,110,0,0,0,0,0,0,0,0,0,0,110
AL032021,CLAUDETTE,23,20210621,1200,,TS,36.0N,76.5W,40,1005,0,130,0,0,0,0,0,0,0,0,0,0,110
AL032021,CLAUDETTE,23,20210621,1800,,TS,37.0N,73.5W,40,1004,0,130,0,0,0,0,0,0,0,0,0,0,110
AL032021,CLAUDETTE,23,20210622,0000,,TS,38.4N,70.7W,40,1004,0,150,0,0,0,0,0,0,0,0,0,0,100
AL032021,CLAUDETTE,23,20210622,0600,,EX,39.7N,67.8W,40,1004,0,170,120,0,0,0,0,0,0,0,0,0,100
AL032021,CLAUDETTE,23,20210622,1200,,EX,41.2N,65.2W,40,1004,0,170,120,0,0,0,0,0,0,0,0,0,100
AL032021,CLAUDETTE,23,20210622,1800,,EX,42.6N,62.4W,40,1004,0,170,120,0,0,0,0,0,0,0,0,0,100
AL032021,CLAUDETTE,23,20210623,0000,,EX,44.1N,59.6W,35,1004,0,100,0,0,0,0,0,0,0,0,0,0,100
AL042021,DANNY,7,20210627,1800,,TD,29.8N,72.8W,30,1013,0,0,0,0,0,0,0,0,0,0,0,0,40
AL042021,DANNY,7,20210628,0000,,TD,30.1N,74.5W,30,1013,0,0,0,0,0,0,0,0,0,0,0,0,40
AL042021,DANNY,7,20210628,0600,,TS,30.7N,76.1W,35,1011,40,0,0,30,0,0,0,0,0,0,0,0,40
AL042021,DANNY,7,20210628,1200,,TS,31.5N,77.6W,35,1011,40,0,30,30,0,0,0,0,0,0,0,0,30
AL042021,DANNY,7,20210628,1800,,TS,32.0N,79.5W,40,1009,40,0,30,30,0,0,0,0,0,0,0,0,30
AL042021,DANNY,7,20210628,2320,L,TS,32.3N,80.5W,35,1010,40,0,0,0,0,0,0,0,0,0,0,0,30
AL042021,DANNY,7,20210629,0000,,TD,32.4N,80.7W,30,1011,0,0,0,0,0,0,0,0,0,0,0,0,30
AL052021,ELSA,43,20210630,1800,,TD,9.4N,42.8W,30,1008,0,0,0,0,0,0,0,0,0,0,0,0,60
AL052021,ELSA,43,20210701,0000,,TS,9.3N,45.3W,35,1007,90,0,0,0,0,0,0,0,0,0,0,0,60
AL052021,ELSA,43,20210701,0600,,TS,9.4N,47.7W,35,1006,90,0,0,90,0,0,0,0,0,0,0,0,50
AL052021,ELSA,43,20210701,1200,,TS,9.9N,50.2W,40,1005,90,70,0,90,0,0,0,0,0,0,0,0,50
AL052021,ELSA,43,20210701,1800,,TS,10.7N,52.6W,45,1004,90,80,0,90,0,0,0,0,0,0,0,0,50
AL052021,ELSA,43,20210702,0000,,TS,11.5N,55.0W,50,1002,100,90,0,100,40,0,0,0,0,0,0,0,40
AL052021,ELSA,43,20210702,0600,,TS,12.3N,57.3W,55,1000,110,100,30,110,40,0,0,0,0,0,0,0,30
AL052021,ELSA,43,20210702,1200,,HU,13.0N,59.8W,65,995,120,100,30,110,40,0,0,30,20,0,0,20,20
AL052021,ELSA,43,20210702,1800,,HU,13.8N,62.4W,75,991,120,100,30,110,40,0,0,30,20,0,0,20,15
AL052021,ELSA,43,20210703,0000,,HU,14.7N,65.1W,70,995,120,110,30,120,50,0,0,40,20,0,0,20,15
AL052021,ELSA,43,20210703,0600,,HU,15.7N,67.9W,65,998,110,100,30,110,60,0,0,40,20,0,0,20,15
AL052021,ELSA,43,20210703,1200,,TS,16.6N,70.3W,60,1000,110,90,30,100,60,0,0,40,0,0,0,0,15
AL052021,ELSA,43,20210703,1800,,TS,17.2N,72.5W,60,1002,100,80,30,100,60,0,0,40,0,0,0,0,20
AL052021,ELSA,43,20210704,0000,,TS,17.6N,74.4W,55,1004,100,90,30,100,60,0,0,40,0,0,0,0,20
AL052021,ELSA,43,20210704,0600,,TS,18.0N,75.5W,55,1006,100,70,30,100,50,0,0,40,0,0,0,0,20
AL052021,ELSA,43,20210704,1200,,TS,18.5N,76.5W,50,1007,90,60,30,90,40,0,0,40,0,0,0,0,20
AL052021,ELSA,43,20210704,1800,,TS,19.3N,77.6W,50,1007,80,60,30,80,40,0,0,30,0,0,0,0,20
AL052021,ELSA,43,20210705,0000,,TS,20.1N,78.6W,55,1005,70,60,20,70,30,20,0,20,0,0,0,0,20
AL052021,ELSA,43,20210705,0600,,TS,20.7N,79.6W,55,1005,60,60,0,60,30,20,0,0,0,0,0,0,20
AL052021,ELSA,43,20210705,1200,,TS,21.3N,80.7W,55,1005,60,60,0,50,30,20,0,0,0,0,0,0,20
AL052021,ELSA,43,20210705,1800,,TS,22.1N,81.5W,55,1005,60,60,0,50,30,0,0,0,0,0,0,0,20
AL052021,ELSA,43,20210705,1830,L,TS,22.2N,81.6W,55,1005,60,60,0,50,30,0,0,0,0,0,0,0,20
AL052021,ELSA,43,20210706,0000,,TS,22.9N,82.0W,50,1005,60,50,0,50,30,0,0,0,0,0,0,0,20
AL052021,ELSA,43,20210706,0600,,TS,23.7N,82.4W,50,1005,60,50,0,50,30,0,0,0,0,0,0,0,20
AL052021,ELSA,43,20210706,1200,,TS,24.6N,82.7W,55,1003,60,60,0,50,30,0,0,0,0,0,0,0,20
AL052021,ELSA,43,20210706,1800,,TS,25.5N,82.9W,60,997,70,70,0,60,30,40,0,20,0,0,0,0,20
AL052021,ELSA,43,20210707,0000,,HU,26.6N,83.2W,65,996,70,80,0,60,30,40,0,20,20,0,0,0,20
AL052021,ELSA,43,20210707,0600,,TS,27.8N,83.5W,55,998,70,80,0,60,30,30,0,0,0,0,0,0,20
AL052021,ELSA,43,20210707,1200,,TS,29.1N,83.6W,55,999,70,80,0,50,30,30,0,0,0,0,0,0,25
AL052021,ELSA,43,20210707,1430,L,TS,29.8N,83.5W,55,1000,70,80,0,50,30,30,0,0,0,0,0,0,25
AL052021,ELSA,43,20210707,1800,,TS,30.3N,83.4W,45,1002,60,60,0,30,0,0,0,0,0,0,0,0,40
AL052021,ELSA,43,20210708,0000,,TS,31.5N,82.7W,45,1005,0,100,0,0,0,0,0,0,0,0,0,0,60
AL052021,ELSA,43,20210708,0600,,TS,32.8N,81.8W,40,1006,0,100,0,0,0,0,0,0,0,0,0,0,75
AL052021,ELSA,43,20210708,1200,,TS,34.2N,80.5W,40,1006,0,120,0,0,0,0,0,0,0,0,0,0,90
AL052021,ELSA,43,20210708,1800,,TS,35.5N,79.0W,45,1004,0,140,0,0,0,0,0,0,0,0,0,0,90
AL052021,ELSA,43,20210709,0000,,TS,36.8N,77.4W,45,1003,0,140,0,0,0,0,0,0,0,0,0,0,90
AL052021,ELSA,43,20210709,0600,,TS,38.4N,75.5W,50,1001,70,140,0,0,0,80,0,0,0,0,0,0,75
AL052021,ELSA,43,20210709,1200,,TS,40.3N,73.1W,50,999,70,140,0,0,0,80,0,0,0,0,0,0,70
AL052021,ELSA,43,20210709,1500,L,TS,40.9N,72.3W,50,999,70,140,0,0,0,80,0,0,0,0,0,0,70
AL052021,ELSA,43,20210709,1630,L,TS,41.4N,71.7W,50,999,70,140,0,0,0,80,0,0,0,0,0,0,70
AL052021,ELSA,43,20210709,1800,,EX,42.0N,71.0W,45,999,70,120,0,0,0,0,0,0,0,0,0,0,70
AL052021,ELSA,43,20210710,0000,,EX,44.0N,68.3W,40,997,70,120,0,0,0,0,0,0,0,0,0,0,70
AL052021,ELSA,43,20210710,0600,,EX,46.8N,64.4W,35,999,70,120,0,0,0,0,0,0,0,0,0,0,70
AL062021,FRED,45,20210809,1800,,DB,13.9N,58.7W,30,1011,0,0,0,0,0,0,0,0,0,0,0,0,70
AL062021,FRED,45,20210810,0000,,DB,14.6N,60.1W,30,1011,0,0,0,0,0,0,0,0,0,0,0,0,60
AL062021,FRED,45,20210810,0600,,DB,15.3N,61.6W,30,1011,0,0,0,0,0,0,0,0,0,0,0,0,60
AL062021,FRED,45,20210810,1200,,DB,16.0N,63.1W,30,1011,0,0,0,0,0,0,0,0,0,0,0,0,50
AL062021,FRED,45,20210810,1800,,DB,16.7N,64.6W,30,1011,0,0,0,0,0,0,0,0,0,0,0,0,50
AL062021,FRED,45,20210811,0000,,TS,17.3N,66.1W,35,1009,40,0,0,0,0,0,0,0,0,0,0,0,40
AL062021,FRED,45,20210811,0600,,TS,17.7N,67.6W,35,1007,40,0,0,0,0,0,0,0,0,0,0,0,40
AL062021,FRED,45,20210811,1200,,TS,18.0N,69.0W,40,1005,50,0,0,0,0,0,0,0,0,0,0,0,40
AL062021,FRED,45,20210811,1700,L,TS,18.4N,70.1W,40,1005,50,0,0,0,0,0,0,0,0,0,0,0,40
AL062021,FRED,45,20210811,1800,,TS,18.5N,70.4W,35,1006,50,0,0,0,0,0,0,0,0,0,0,0,40
AL062021,FRED,45,20210812,0000,,TD,19.2N,71.7W,30,1009,0,0,0,0,0,0,0,0,0,0,0,0,40
AL062021,FRED,45,20210812,0600,,TD,20.0N,72.9W,30,1010,0,0,0,0,0,0,0,0,0,0,0,0,40
AL062021,FRED,45,20210812,1200,,TD,20.5N,73.9W,30,1010,0,0,0,0,0,0,0,0,0,0,0,0,50
AL062021,FRED,45,20210812,1800,,TD,20.9N,74.7W,30,1010,0,0,0,0,0,0,0,0,0,0,0,0,50
AL062021,FRED,45,20210813,0000,,TS,21.2N,75.5W,35,1010,60,0,0,0,0,0,0,0,0,0,0,0,50
AL062021,FRED,45,20210813,0600,,TS,21.6N,76.6W,35,1010,60,0,0,0,0,0,0,0,0,0,0,0,60
AL062021,FRED,45,20210813,1200,,TD,22.0N,77.7W,30,1010,0,0,0,0,0,0,0,0,0,0,0,0,60
AL062021,FRED,45,20210813,1800,,TD,22.3N,79.0W,30,1011,0,0,0,0,0,0,0,0,0,0,0,0,60
AL062021,FRED,45,20210814,0000,,DB,22.5N,80.2W,30,1012,0,0,0,0,0,0,0,0,0,0,0,0,60
AL062021,FRED,45,20210814,0600,,DB,22.7N,81.3W,30,1012,0,0,0,0,0,0,0,0,0,0,0,0,60
AL062021,FRED,45,20210814,1200,,DB,22.9N,82.5W,30,1012,0,0,0,0,0,0,0,0,0,0,0,0,60
AL062021,FRED,45,20210814,1800,,DB,23.3N,83.5W,30,1012,0,0,0,0,0,0,0,0,0,0,0,0,60
AL062021,FRED,45,20210815,0000,,DB,24.1N,84.1W,35,1011,130,0,0,0,0,0,0,0,0,0,0,0,60
AL062021,FRED,45,20210815,0600,,DB,25.0N,84.4W,35,1010,110,0,0,0,0,0,0,0,0,0,0,0,60
AL062021,FRED,45,20210815,1200,,TS,25.7N,84.7W,35,1008,90,0,0,0,0,0,0,0,0,0,0,0,60
AL062021,FRED,45,20210815,1800,,TS,26.4N,85.2W,40,1005,80,60,0,0,0,0,0,0,0,0,0,0,60
AL062021,FRED,45,20210816,0000,,TS,27.0N,85.8W,50,999,80,60,0,0,40,30,0,0,0,0,0,0,60
AL062021,FRED,45,20210816,0600,,TS,27.8N,85.9W,50,996,90,80,0,0,40,40,0,0,0,0,0,0,50
AL062021,FRED,45,20210816,1200,,TS,28.7N,85.7W,50,993,100,100,30,40,50,50,0,20,0,0,0,0,40
AL062021,FRED,45,20210816,1800,,TS,29.5N,85.4W,55,991,100,100,30,40,50,50,0,20,0,0,0,0,30
AL062021,FRED,45,20210816,1900,L,TS,29.7N,85.4W,55,991,100,100,30,40,50,50,0,20,0,0,0,0,30
AL062021,FRED,45,20210817,0000,,TS,30.6N,85.4W,45,998,60,80,20,40,0,0,0,0,0,0,0,0,30
AL062021,FRED,45,20210817,0600,,TS,31.7N,85.4W,35,1004,40,30,0,0,0,0,0,0,0,0,0,0,50
AL062021,FRED,45,20210817,1200,,TD,32.8N,85.2W,25,1006,0,0,0,0,0,0,0,0,0,0,0,0,60
AL062021,FRED,45,20210817,1800,,TD,34.0N,84.7W,25,1008,0,0,0,0,0,0,0,0,0,0,0,0,70
AL062021,FRED,45,20210818,0000,,LO,35.9N,83.6W,25,1009,0,0,0,0,0,0,0,0,0,0,0,0,70
AL062021,FRED,45,20210818,0600,,LO,37.7N,82.3W,20,1010,0,0,0,0,0,0,0,0,0,0,0,0,80
AL062021,FRED,45,20210818,1200,,LO,39.2N,81.1W,20,1011,0,0,0,0,0,0,0,0,0,0,0,0,90
AL062021,FRED,45,20210818,1800,,LO,40.4N,79.7W,20,1013,0,0,0,0,0,0,0,0,0,0,0,0,100
AL062021,FRED,45,20210819,0000,,EX,41.2N,78.2W,20,1012,0,0,0,0,0,0,0,0,0,0,0,0,100
AL062021,FRED,45,20210819,0600,,EX,41.9N,76.7W,20,1011,0,0,0,0,0,0,0,0,0,0,0,0,100
AL062021,FRED,45,20210819,1200,,EX,42.4N,75.1W,20,1011,0,0,0,0,0,0,0,0,0,0,0,0,100
AL062021,FRED,45,20210819,1800,,EX,42.7N,73.5W,25,1010,0,0,0,0,0,0,0,0,0,0,0,0,100
AL062021,FRED,45,20210820,0000,,EX,42.7N,72.2W,25,1009,0,0,0,0,0,0,0,0,0,0,0,0,100
AL062021,FRED,45,20210820,0600,,EX,42.6N,71.0W,25,1008,0,0,0,0,0,0,0,0,0,0,0,0,100
AL072021,GRACE,38,20210813,0600,,TD,15.0N,46.7W,30,1010,0,0,0,0,0,0,0,0,0,0,0,0,20
AL072021,GRACE,38,20210813,1200,,TD,15.2N,48.7W,30,1010,0,0,0,0,0,0,0,0,0,0,0,0,20
AL072021,GRACE,38,20210813,1800,,TD,15.3N,50.8W,30,1010,0,0,0,0,0,0,0,0,0,0,0,0,20
AL072021,GRACE,38,20210814,0000,,TD,15.4N,52.8W,30,1010,0,0,0,0,0,0,0,0,0,0,0,0,20
AL072021,GRACE,38,20210814,0600,,TD,15.7N,54.8W,30,1010,0,0,0,0,0,0,0,0,0,0,0,0,20
AL072021,GRACE,38,20210814,1200,,TS,16.1N,57.2W,35,1009,30,0,0,30,0,0,0,0,0,0,0,0,30
AL072021,GRACE,38,20210814,1800,,TS,16.2N,59.5W,35,1009,30,0,0,30,0,0,0,0,0,0,0,0,30
AL072021,GRACE,38,20210815,0000,,TD,16.5N,61.7W,30,1010,0,0,0,0,0,0,0,0,0,0,0,0,40
AL072021,GRACE,38,20210815,0600,,TD,16.7N,63.7W,30,1010,0,0,0,0,0,0,0,0,0,0,0,0,40
AL072021,GRACE,38,20210815,1200,,TD,16.9N,65.4W,30,1010,0,0,0,0,0,0,0,0,0,0,0,0,40
AL072021,GRACE,38,20210815,1800,,TD,17.0N,66.7W,30,1011,0,0,0,0,0,0,0,0,0,0,0,0,40
AL072021,GRACE,38,20210816,0000,,TD,17.1N,68.1W,30,1011,0,0,0,0,0,0,0,0,0,0,0,0,30
AL072021,GRACE,38,20210816,0600,,TD,17.2N,69.6W,30,1010,0,0,0,0,0,0,0,0,0,0,0,0,30
AL072021,GRACE,38,20210816,1200,,TS,17.5N,70.8W,35,1007,30,20,0,0,0,0,0,0,0,0,0,0,20
AL072021,GRACE,38,20210816,1630,L,TS,17.7N,71.4W,35,1007,40,20,0,0,0,0,0,0,0,0,0,0,20
AL072021,GRACE,38,20210816,1800,,TS,17.8N,71.7W,35,1007,40,20,0,0,0,0,0,0,0,0,0,0,20
AL072021,GRACE,38,20210817,0000,,TS,17.9N,73.2W,35,1006,30,20,0,0,0,0,0,0,0,0,0,0,20
AL072021,GRACE,38,20210817,0600,,TS,18.0N,74.8W,40,1006,30,30,0,20,0,0,0,0,0,0,0,0,25
AL072021,GRACE,38,20210817,1200,,TS,18.2N,76.1W,45,1005,60,60,0,40,0,0,0,0,0,0,0,0,25
AL072021,GRACE,38,20210817,1400,L,TS,18.2N,76.6W,50,1004,60,60,0,40,30,0,0,0,0,0,0,0,30
AL072021,GRACE,38,20210817,1800,,TS,18.3N,77.4W,50,1003,80,70,0,40,40,0,0,0,0,0,0,0,30
AL072021,GRACE,38,20210818,0000,,TS,18.3N,78.6W,50,1000,100,80,0,60,50,0,0,0,0,0,0,0,30
AL072021,GRACE,38,20210818,0600,,TS,18.7N,80.1W,55,998,120,90,0,60,60,0,0,0,0,0,0,0,30
AL072021,GRACE,38,20210818,1200,,HU,19.2N,81.5W,65,993,120,90,20,80,60,30,0,0,20,0,0,0,20
AL072021,GRACE,38,20210818,1800,,HU,19.6N,83.0W,70,990,120,90,40,80,60,30,0,20,20,15,0,10,20
AL072021,GRACE,38,20210819,0000,,HU,19.7N,84.8W,70,988,140,100,50,80,80,40,20,30,30,20,0,20,20
AL072021,GRACE,38,20210819,0600,,HU,19.9N,86.4W,70,985,140,100,60,80,80,30,20,40,30,20,0,20,20
AL072021,GRACE,38,20210819,0945,L,HU,20.1N,87.5W,75,978,140,100,60,80,80,30,20,40,30,20,0,20,20
AL072021,GRACE,38,20210819,1200,,TS,20.2N,88.1W,60,994,140,80,30,100,40,0,0,20,0,0,0,0,25
AL072021,GRACE,38,20210819,1800,,TS,20.5N,89.5W,45,998,140,50,0,130,0,0,0,0,0,0,0,0,25
AL072021,GRACE,38,20210820,0000,,TS,20.8N,91.1W,55,994,130,60,40,110,40,0,0,30,0,0,0,0,20
AL072021,GRACE,38,20210820,0600,,TS,20.7N,92.6W,60,991,150,80,60,100,40,30,0,30,0,0,0,0,20
AL072021,GRACE,38,20210820,1200,,HU,20.6N,93.8W,75,982,150,90,80,100,60,30,30,30,30,0,0,0,20
AL072021,GRACE,38,20210820,1800,,HU,20.6N,94.7W,85,975,150,90,80,100,60,40,30,40,30,20,0,20,20
AL072021,GRACE,38,20210821,0000,,HU,20.7N,95.8W,105,967,120,100,70,100,60,50,40,50,40,30,20,30,15
AL072021,GRACE,38,20210821,0530,L,HU,20.6N,97.1W,105,967,110,110,70,100,60,50,40,50,40,30,20,30,15
AL072021,GRACE,38,20210821,0600,,HU,20.6N,97.2W,100,969,100,110,60,100,50,50,30,50,35,25,15,25,15
AL072021,GRACE,38,20210821,1200,,TS,20.2N,98.0W,60,988,80,70,20,50,30,20,0,0,0,0,0,0,20
AL082021,HENRI,42,20210815,0000,,LO,35.8N,63.4W,25,1014,0,0,0,0,0,0,0,0,0,0,0,0,30
AL082021,HENRI,42,20210815,0600,,LO,35.4N,63.1W,25,1012,0,0,0,0,0,0,0,0,0,0,0,0,20
AL082021,HENRI,42,20210815,1200,,LO,34.8N,62.8W,25,1012,0,0,0,0,0,0,0,0,0,0,0,0,20
AL082021,HENRI,42,20210815,1800,,TD,34.1N,62.7W,25,1011,0,0,0,0,0,0,0,0,0,0,0,0,20
AL082021,HENRI,42,20210816,0000,,TD,33.4N,62.7W,30,1010,0,0,0,0,0,0,0,0,0,0,0,0,25
AL082021,HENRI,42,20210816,0600,,TD,32.5N,62.7W,30,1010,0,0,0,0,0,0,0,0,0,0,0,0,25
AL082021,HENRI,42,20210816,1200,,TD,31.6N,62.7W,30,1010,0,0,0,0,0,0,0,0,0,0,0,0,25
AL082021,HENRI,42,20210816,1800,,TS,31.1N,62.9W,35,1009,20,30,20,0,0,0,0,0,0,0,0,0,25
AL082021,HENRI,42,20210817,0000,,TS,30.8N,63.1W,40,1008,20,30,20,0,0,0,0,0,0,0,0,0,25
AL082021,HENRI,42,20210817,0600,,TS,30.6N,63.3W,45,1004,30,30,20,0,0,0,0,0,0,0,0,0,25
AL082021,HENRI,42,20210817,1200,,TS,30.4N,63.6W,45,1004,30,30,20,0,0,0,0,0,0,0,0,0,25
AL082021,HENRI,42,20210817,1800,,TS,30.3N,63.9W,55,1000,50,60,20,40,30,0,0,0,0,0,0,0,25
AL082021,HENRI,42,20210818,0000,,TS,30.2N,64.5W,55,998,50,70,20,50,30,0,0,0,0,0,0,0,20
AL082021,HENRI,42,20210818,0600,,TS,30.1N,65.3W,55,998,50,70,20,50,30,0,0,0,0,0,0,0,20
AL082021,HENRI,42,20210818,1200,,TS,30.0N,66.2W,55,998,50,70,20,50,30,0,0,0,0,0,0,0,20
AL082021,HENRI,42,20210818,1800,,TS,29.9N,67.1W,60,995,50,70,40,50,30,20,0,30,0,0,0,0,20
AL082021,HENRI,42,20210819,0000,,TS,29.7N,68.0W,60,995,70,70,40,70,40,40,0,20,0,0,0,0,25
AL082021,HENRI,42,20210819,0600,,TS,29.5N,69.0W,60,995,70,70,40,70,40,40,0,20,0,0,0,0,25
AL082021,HENRI,42,20210819,1200,,TS,29.5N,70.0W,60,995,70,70,40,70,40,40,0,20,0,0,0,0,25
AL082021,HENRI,42,20210819,1800,,TS,29.6N,71.0W,55,999,80,70,40,70,40,40,0,0,0,0,0,0,25
AL082021,HENRI,42,20210820,0000,,TS,29.7N,72.0W,55,997,80,70,40,70,50,40,0,0,0,0,0,0,30
AL082021,HENRI,42,20210820,0600,,TS,29.9N,72.9W,55,995,80,70,40,70,50,40,0,0,0,0,0,0,30
AL082021,HENRI,42,20210820,1200,,TS,30.1N,73.6W,55,995,90,100,50,70,50,50,0,0,0,0,0,0,30
AL082021,HENRI,42,20210820,1800,,TS,30.8N,73.8W,60,994,90,100,50,70,50,50,0,0,0,0,0,0,30
AL082021,HENRI,42,20210821,0000,,TS,31.6N,73.7W,60,993,90,100,50,70,50,50,0,0,0,0,0,0,30
AL082021,HENRI,42,20210821,0600,,TS,32.5N,73.4W,60,993,90,100,50,70,50,50,0,0,0,0,0,0,30
AL082021,HENRI,42,20210821,1200,,HU,33.6N,72.7W,65,991,100,130,100,50,60,80,0,0,0,40,0,0,30
AL082021,HENRI,42,20210821,1800,,HU,35.4N,71.8W,65,990,100,130,100,50,60,80,0,0,0,40,0,0,30
AL082021,HENRI,42,20210822,0000,,HU,37.6N,70.9W,65,988,100,130,100,50,60,80,30,0,0,30,0,0,25
AL082021,HENRI,42,20210822,0600,,HU,39.4N,71.0W,65,986,80,110,80,50,50,70,0,0,0,30,0,0,25
AL082021,HENRI,42,20210822,1200,,TS,40.7N,71.3W,55,986,80,90,60,50,40,50,0,0,0,0,0,0,25
AL082021,HENRI,42,20210822,1520,L,TS,41.2N,71.6W,55,987,50,60,40,40,40,50,0,0,0,0,0,0,25
AL082021,HENRI,42,20210822,1615,L,TS,41.3N,71.8W,55,988,50,60,40,40,40,50,0,0,0,0,0,0,25
AL082021,HENRI,42,20210822,1800,,TS,41.5N,72.0W,40,991,30,40,30,20,0,0,0,0,0,0,0,0,25
AL082021,HENRI,42,20210823,0000,,TD,41.8N,73.0W,30,1000,0,0,0,0,0,0,0,0,0,0,0,0,30
AL082021,HENRI,42,20210823,0600,,TD,41.7N,74.4W,25,1005,0,0,0,0,0,0,0,0,0,0,0,0,30
AL082021,HENRI,42,20210823,1200,,TD,41.6N,74.2W,25,1005,0,0,0,0,0,0,0,0,0,0,0,0,30
AL082021,HENRI,42,20210823,1800,,LO,41.5N,73.8W,25,1005,0,0,0,0,0,0,0,0,0,0,0,0,30
AL082021,HENRI,42,20210824,0000,,LO,41.4N,72.7W,20,1006,0,0,0,0,0,0,0,0,0,0,0,0,30
AL082021,HENRI,42,20210824,0600,,LO,41.9N,71.2W,20,1006,0,0,0,0,0,0,0,0,0,0,0,0,30
AL082021,HENRI,42,20210824,1200,,LO,42.2N,69.6W,20,1007,0,0,0,0,0,0,0,0,0,0,0,0,30
AL082021,HENRI,42,20210824,1800,,LO,42.3N,67.3W,25,1008,0,0,0,0,0,0,0,0,0,0,0,0,30
AL092021,IDA,40,20210826,1200,,TD,16.5N,78.9W,30,1006,0,0,0,0,0,0,0,0,0,0,0,0,60
AL092021,IDA,40,20210826,1800,,TS,17.4N,79.5W,35,1006,60,0,0,0,0,0,0,0,0,0,0,0,50
AL092021,IDA,40,20210827,0000,,TS,18.3N,80.2W,40,1004,60,0,0,0,0,0,0,0,0,0,0,0,50
AL092021,IDA,40,20210827,0600,,TS,19.4N,80.9W,45,1002,70,0,0,0,0,0,0,0,0,0,0,0,40
AL092021,IDA,40,20210827,1200,,TS,20.4N,81.7W,55,996,80,60,0,60,30,0,0,0,0,0,0,0,30
AL092021,IDA,40,20210827,1800,L,HU,21.5N,82.6W,70,987,80,60,40,60,40,30,0,20,20,0,0,0,20
AL092021,IDA,40,20210827,2325,L,HU,22.4N,83.2W,70,988,80,60,40,60,40,30,0,20,20,0,0,0,20
AL092021,IDA,40,20210828,0000,,HU,22.6N,83.5W,70,989,100,60,40,70,50,30,0,30,20,0,0,0,20
AL092021,IDA,40,20210828,0600,,HU,23.5N,84.7W,70,987,100,60,40,70,50,30,0,30,20,0,0,0,20
AL092021,IDA,40,20210828,1200,,HU,24.4N,85.7W,70,986,110,80,60,100,50,40,20,30,25,20,0,0,20
AL092021,IDA,40,20210828,1800,,HU,25.6N,86.6W,80,976,110,100,70,100,50,40,20,40,25,20,10,20,20
AL092021,IDA,40,20210829,0000,,HU,26.7N,87.6W,90,967,120,100,80,110,70,60,40,60,35,30,20,30,20
AL092021,IDA,40,20210829,0600,,HU,27.6N,88.7W,115,950,120,100,80,110,70,60,40,60,35,30,20,30,15
AL092021,IDA,40,20210829,1200,,HU,28.5N,89.6W,130,929,130,110,80,110,70,60,40,60,45,35,20,30,10
AL092021,IDA,40,20210829,1655,L,HU,29.1N,90.2W,130,931,130,110,80,110,70,60,40,60,45,35,20,30,10
AL092021,IDA,40,20210829,1800,,HU,29.2N,90.4W,125,932,130,120,80,80,70,60,40,40,45,35,20,25,10
AL092021,IDA,40,20210830,0000,,HU,29.9N,90.6W,105,944,80,120,80,70,50,60,40,40,30,30,20,20,10
AL092021,IDA,40,20210830,0600,,HU,30.6N,90.8W,65,978,80,130,80,40,50,50,0,0,30,30,0,0,30
AL092021,IDA,40,20210830,1200,,TS,31.5N,90.9W,40,992,50,160,60,30,0,0,0,0,0,0,0,0,40
AL092021,IDA,40,20210830,1800,,TS,32.2N,90.5W,35,996,0,160,0,0,0,0,0,0,0,0,0,0,80
AL092021,IDA,40,20210831,0000,,TD,33.0N,90.0W,30,996,0,0,0,0,0,0,0,0,0,0,0,0,250
AL092021,IDA,40,20210831,0600,,TD,33.8N,89.4W,25,996,0,0,0,0,0,0,0,0,0,0,0,0,210
AL092021,IDA,40,20210831,1200,,TD,34.4N,88.4W,25,996,0,0,0,0,0,0,0,0,0,0,0,0,250
AL092021,IDA,40,20210831,1800,,TD,35.1N,87.1W,20,999,0,0,0,0,0,0,0,0,0,0,0,0,250
AL092021,IDA,40,20210901,0000,,TD,35.8N,85.5W,20,1000,0,0,0,0,0,0,0,0,0,0,0,0,270
AL092021,IDA,40,20210901,0600,,TD,36.7N,83.6W,20,1000,0,0,0,0,0,0,0,0,0,0,0,0,270
AL092021,IDA,40,20210901,1200,,EX,37.7N,81.5W,25,1000,0,0,0,0,0,0,0,0,0,0,0,0,300
AL092021,IDA,40,20210901,1800,,EX,39.0N,78.5W,30,999,0,0,0,0,0,0,0,0,0,0,0,0,210
AL092021,IDA,40,20210902,0000,,EX,39.8N,75.6W,35,997,0,150,0,0,0,0,0,0,0,0,0,0,150
AL092021,IDA,40,20210902,0600,,EX,40.6N,72.8W,40,997,0,150,150,0,0,0,0,0,0,0,0,0,150
AL092021,IDA,40,20210902,1200,,EX,41.4N,69.7W,40,997,180,150,0,0,0,0,0,0,0,0,0,0,150
AL092021,IDA,40,20210902,1800,,EX,43.3N,67.2W,40,996,0,150,0,0,0,0,0,0,0,0,0,0,150
AL092021,IDA,40,20210903,0000,,EX,45.4N,64.7W,40,995,150,150,0,0,0,0,0,0,0,0,0,0,150
AL092021,IDA,40,20210903,0600,,EX,46.6N,63.6W,45,992,150,150,60,150,0,0,0,0,0,0,0,0,120
AL092021,IDA,40,20210903,1200,,EX,47.5N,62.7W,45,991,120,150,90,90,0,0,0,0,0,0,0,0,90
AL092021,IDA,40,20210903,1800,,EX,48.6N,62.4W,45,992,250,150,120,120,0,0,0,0,0,0,0,0,90
AL092021,IDA,40,20210904,0000,,EX,48.8N,63.1W,45,992,180,90,90,120,0,0,0,0,0,0,0,0,90
AL092021,IDA,40,20210904,0600,,EX,48.7N,63.9W,40,992,120,0,0,120,0,0,0,0,0,0,0,0,90
AL092021,IDA,40,20210904,1200,,EX,47.6N,63.9W,35,996,120,0,0,120,0,0,0,0,0,0,0,0,90
AL092021,IDA,40,20210904,1800,,EX,46.6N,63.5W,30,999,0,0,0,0,0,0,0,0,0,0,0,0,90
AL102021,KATE,21,20210827,1200,,LO,13.1N,47.3W,25,1009,0,0,0,0,0,0,0,0,0,0,0,0,70
AL102021,KATE,21,20210827,1800,,LO,13.3N,48.4W,25,1009,0,0,0,0,0,0,0,0,0,0,0,0,60
AL102021,KATE,21,20210828,0000,,LO,13.5N,49.5W,25,1009,0,0,0,0,0,0,0,0,0,0,0,0,50
AL102021,KATE,21,20210828,0600,,TD,13.7N,49.8W,30,1008,0,0,0,0,0,0,0,0,0,0,0,0,40
AL102021,KATE,21,20210828,1200,,TD,14.5N,50.0W,30,1008,0,0,0,0,0,0,0,0,0,0,0,0,40
AL102021,KATE,21,20210828,1800,,TD,15.2N,50.0W,30,1008,0,0,0,0,0,0,0,0,0,0,0,0,40
AL102021,KATE,21,20210829,0000,,TD,16.2N,49.9W,30,1008,0,0,0,0,0,0,0,0,0,0,0,0,40
AL102021,KATE,21,20210829,0600,,TD,17.3N,50.0W,30,1008,0,0,0,0,0,0,0,0,0,0,0,0,35
AL102021,KATE,21,20210829,1200,,TD,18.4N,50.2W,30,1008,0,0,0,0,0,0,0,0,0,0,0,0,35
AL102021,KATE,21,20210829,1800,,TD,19.2N,50.3W,30,1008,0,0,0,0,0,0,0,0,0,0,0,0,35
AL102021,KATE,21,20210830,0000,,TD,19.8N,50.5W,30,1008,0,0,0,0,0,0,0,0,0,0,0,0,30
AL102021,KATE,21,20210830,0600,,TS,20.5N,50.6W,35,1006,30,30,0,0,0,0,0,0,0,0,0,0,30
AL102021,KATE,21,20210830,1200,,TS,21.3N,50.8W,40,1004,40,40,0,0,0,0,0,0,0,0,0,0,25
AL102021,KATE,21,20210830,1800,,TS,22.1N,50.9W,35,1006,40,40,0,0,0,0,0,0,0,0,0,0,30
AL102021,KATE,21,20210831,0000,,TS,22.6N,50.9W,35,1006,40,40,0,0,0,0,0,0,0,0,0,0,35
AL102021,KATE,21,20210831,0600,,TS,22.8N,50.9W,35,1006,40,40,0,0,0,0,0,0,0,0,0,0,40
AL102021,KATE,21,20210831,1200,,TD,23.2N,50.9W,30,1007,0,0,0,0,0,0,0,0,0,0,0,0,40
AL102021,KATE,21,20210831,1800,,TD,23.9N,50.9W,30,1007,0,0,0,0,0,0,0,0,0,0,0,0,40
AL102021,KATE,21,20210901,0000,,TD,24.6N,51.2W,30,1007,0,0,0,0,0,0,0,0,0,0,0,0,40
AL102021,KATE,21,20210901,0600,,TD,25.3N,51.5W,30,1008,0,0,0,0,0,0,0,0,0,0,0,0,45
AL102021,KATE,21,20210901,1200,,TD,26.6N,52.3W,30,1009,0,0,0,0,0,0,0,0,0,0,0,0,45
AL112021,JULIAN,13,20210828,1200,,LO,32.1N,51.7W,25,1010,0,0,0,0,0,0,0,0,0,0,0,0,50
AL112021,JULIAN,13,20210828,1800,,TD,32.2N,51.0W,30,1008,0,0,0,0,0,0,0,0,0,0,0,0,50
AL112021,JULIAN,13,20210829,0000,,TD,32.6N,50.1W,30,1006,0,0,0,0,0,0,0,0,0,0,0,0,50
AL112021,JULIAN,13,20210829,0600,,TS,33.5N,49.3W,35,1003,0,60,0,0,0,0,0,0,0,0,0,0,40
AL112021,JULIAN,13,20210829,1200,,TS,34.5N,47.8W,45,997,30,70,40,0,0,0,0,0,0,0,0,0,30
AL112021,JULIAN,13,20210829,1800,,TS,35.9N,45.7W,50,995,60,80,40,0,0,30,0,0,0,0,0,0,25
AL112021,JULIAN,13,20210830,0000,,TS,37.1N,42.6W,50,994,60,80,40,30,0,30,0,0,0,0,0,0,20
AL112021,JULIAN,13,20210830,0600,,TS,38.9N,40.0W,50,993,80,100,50,30,0,30,0,0,0,0,0,0,20
AL112021,JULIAN,13,20210830,1200,,EX,40.6N,37.9W,50,993,90,100,50,20,0,30,0,0,0,0,0,0,25
AL112021,JULIAN,13,20210830,1800,,EX,42.5N,36.0W,45,995,90,100,50,20,0,0,0,0,0,0,0,0,30
AL112021,JULIAN,13,20210831,0000,,EX,44.8N,35.1W,45,997,100,100,30,0,0,0,0,0,0,0,0,0,40
AL112021,JULIAN,13,20210831,0600,,EX,47.5N,34.5W,45,999,150,120,0,0,0,0,0,0,0,0,0,0,60
AL112021,JULIAN,13,20210831,1200,,EX,50.5N,35.5W,45,1000,180,150,0,0,0,0,0,0,0,0,0,0,70
AL122021,LARRY,46,20210831,1800,,TD,11.5N,20.6W,30,1006,0,0,0,0,0,0,0,0,0,0,0,0,50
AL122021,LARRY,46,20210901,0000,,TS,11.9N,22.5W,35,1005,30,30,0,30,0,0,0,0,0,0,0,0,45
AL122021,LARRY,46,20210901,0600,,TS,12.2N,24.5W,40,1004,40,40,40,30,0,0,0,0,0,0,0,0,40
AL122021,LARRY,46,20210901,1200,,TS,12.4N,26.5W,45,1003,50,50,40,40,0,0,0,0,0,0,0,0,30
AL122021,LARRY,46,20210901,1800,,TS,12.5N,28.4W,55,999,60,50,40,60,20,0,0,20,0,0,0,0,20
AL122021,LARRY,46,20210902,0000,,TS,12.7N,30.0W,60,996,60,50,40,60,20,0,0,20,0,0,0,0,20
AL122021,LARRY,46,20210902,0600,,HU,13.0N,31.6W,65,991,80,80,50,80,30,20,0,30,15,15,0,15,15
AL122021,LARRY,46,20210902,1200,,HU,13.3N,33.3W,70,987,100,100,50,100,30,20,20,30,15,15,0,15,15
AL122021,LARRY,46,20210902,1800,,HU,13.6N,35.0W,70,987,110,100,50,100,40,30,20,40,20,15,0,20,20
AL122021,LARRY,46,20210903,0000,,HU,13.9N,36.7W,75,985,130,100,50,120,40,40,20,40,20,15,0,20,20
AL122021,LARRY,46,20210903,0600,,HU,14.1N,38.4W,80,983,130,100,50,120,40,40,20,40,20,15,0,20,20
AL122021,LARRY,46,20210903,1200,,HU,14.4N,40.0W,80,980,130,110,60,120,50,40,20,50,20,15,0,20,20
AL122021,LARRY,46,20210903,1800,,HU,14.7N,41.4W,90,973,130,110,60,120,50,40,30,50,25,20,15,25,20
AL122021,LARRY,46,20210904,0000,,HU,15.2N,42.7W,100,964,130,110,70,120,70,60,30,60,30,25,15,25,20
AL122021,LARRY,46,20210904,0600,,HU,15.8N,44.0W,110,956,130,110,70,120,70,60,30,60,30,25,15,25,20
AL122021,LARRY,46,20210904,1200,,HU,16.4N,45.3W,110,956,130,110,80,120,70,60,30,60,35,25,20,30,25
AL122021,LARRY,46,20210904,1800,,HU,17.0N,46.5W,105,958,140,120,80,130,70,60,40,60,40,30,25,35,30
AL122021,LARRY,46,20210905,0000,,HU,17.7N,47.5W,105,958,140,130,80,130,80,70,40,70,40,30,25,35,30
AL122021,LARRY,46,20210905,0600,,HU,18.4N,48.5W,105,958,140,140,80,130,80,70,40,70,40,30,25,35,30
AL122021,LARRY,46,20210905,1200,,HU,19.2N,49.4W,110,953,150,150,80,130,80,80,40,70,40,30,25,35,30
AL122021,LARRY,46,20210905,1800,,HU,20.0N,50.3W,110,953,150,150,80,140,80,80,40,70,50,40,30,40,30
AL122021,LARRY,46,20210906,0000,,HU,20.7N,51.2W,110,953,150,150,90,140,90,80,60,80,60,50,40,50,40
AL122021,LARRY,46,20210906,0600,,HU,21.2N,52.0W,105,956,150,150,100,140,90,80,60,80,60,50,40,50,40
AL122021,LARRY,46,20210906,1200,,HU,21.6N,52.7W,105,956,160,150,110,140,90,80,60,80,60,50,40,50,40
AL122021,LARRY,46,20210906,1800,,HU,22.1N,53.5W,105,956,160,150,110,140,90,80,70,80,60,50,40,50,40
AL122021,LARRY,46,20210907,0000,,HU,22.7N,54.2W,105,956,160,150,110,140,90,80,70,80,60,50,40,50,40
AL122021,LARRY,46,20210907,0600,,HU,23.3N,54.8W,100,960,160,160,110,140,90,80,70,80,60,50,40,50,40
AL122021,LARRY,46,20210907,1200,,HU,24.0N,55.4W,95,963,160,160,120,140,100,90,70,80,60,50,40,50,40
AL122021,LARRY,46,20210907,1800,,HU,24.7N,56.0W,95,965,160,160,120,140,100,90,70,80,60,50,40,50,40
AL122021,LARRY,46,20210908,0000,,HU,25.4N,56.5W,95,966,160,160,120,140,100,90,70,90,60,50,40,50,40
AL122021,LARRY,46,20210908,0600,,HU,26.2N,57.1W,95,966,170,180,140,140,100,90,70,90,60,50,40,50,50
AL122021,LARRY,46,20210908,1200,,HU,27.2N,57.9W,90,966,180,200,140,150,100,90,70,90,60,50,40,50,50
AL122021,LARRY,46,20210908,1800,,HU,28.2N,58.9W,90,967,200,200,140,150,100,100,70,90,60,50,40,50,60
AL122021,LARRY,46,20210909,0000,,HU,29.1N,59.9W,85,968,200,200,140,140,110,110,70,90,80,60,30,50,60
AL122021,LARRY,46,20210909,0600,,HU,30.1N,60.8W,80,968,200,200,140,140,110,110,70,90,80,60,30,50,60
AL122021,LARRY,46,20210909,1200,,HU,31.3N,61.5W,80,966,200,200,140,140,110,110,70,90,80,60,30,50,60
AL122021,LARRY,46,20210909,1800,,HU,32.8N,62.1W,80,966,200,200,140,140,110,110,70,90,80,60,30,50,60
AL122021,LARRY,46,20210910,0000,,HU,34.4N,62.3W,80,966,210,210,140,140,120,120,70,90,80,60,30,50,60
AL122021,LARRY,46,20210910,0600,,HU,36.5N,62.2W,75,964,210,210,160,140,120,120,90,90,80,70,30,50,60
AL122021,LARRY,46,20210910,1200,,HU,38.9N,61.1W,70,961,220,220,180,120,120,120,120,80,60,90,0,0,60
AL122021,LARRY,46,20210910,1800,,HU,41.9N,59.5W,70,958,220,220,180,120,120,120,120,80,60,90,0,0,70
AL122021,LARRY,46,20210911,0000,,HU,45.1N,56.6W,70,958,220,220,180,120,120,120,120,80,60,90,0,0,70
AL122021,LARRY,46,20210911,0330,L,HU,47.3N,54.6W,70,958,220,220,180,120,120,120,120,80,60,90,0,0,70
AL122021,LARRY,46,20210911,0600,,HU,48.8N,53.3W,65,959,240,240,180,120,90,120,90,0,60,90,0,0,70
AL122021,LARRY,46,20210911,1200,,EX,52.5N,49.7W,60,963,240,270,210,150,90,120,70,0,0,0,0,0,70
AL122021,LARRY,46,20210911,1800,,EX,55.3N,46.8W,55,967,240,270,210,150,90,120,70,0,0,0,0,0,70
AL132021,MINDY,10,20210908,1800,,TS,28.4N,86.8W,35,1006,0,30,0,0,0,0,0,0,0,0,0,0,30
AL132021,MINDY,10,20210909,0000,,TS,29.5N,85.4W,45,1001,0,40,0,0,0,0,0,0,0,0,0,0,30
AL132021,MINDY,10,20210909,0115,L,TS,29.7N,85.1W,50,1000,0,40,0,0,0,30,0,0,0,0,0,0,30
AL132021,MINDY,10,20210909,0600,,TS,30.5N,83.9W,35,1001,0,40,0,0,0,0,0,0,0,0,0,0,30
AL132021,MINDY,10,20210909,1200,,TD,31.2N,81.8W,30,1005,0,0,0,0,0,0,0,0,0,0,0,0,40
AL132021,MINDY,10,20210909,1800,,TD,31.7N,79.4W,30,1005,0,0,0,0,0,0,0,0,0,0,0,0,40
AL132021,MINDY,10,20210910,0000,,LO,32.1N,76.8W,30,1005,0,0,0,0,0,0,0,0,0,0,0,0,40
AL132021,MINDY,10,20210910,0600,,LO,32.6N,74.0W,30,1005,0,0,0,0,0,0,0,0,0,0,0,0,40
AL132021,MINDY,10,20210910,1200,,LO,33.2N,71.8W,30,1005,0,0,0,0,0,0,0,0,0,0,0,0,40
AL132021,MINDY,10,20210910,1800,,LO,33.7N,69.8W,30,1006,0,0,0,0,0,0,0,0,0,0,0,0,40
AL142021,NICHOLAS,21,20210912,1200,,TS,21.0N,95.2W,35,1008,90,0,0,0,0,0,0,0,0,0,0,0,80
AL142021,NICHOLAS,21,20210912,1800,,TS,22.4N,95.6W,35,1008,90,0,0,0,0,0,0,0,0,0,0,0,80
AL142021,NICHOLAS,21,20210913,0000,,TS,23.7N,96.1W,40,1007,100,0,0,0,0,0,0,0,0,0,0,0,50
AL142021,NICHOLAS,21,20210913,0600,,TS,24.8N,96.5W,50,1001,100,80,0,0,30,0,0,0,0,0,0,0,30
AL142021,NICHOLAS,21,20210913,1200,,TS,25.9N,96.7W,50,1000,100,80,0,30,30,0,0,0,0,0,0,0,30
AL142021,NICHOLAS,21,20210913,1800,,TS,27.0N,96.6W,55,998,100,100,0,40,30,0,0,0,0,0,0,0,30
AL142021,NICHOLAS,21,20210914,0000,,HU,28.0N,96.2W,65,988,100,120,40,50,50,40,0,30,0,0,0,0,25
AL142021,NICHOLAS,21,20210914,0530,L,HU,28.7N,95.7W,65,991,100,120,40,50,50,40,0,30,25,25,0,20,20
AL142021,NICHOLAS,21,20210914,0600,,HU,28.8N,95.7W,65,991,110,140,40,50,60,40,0,20,25,25,0,0,20
AL142021,NICHOLAS,21,20210914,1200,,TS,29.3N,95.4W,50,999,120,160,0,30,80,80,0,0,0,0,0,0,50
AL142021,NICHOLAS,21,20210914,1800,,TS,29.6N,94.9W,35,1003,120,160,0,0,0,0,0,0,0,0,0,0,80
AL142021,NICHOLAS,21,20210915,0000,,TD,29.9N,94.4W,30,1003,0,0,0,0,0,0,0,0,0,0,0,0,80
AL142021,NICHOLAS,21,20210915,0600,,TD,30.2N,93.8W,30,1004,0,0,0,0,0,0,0,0,0,0,0,0,100
AL142021,NICHOLAS,21,20210915,1200,,TD,30.3N,93.1W,25,1006,0,0,0,0,0,0,0,0,0,0,0,0,100
AL142021,NICHOLAS,21,20210915,1800,,LO,30.2N,92.4W,25,1006,0,0,0,0,0,0,0,0,0,0,0,0,100
AL142021,NICHOLAS,21,20210916,0000,,LO,29.9N,91.8W,25,1006,0,0,0,0,0,0,0,0,0,0,0,0,100
AL142021,NICHOLAS,21,20210916,0600,,LO,29.3N,91.6W,20,1007,0,0,0,0,0,0,0,0,0,0,0,0,100
AL142021,NICHOLAS,21,20210916,1200,,LO,29.7N,91.7W,20,1007,0,0,0,0,0,0,0,0,0,0,0,0,100
AL142021,NICHOLAS,21,20210916,1800,,LO,29.9N,92.2W,20,1009,0,0,0,0,0,0,0,0,0,0,0,0,100
AL142021,NICHOLAS,21,20210917,0000,,LO,30.3N,92.6W,15,1009,0,0,0,0,0,0,0,0,0,0,0,0,100
AL142021,NICHOLAS,21,20210917,0600,,LO,30.8N,93.0W,15,1010,0,0,0,0,0,0,0,0,0,0,0,0,100
AL152021,ODETTE,43,20210916,0600,,LO,30.4N,74.3W,30,1011,0,0,0,0,0,0,0,0,0,0,0,0,120
AL152021,ODETTE,43,20210916,1200,,LO,31.4N,74.8W,30,1011,0,0,0,0,0,0,0,0,0,0,0,0,120
AL152021,ODETTE,43,20210916,1800,,LO,32.3N,75.2W,30,1011,0,0,0,0,0,0,0,0,0,0,0,0,120
AL152021,ODETTE,43,20210917,0000,,LO,33.3N,75.3W,30,1011,0,0,0,0,0,0,0,0,0,0,0,0,120
AL152021,ODETTE,43,20210917,0600,,LO,34.1N,74.9W,30,1011,0,0,0,0,0,0,0,0,0,0,0,0,120
AL152021,ODETTE,43,20210917,1200,,LO,35.0N,73.9W,30,1011,0,0,0,0,0,0,0,0,0,0,0,0,100
AL152021,ODETTE,43,20210917,1800,,TS,35.9N,72.7W,35,1010,140,120,0,60,0,0,0,0,0,0,0,0,80
AL152021,ODETTE,43,20210918,0000,,TS,36.8N,71.4W,40,1008,150,120,0,60,0,0,0,0,0,0,0,0,90
AL152021,ODETTE,43,20210918,0600,,TS,37.6N,70.1W,40,1005,170,150,0,60,0,0,0,0,0,0,0,0,90
AL152021,ODETTE,43,20210918,1200,,EX,38.3N,68.3W,40,1002,180,180,0,60,0,0,0,0,0,0,0,0,90
AL152021,ODETTE,43,20210918,1800,,EX,38.7N,66.2W,40,1001,180,180,0,90,0,0,0,0,0,0,0,0,120
AL152021,ODETTE,43,20210919,0000,,EX,39.2N,64.1W,45,999,180,210,0,90,0,0,0,0,0,0,0,0,120
AL152021,ODETTE,43,20210919,0600,,EX,39.9N,61.9W,45,997,180,240,0,90,0,0,0,0,0,0,0,0,120
AL152021,ODETTE,43,20210919,1200,,EX,41.1N,59.4W,45,995,180,240,0,120,0,0,0,0,0,0,0,0,110
AL152021,ODETTE,43,20210919,1800,,EX,42.7N,56.6W,50,992,180,210,90,150,0,0,50,50,0,0,0,0,90
AL152021,ODETTE,43,20210920,0000,,EX,44.1N,54.1W,55,989,180,190,120,180,0,0,80,50,0,0,0,0,70
AL152021,ODETTE,43,20210920,0600,,EX,45.0N,51.6W,55,989,180,190,120,180,0,0,80,50,0,0,0,0,70
AL152021,ODETTE,43,20210920,1200,,EX,44.7N,49.7W,50,990,180,190,120,180,0,0,80,50,0,0,0,0,70
AL152021,ODETTE,43,20210920,1800,,EX,44.2N,48.1W,50,993,180,190,150,180,0,0,80,50,0,0,0,0,60
AL152021,ODETTE,43,20210921,0000,,EX,43.2N,46.6W,50,993,180,190,150,180,0,0,80,50,0,0,0,0,60
AL152021,ODETTE,43,20210921,0600,,EX,41.8N,45.4W,50,995,180,180,150,180,0,0,80,50,0,0,0,0,60
AL152021,ODETTE,43,20210921,1200,,EX,40.4N,43.8W,45,997,180,180,150,180,0,0,0,0,0,0,0,0,60
AL152021,ODETTE,43,20210921,1800,,EX,39.9N,41.9W,45,997,180,150,150,210,0,0,0,0,0,0,0,0,60
AL152021,ODETTE,43,20210922,0000,,EX,40.2N,40.1W,45,998,180,150,150,210,0,0,0,0,0,0,0,0,60
AL152021,ODETTE,43,20210922,0600,,EX,41.3N,39.9W,45,999,150,150,150,210,0,0,0,0,0,0,0,0,60
AL152021,ODETTE,43,20210922,1200,,EX,42.4N,40.2W,45,999,120,150,150,180,0,0,0,0,0,0,0,0,60
AL152021,ODETTE,43,20210922,1800,,EX,43.5N,40.8W,40,1000,90,120,120,150,0,0,0,0,0,0,0,0,60
AL152021,ODETTE,43,20210923,0000,,EX,44.1N,41.2W,40,1000,90,90,90,120,0,0,0,0,0,0,0,0,60
AL152021,ODETTE,43,20210923,0600,,EX,44.2N,41.8W,40,1000,90,90,90,120,0,0,0,0,0,0,0,0,60
AL152021,ODETTE,43,20210923,1200,,EX,44.1N,42.4W,40,1000,80,80,90,120,0,0,0,0,0,0,0,0,60
AL152021,ODETTE,43,20210923,1800,,EX,43.8N,42.0W,35,1000,70,60,70,90,0,0,0,0,0,0,0,0,60
AL152021,ODETTE,43,20210924,0000,,EX,44.1N,41.4W,35,1001,50,50,70,0,0,0,0,0,0,0,0,0,60
AL152021,ODETTE,43,20210924,0600,,EX,44.1N,41.0W,35,1001,50,50,70,0,0,0,0,0,0,0,0,0,60
AL152021,ODETTE,43,20210924,1200,,EX,43.6N,40.5W,35,1002,50,50,70,0,0,0,0,0,0,0,0,0,60
AL152021,ODETTE,43,20210924,1800,,LO,42.7N,40.0W,35,1003,50,50,70,0,0,0,0,0,0,0,0,0,60
AL152021,ODETTE,43,20210925,0000,,LO,41.6N,39.4W,35,1004,0,0,70,90,0,0,0,0,0,0,0,0,60
AL152021,ODETTE,43,20210925,0600,,LO,40.3N,38.7W,35,1005,0,0,70,90,0,0,0,0,0,0,0,0,60
AL152021,ODETTE,43,20210925,1200,,LO,38.9N,38.0W,35,1006,0,0,0,90,0,0,0,0,0,0,0,0,60
AL152021,ODETTE,43,20210925,1800,,LO,37.3N,38.1W,35,1007,0,0,0,90,0,0,0,0,0,0,0,0,60
AL152021,ODETTE,43,20210926,0000,,LO,35.8N,38.6W,35,1008,0,0,0,90,0,0,0,0,0,0,0,0,60
AL152021,ODETTE,43,20210926,0600,,LO,34.4N,39.5W,30,1009,0,0,0,0,0,0,0,0,0,0,0,0,60
AL152021,ODETTE,43,20210926,1200,,LO,32.9N,40.5W,30,1010,0,0,0,0,0,0,0,0,0,0,0,0,60
AL152021,ODETTE,43,20210926,1800,,LO,31.5N,41.4W,30,1010,0,0,0,0,0,0,0,0,0,0,0,0,60
AL162021,PETER,16,20210919,0000,,TD,16.4N,52.7W,30,1007,0,0,0,0,0,0,0,0,0,0,0,0,40
AL162021,PETER,16,20210919,0600,,TS,16.8N,54.4W,35,1006,90,40,0,0,0,0,0,0,0,0,0,0,40
AL162021,PETER,16,20210919,1200,,TS,17.3N,55.8W,40,1006,100,40,0,0,0,0,0,0,0,0,0,0,40
AL162021,PETER,16,20210919,1800,,TS,17.9N,57.0W,45,1005,110,0,0,0,0,0,0,0,0,0,0,0,50
AL162021,PETER,16,20210920,0000,,TS,18.4N,58.0W,45,1005,110,0,0,0,0,0,0,0,0,0,0,0,50
AL162021,PETER,16,20210920,0600,,TS,18.8N,59.0W,45,1005,110,0,0,0,0,0,0,0,0,0,0,0,60
AL162021,PETER,16,20210920,1200,,TS,19.2N,60.1W,45,1006,110,0,0,0,0,0,0,0,0,0,0,0,60
AL162021,PETER,16,20210920,1800,,TS,19.5N,61.2W,45,1007,130,0,0,0,0,0,0,0,0,0,0,0,60
AL162021,PETER,16,20210921,0000,,TS,19.6N,62.3W,45,1007,150,0,0,0,0,0,0,0,0,0,0,0,60
AL162021,PETER,16,20210921,0600,,TS,19.6N,63.2W,40,1007,150,0,0,0,0,0,0,0,0,0,0,0,60
AL162021,PETER,16,20210921,1200,,TS,19.8N,64.0W,35,1008,130,0,0,0,0,0,0,0,0,0,0,0,60
AL162021,PETER,16,20210921,1800,,TD,20.2N,64.6W,30,1008,0,0,0,0,0,0,0,0,0,0,0,0,70
AL162021,PETER,16,20210922,0000,,TD,20.6N,65.2W,30,1008,0,0,0,0,0,0,0,0,0,0,0,0,70
AL162021,PETER,16,20210922,0600,,TD,21.0N,65.8W,30,1008,0,0,0,0,0,0,0,0,0,0,0,0,70
AL162021,PETER,16,20210922,1200,,TD,21.4N,66.4W,30,1008,0,0,0,0,0,0,0,0,0,0,0,0,70
AL162021,PETER,16,20210922,1800,,TD,21.7N,66.9W,30,1008,0,0,0,0,0,0,0,0,0,0,0,0,70
AL172021,ROSE,22,20210919,0000,,TD,10.4N,27.4W,30,1008,0,0,0,0,0,0,0,0,0,0,0,0,30
AL172021,ROSE,22,20210919,0600,,TD,11.3N,27.8W,30,1008,0,0,0,0,0,0,0,0,0,0,0,0,30
AL172021,ROSE,22,20210919,1200,,TD,12.6N,28.4W,30,1008,0,0,0,0,0,0,0,0,0,0,0,0,30
AL172021,ROSE,22,20210919,1800,,TS,13.8N,29.4W,35,1007,30,30,0,0,0,0,0,0,0,0,0,0,25
AL172021,ROSE,22,20210920,0000,,TS,14.7N,30.6W,35,1007,30,30,0,0,0,0,0,0,0,0,0,0,25
AL172021,ROSE,22,20210920,0600,,TS,15.6N,31.8W,35,1007,30,30,30,0,0,0,0,0,0,0,0,0,25
AL172021,ROSE,22,20210920,1200,,TS,16.7N,32.9W,35,1007,30,30,30,0,0,0,0,0,0,0,0,0,25
AL172021,ROSE,22,20210920,1800,,TS,17.7N,34.1W,40,1006,60,60,40,0,0,0,0,0,0,0,0,0,25
AL172021,ROSE,22,20210921,0000,,TS,18.8N,35.3W,50,1004,80,80,40,0,30,0,0,0,0,0,0,0,30
AL172021,ROSE,22,20210921,0600,,TS,20.0N,36.1W,40,1006,80,80,40,0,0,0,0,0,0,0,0,0,50
AL172021,ROSE,22,20210921,1200,,TS,21.1N,36.7W,35,1007,80,80,0,0,0,0,0,0,0,0,0,0,70
AL172021,ROSE,22,20210921,1800,,TS,22.1N,37.3W,35,1007,80,80,0,0,0,0,0,0,0,0,0,0,70
AL172021,ROSE,22,20210922,0000,,TS,22.7N,37.7W,35,1008,90,90,0,0,0,0,0,0,0,0,0,0,80
AL172021,ROSE,22,20210922,0600,,TD,23.1N,38.1W,30,1009,0,0,0,0,0,0,0,0,0,0,0,0,80
AL172021,ROSE,22,20210922,1200,,LO,23.4N,38.8W,30,1009,0,0,0,0,0,0,0,0,0,0,0,0,80
AL172021,ROSE,22,20210922,1800,,LO,23.8N,39.7W,30,1010,0,0,0,0,0,0,0,0,0,0,0,0,80
AL172021,ROSE,22,20210923,0000,,LO,24.2N,40.6W,30,1010,0,0,0,0,0,0,0,0,0,0,0,0,90
AL172021,ROSE,22,20210923,0600,,LO,25.0N,41.4W,30,1010,0,0,0,0,0,0,0,0,0,0,0,0,90
AL172021,ROSE,22,20210923,1200,,LO,26.0N,41.9W,25,1010,0,0,0,0,0,0,0,0,0,0,0,0,90
AL172021,ROSE,22,20210923,1800,,LO,27.0N,42.0W,25,1010,0,0,0,0,0,0,0,0,0,0,0,0,90
AL172021,ROSE,22,20210924,0000,,LO,27.8N,42.0W,25,1010,0,0,0,0,0,0,0,0,0,0,0,0,90
AL172021,ROSE,22,20210924,0600,,LO,28.3N,41.7W,25,1010,0,0,0,0,0,0,0,0,0,0,0,0,90
AL182021,SAM,59,20210922,1800,,TD,10.0N,33.1W,30,1008,0,0,0,0,0,0,0,0,0,0,0,0,40
AL182021,SAM,59,20210923,0000,,TD,10.2N,34.4W,30,1008,0,0,0,0,0,0,0,0,0,0,0,0,40
AL182021,SAM,59,20210923,0600,,TS,10.4N,36.0W,35,1006,30,0,0,30,0,0,0,0,0,0,0,0,30
AL182021,SAM,59,20210923,1200,,TS,10.7N,37.6W,45,1003,40,0,0,40,0,0,0,0,0,0,0,0,30
AL182021,SAM,59,20210923,1800,,TS,10.9N,39.0W,50,1000,40,30,0,40,20,0,0,0,0,0,0,0,20
AL182021,SAM,59,20210924,0000,,TS,11.1N,40.3W,60,997,40,30,20,40,20,0,0,10,0,0,0,0,15
AL182021,SAM,59,20210924,0600,,HU,11.4N,41.6W,65,993,50,40,30,40,30,20,20,20,15,0,0,0,15
AL182021,SAM,59,20210924,1200,,HU,11.6N,43.0W,65,993,50,40,30,40,30,20,20,20,15,0,0,0,15
AL182021,SAM,59,20210924,1800,,HU,11.9N,44.3W,70,989,50,40,30,50,30,20,20,20,15,0,0,10,15
AL182021,SAM,59,20210925,0000,,HU,12.3N,45.4W,85,982,50,40,30,50,30,20,20,20,15,10,5,10,10
AL182021,SAM,59,20210925,0600,,HU,12.6N,46.3W,95,973,50,40,30,50,30,30,20,30,15,15,10,15,10
AL182021,SAM,59,20210925,1200,,HU,12.8N,47.2W,105,960,70,90,40,60,30,30,20,30,20,15,10,15,10
AL182021,SAM,59,20210925,1800,,HU,13.1N,48.1W,115,950,70,90,40,60,40,30,20,30,25,20,15,20,10
AL182021,SAM,59,20210926,0000,,HU,13.4N,48.8W,130,943,80,90,40,60,40,30,20,30,25,20,15,20,10
AL182021,SAM,59,20210926,0600,,HU,13.6N,49.4W,130,943,80,80,40,60,40,30,20,30,25,20,15,20,10
AL182021,SAM,59,20210926,1200,,HU,13.8N,50.0W,130,939,80,80,50,70,40,30,30,30,25,20,20,20,10
AL182021,SAM,59,20210926,1800,,HU,14.1N,50.3W,135,927,80,80,60,70,40,30,30,30,25,20,20,20,5
AL182021,SAM,59,20210927,0000,,HU,14.5N,50.6W,130,940,80,80,60,70,40,30,30,30,25,20,20,20,10
AL182021,SAM,59,20210927,0600,,HU,15.0N,51.1W,115,948,90,90,60,70,40,30,30,40,25,20,20,20,10
AL182021,SAM,59,20210927,1200,,HU,15.4N,51.7W,105,955,90,90,60,70,40,30,30,40,25,20,20,20,10
AL182021,SAM,59,20210927,1800,,HU,15.9N,52.3W,105,958,90,90,60,70,40,30,30,40,25,20,20,20,10
AL182021,SAM,59,20210928,0000,,HU,16.5N,52.9W,105,955,110,90,70,90,60,50,40,50,35,30,25,30,15
AL182021,SAM,59,20210928,0600,,HU,16.9N,53.5W,115,952,110,90,70,90,60,50,40,50,35,30,25,30,15
AL182021,SAM,59,20210928,1200,,HU,17.3N,54.1W,115,952,110,120,90,110,60,50,40,50,35,30,25,30,15
AL182021,SAM,59,20210928,1800,,HU,17.7N,54.7W,115,947,110,120,90,110,60,50,40,50,35,30,25,30,15
AL182021,SAM,59,20210929,0000,,HU,18.1N,55.3W,115,947,110,120,80,90,60,50,40,50,35,30,25,30,15
AL182021,SAM,59,20210929,0600,,HU,18.6N,55.9W,115,952,110,120,80,90,60,50,40,50,35,30,25,30,15
AL182021,SAM,59,20210929,1200,,HU,19.1N,56.6W,115,952,120,120,80,90,70,50,40,50,35,30,25,30,15
AL182021,SAM,59,20210929,1800,,HU,19.7N,57.3W,115,945,120,120,80,90,70,50,40,50,35,30,25,30,15
AL182021,SAM,59,20210930,0000,,HU,20.3N,58.0W,125,940,130,120,90,100,90,60,60,70,50,40,35,40,15
AL182021,SAM,59,20210930,0600,,HU,21.0N,58.8W,125,937,130,120,90,110,80,70,50,60,50,40,35,40,15
AL182021,SAM,59,20210930,1200,,HU,22.0N,59.6W,125,937,130,120,90,110,80,70,50,60,50,40,35,40,15
AL182021,SAM,59,20210930,1800,,HU,23.0N,60.4W,125,941,140,130,90,110,80,70,50,60,50,45,35,40,15
AL182021,SAM,59,20211001,0000,,HU,24.3N,61.0W,125,938,150,140,90,110,90,80,50,60,50,50,35,40,15
AL182021,SAM,59,20211001,0600,,HU,25.8N,61.6W,130,936,150,140,90,110,90,80,50,60,60,50,35,40,15
AL182021,SAM,59,20211001,1200,,HU,27.4N,61.9W,130,936,150,180,130,130,80,90,70,70,50,50,35,30,15
AL182021,SAM,59,20211001,1800,,HU,29.2N,61.9W,130,937,150,180,130,130,80,90,70,70,50,45,35,35,20
AL182021,SAM,59,20211002,0000,,HU,30.8N,61.5W,125,940,150,180,130,130,80,90,70,70,50,45,35,35,20
AL182021,SAM,59,20211002,0600,,HU,32.1N,61.0W,120,945,150,180,140,160,80,90,70,80,55,45,40,30,20
AL182021,SAM,59,20211002,1200,,HU,33.4N,60.1W,115,948,180,210,160,190,100,100,70,90,60,60,40,30,20
AL182021,SAM,59,20211002,1800,,HU,34.7N,59.1W,110,950,180,210,160,190,100,100,70,90,60,60,40,30,20
AL182021,SAM,59,20211003,0000,,HU,35.8N,57.9W,100,954,180,210,160,190,100,100,70,90,60,60,40,30,20
AL182021,SAM,59,20211003,0600,,HU,36.7N,56.6W,90,960,180,210,180,190,80,80,60,80,40,40,20,20,20
AL182021,SAM,59,20211003,1200,,HU,37.3N,55.4W,85,964,180,210,180,190,80,80,60,80,40,40,20,20,20
AL182021,SAM,59,20211003,1800,,HU,38.0N,53.9W,85,964,210,210,200,210,90,80,90,100,40,50,20,20,20
AL182021,SAM,59,20211004,0000,,HU,38.7N,52.2W,90,957,210,210,210,210,90,90,100,90,50,60,50,20,20
AL182021,SAM,59,20211004,0600,,HU,39.9N,49.9W,90,957,220,220,220,210,90,90,100,80,0,60,50,0,20
AL182021,SAM,59,20211004,1200,,HU,41.4N,47.1W,85,960,220,220,220,220,100,100,100,70,0,60,50,0,20
AL182021,SAM,59,20211004,1800,,HU,43.8N,43.6W,80,965,240,240,260,210,120,120,100,70,0,70,60,0,40
AL182021,SAM,59,20211005,0000,,HU,46.5N,40.5W,75,965,240,270,300,300,120,150,150,60,0,70,70,0,40
AL182021,SAM,59,20211005,0600,,EX,49.4N,39.7W,70,965,240,270,300,300,120,150,150,60,0,70,70,0,40
AL182021,SAM,59,20211005,1200,,EX,52.2N,39.6W,65,966,270,360,260,270,150,120,150,150,0,0,0,60,40
AL182021,SAM,59,20211005,1800,,EX,50.6N,42.1W,65,966,270,360,240,270,150,120,150,150,0,0,0,60,40
AL182021,SAM,59,20211006,0000,,EX,49.9N,38.9W,60,967,240,360,360,420,0,120,120,0,0,0,0,0,40
AL182021,SAM,59,20211006,0600,,EX,50.5N,35.5W,55,968,210,360,360,360,0,120,120,0,0,0,0,0,40
AL182021,SAM,59,20211006,1200,,EX,51.5N,32.4W,50,969,210,300,240,0,0,120,120,0,0,0,0,0,40
AL182021,SAM,59,20211006,1800,,EX,53.1N,29.0W,45,971,210,300,240,0,0,0,0,0,0,0,0,0,40
AL182021,SAM,59,20211007,0000,,EX,55.2N,25.4W,45,973,0,270,210,0,0,0,0,0,0,0,0,0,60
AL182021,SAM,59,20211007,0600,,EX,58.1N,22.3W,40,976,0,270,0,0,0,0,0,0,0,0,0,0,80
AL192021,TERESA,10,20210924,0600,,SD,31.4N,62.0W,30,1011,0,0,0,0,0,0,0,0,0,0,0,0,80
AL192021,TERESA,10,20210924,1200,,SS,32.8N,62.9W,35,1010,80,0,0,80,0,0,0,0,0,0,0,0,80
AL192021,TERESA,10,20210924,1800,,SS,33.6N,64.1W,40,1008,80,0,0,80,0,0,0,0,0,0,0,0,80
AL192021,TERESA,10,20210925,0000,,SS,34.1N,65.0W,40,1008,100,0,0,0,0,0,0,0,0,0,0,0,80
AL192021,TERESA,10,20210925,0600,,SS,34.3N,65.5W,35,1009,120,0,0,0,0,0,0,0,0,0,0,0,90
AL192021,TERESA,10,20210925,1200,,SD,34.3N,65.2W,30,1010,0,0,0,0,0,0,0,0,0,0,0,0,90
AL192021,TERESA,10,20210925,1800,,LO,34.3N,64.5W,30,1010,0,0,0,0,0,0,0,0,0,0,0,0,100
AL192021,TERESA,10,20210926,0000,,LO,34.7N,63.9W,30,1010,0,0,0,0,0,0,0,0,0,0,0,0,100
AL192021,TERESA,10,20210926,0600,,LO,35.2N,63.2W,30,1010,0,0,0,0,0,0,0,0,0,0,0,0,100
AL192021,TERESA,10,20210926,1200,,LO,35.6N,61.8W,25,1011,0,0,0,0,0,0,0,0,0,0,0,0,100
AL202021,VICTOR,22,20210929,0000,,LO,7.0N,22.0W,30,1008,0,0,0,0,0,0,0,0,0,0,0,0,50
AL202021,VICTOR,22,20210929,0600,,LO,7.4N,23.0W,30,1007,0,0,0,0,0,0,0,0,0,0,0,0,50
AL202021,VICTOR,22,20210929,1200,,TD,7.8N,24.1W,30,1006,0,0,0,0,0,0,0,0,0,0,0,0,50
AL202021,VICTOR,22,20210929,1800,,TS,8.1N,25.1W,35,1005,50,0,0,40,0,0,0,0,0,0,0,0,40
AL202021,VICTOR,22,20210930,0000,,TS,8.3N,26.0W,35,1005,50,0,0,40,0,0,0,0,0,0,0,0,40
AL202021,VICTOR,22,20210930,0600,,TS,8.7N,27.1W,40,1004,70,0,0,50,0,0,0,0,0,0,0,0,40
AL202021,VICTOR,22,20210930,1200,,TS,9.2N,28.4W,40,1003,90,0,0,70,0,0,0,0,0,0,0,0,40
AL202021,VICTOR,22,20210930,1800,,TS,9.8N,29.5W,45,1001,90,0,0,90,0,0,0,0,0,0,0,0,40
AL202021,VICTOR,22,20211001,0000,,TS,10.5N,30.6W,50,999,110,70,0,100,40,0,0,40,0,0,0,0,40
AL202021,VICTOR,22,20211001,0600,,TS,11.0N,31.8W,50,998,120,80,0,100,40,0,0,40,0,0,0,0,40
AL202021,VICTOR,22,20211001,1200,,TS,11.4N,33.0W,55,997,120,80,60,120,50,0,0,50,0,0,0,0,40
AL202021,VICTOR,22,20211001,1800,,TS,11.8N,33.9W,55,997,120,80,60,120,50,0,0,50,0,0,0,0,45
AL202021,VICTOR,22,20211002,0000,,TS,12.1N,34.9W,50,999,120,60,0,120,50,0,0,0,0,0,0,0,50
AL202021,VICTOR,22,20211002,0600,,TS,12.5N,35.8W,45,1001,100,60,0,80,0,0,0,0,0,0,0,0,50
AL202021,VICTOR,22,20211002,1200,,TS,12.7N,36.7W,35,1005,60,0,0,60,0,0,0,0,0,0,0,0,60
AL202021,VICTOR,22,20211002,1800,,TD,13.5N,37.7W,30,1007,0,0,0,0,0,0,0,0,0,0,0,0,60
AL202021,VICTOR,22,20211003,0000,,TD,14.4N,38.4W,30,1007,0,0,0,0,0,0,0,0,0,0,0,0,60
AL202021,VICTOR,22,20211003,0600,,TD,15.1N,39.2W,30,1007,0,0,0,0,0,0,0,0,0,0,0,0,60
AL202021,VICTOR,22,20211003,1200,,TD,15.7N,40.0W,30,1007,0,0,0,0,0,0,0,0,0,0,0,0,60
AL202021,VICTOR,22,20211003,1800,,TD,16.5N,41.0W,30,1007,0,0,0,0,0,0,0,0,0,0,0,0,70
AL202021,VICTOR,22,20211004,0000,,TD,17.2N,42.1W,30,1007,0,0,0,0,0,0,0,0,0,0,0,0,70
AL202021,VICTOR,22,20211004,0600,,TD,17.8N,43.1W,25,1009,0,0,0,0,0,0,0,0,0,0,0,0,70
AL212021,WANDA,54,20211025,1800,,EX,32.5N,76.3W,35,1006,0,60,0,0,0,0,0,0,0,0,0,0,40
AL212021,WANDA,54,20211026,0000,,EX,34.2N,74.1W,45,1002,180,90,0,0,0,0,0,0,0,0,0,0,60
AL212021,WANDA,54,20211026,0600,,EX,35.9N,71.3W,45,996,240,240,0,0,0,0,0,0,0,0,0,0,60
AL212021,WANDA,54,20211026,1200,,EX,37.7N,69.1W,50,992,270,240,0,60,60,60,0,0,0,0,0,0,60
AL212021,WANDA,54,20211026,1800,,EX,39.5N,68.2W,55,984,300,210,30,90,150,0,0,50,0,0,0,0,70
AL212021,WANDA,54,20211027,0000,,EX,40.8N,67.6W,60,979,300,120,60,210,150,0,0,100,0,0,0,0,80
AL212021,WANDA,54,20211027,0600,,EX,41.4N,69.4W,60,973,420,180,90,210,150,0,0,110,0,0,0,0,90
AL212021,WANDA,54,20211027,1200,,EX,39.9N,70.1W,55,976,480,240,180,240,120,0,0,120,0,0,0,0,100
AL212021,WANDA,54,20211027,1800,,EX,38.7N,68.5W,50,980,540,300,180,300,0,0,0,120,0,0,0,0,100
AL212021,WANDA,54,20211028,0000,,EX,39.0N,65.9W,45,981,540,210,240,360,0,0,0,0,0,0,0,0,200
AL212021,WANDA,54,20211028,0600,,EX,39.4N,63.9W,45,982,540,180,240,360,0,0,0,0,0,0,0,0,200
AL212021,WANDA,54,20211028,1200,,EX,39.8N,61.9W,45,982,540,180,240,360,0,0,0,0,0,0,0,0,200
AL212021,WANDA,54,20211028,1800,,EX,40.2N,59.8W,45,982,480,180,210,330,0,0,0,0,0,0,0,0,180
AL212021,WANDA,54,20211029,0000,,EX,40.6N,58.1W,45,982,420,180,210,300,0,0,0,0,0,0,0,0,150
AL212021,WANDA,54,20211029,0600,,EX,40.7N,56.8W,45,982,390,180,180,300,0,0,0,0,0,0,0,0,150
AL212021,WANDA,54,20211029,1200,,EX,40.6N,55.5W,45,981,360,180,180,300,0,0,0,0,0,0,0,0,150
AL212021,WANDA,54,20211029,1800,,EX,40.4N,54.0W,45,981,330,180,180,330,0,0,0,0,0,0,0,0,100
AL212021,WANDA,54,20211030,0000,,EX,40.1N,52.4W,45,982,270,120,150,270,0,0,0,0,0,0,0,0,60
AL212021,WANDA,54,20211030,0600,,EX,39.4N,51.2W,40,984,120,100,150,210,0,0,0,0,0,0,0,0,60
AL212021,WANDA,54,20211030,1200,,SS,38.5N,49.6W,40,986,0,90,150,150,0,0,0,0,0,0,0,0,60
AL212021,WANDA,54,20211030,1800,,SS,37.5N,47.8W,40,988,0,90,150,90,0,0,0,0,0,0,0,0,50
AL212021,WANDA,54,20211031,0000,,SS,36.5N,46.0W,45,987,60,90,90,0,0,0,0,0,0,0,0,0,40
AL212021,WANDA,54,20211031,0600,,SS,36.6N,44.2W,50,985,60,70,70,0,30,40,0,0,0,0,0,0,40
AL212021,WANDA,54,20211031,1200,,SS,36.5N,43.4W,50,983,60,60,60,30,20,40,0,0,0,0,0,0,40
AL212021,WANDA,54,20211031,1800,,SS,36.4N,43.5W,50,985,60,30,60,90,0,0,0,40,0,0,0,0,40
AL212021,WANDA,54,20211101,0000,,SS,35.8N,44.0W,45,989,60,0,60,120,0,0,0,0,0,0,0,0,35
AL212021,WANDA,54,20211101,0600,,SS,34.8N,44.2W,40,991,60,0,50,80,0,0,0,0,0,0,0,0,35
AL212021,WANDA,54,20211101,1200,,TS,34.1N,43.4W,40,993,0,40,40,40,0,0,0,0,0,0,0,0,35
AL212021,WANDA,54,20211101,1800,,TS,34.1N,42.6W,35,997,0,40,40,40,0,0,0,0,0,0,0,0,35
AL212021,WANDA,54,20211102,0000,,TS,34.4N,41.9W,35,997,50,50,50,50,0,0,0,0,0,0,0,0,35
AL212021,WANDA,54,20211102,0600,,TS,34.9N,41.3W,40,996,50,50,50,50,0,0,0,0,0,0,0,0,30
AL212021,WANDA,54,20211102,1200,,TS,35.5N,40.7W,40,996,50,50,30,30,0,0,0,0,0,0,0,0,25
AL212021,WANDA,54,20211102,1800,,TS,36.2N,40.5W,40,996,60,60,20,30,0,0,0,0,0,0,0,0,25
AL212021,WANDA,54,20211103,0000,,TS,36.9N,40.4W,40,996,80,80,0,30,0,0,0,0,0,0,0,0,25
AL212021,WANDA,54,20211103,0600,,TS,37.6N,40.2W,40,995,80,80,0,30,0,0,0,0,0,0,0,0,25
AL212021,WANDA,54,20211103,1200,,TS,38.4N,39.9W,40,994,80,80,0,40,0,0,0,0,0,0,0,0,30
AL212021,WANDA,54,20211103,1800,,TS,39.3N,39.7W,45,992,80,90,30,40,0,0,0,0,0,0,0,0,30
AL212021,WANDA,54,20211104,0000,,TS,40.2N,39.7W,45,992,80,90,50,60,0,0,0,0,0,0,0,0,35
AL212021,WANDA,54,20211104,0600,,TS,41.0N,39.7W,45,992,70,80,50,60,0,0,0,0,0,0,0,0,35
AL212021,WANDA,54,20211104,1200,,TS,41.7N,39.7W,40,994,60,60,50,60,0,0,0,0,0,0,0,0,35
AL212021,WANDA,54,20211104,1800,,TS,42.1N,39.6W,40,994,60,60,50,60,0,0,0,0,0,0,0,0,35
AL212021,WANDA,54,20211105,0000,,TS,42.3N,39.0W,45,992,60,70,80,70,0,0,0,0,0,0,0,0,40
AL212021,WANDA,54,20211105,0600,,TS,42.0N,38.3W,45,992,50,70,90,80,0,0,0,0,0,0,0,0,40
AL212021,WANDA,54,20211105,1200,,TS,41.1N,37.8W,45,993,40,50,120,100,0,0,0,0,0,0,0,0,40
AL212021,WANDA,54,20211105,1800,,TS,39.6N,37.5W,45,996,40,40,110,100,0,0,0,0,0,0,0,0,40
AL212021,WANDA,54,20211106,0000,,TS,38.4N,38.0W,45,999,50,30,80,90,0,0,0,0,0,0,0,0,40
AL212021,WANDA,54,20211106,0600,,TS,37.6N,38.3W,45,1000,50,30,60,60,0,0,0,0,0,0,0,0,35
AL212021,WANDA,54,20211106,1200,,TS,37.2N,38.4W,40,1001,50,30,50,0,0,0,0,0,0,0,0,0,35
AL212021,WANDA,54,20211106,1800,,TS,37.1N,38.0W,35,1002,50,50,50,0,0,0,0,0,0,0,0,0,35
AL212021,WANDA,54,20211107,0000,,TS,37.4N,37.4W,35,1003,0,60,0,0,0,0,0,0,0,0,0,0,40
AL212021,WANDA,54,20211107,0600,,TS,38.1N,36.4W,35,1004,0,60,0,0,0,0,0,0,0,0,0,0,45
AL212021,WANDA,54,20211107,1200,,LO,39.2N,34.9W,35,1006,0,90,0,0,0,0,0,0,0,0,0,0,50
AL212021,WANDA,54,20211107,1800,,LO,40.9N,32.8W,40,1006,0,90,0,0,0,0,0,0,0,0,0,0,50
AL212021,WANDA,54,20211108,0000,,LO,43.2N,29.7W,40,1006,30,70,0,0,0,0,0,0,0,0,0,0,40
AL012022,ALEX,17,20220602,1800,,DB,21.3N,87.5W,30,1004,0,0,0,0,0,0,0,0,0,0,0,0,80
AL012022,ALEX,17,20220603,0000,,DB,21.6N,87.3W,30,1003,0,0,0,0,0,0,0,0,0,0,0,0,80
AL012022,ALEX,17,20220603,0600,,DB,21.9N,87.1W,35,1003,60,60,0,0,0,0,0,0,0,0,0,0,80
AL012022,ALEX,17,20220603,1200,,DB,22.2N,86.9W,35,1003,90,90,0,0,0,0,0,0,0,0,0,0,120
AL012022,ALEX,17,20220603,1800,,DB,22.8N,86.3W,35,1003,90,180,0,0,0,0,0,0,0,0,0,0,180
AL012022,ALEX,17,20220604,0000,,DB,23.9N,85.1W,35,1003,0,210,0,0,0,0,0,0,0,0,0,0,180
AL012022,ALEX,17,20220604,0600,,DB,25.0N,83.7W,35,1003,0,210,0,0,0,0,0,0,0,0,0,0,180
AL012022,ALEX,17,20220604,1200,,DB,26.2N,82.0W,35,1002,0,210,0,0,0,0,0,0,0,0,0,0,150
AL012022,ALEX,17,20220604,1800,,DB,27.2N,80.4W,40,1001,90,210,0,0,0,0,0,0,0,0,0,0,120
AL012022,ALEX,17,20220605,0000,,TS,28.0N,78.8W,40,999,150,180,0,0,0,0,0,0,0,0,0,0,90
AL012022,ALEX,17,20220605,0600,,TS,28.8N,77.2W,45,995,150,180,0,30,0,0,0,0,0,0,0,0,80
AL012022,ALEX,17,20220605,1200,,TS,29.9N,75.0W,50,993,150,180,0,40,0,90,0,0,0,0,0,0,80
AL012022,ALEX,17,20220605,1800,,TS,31.0N,72.5W,60,985,160,180,60,80,0,90,30,40,0,0,0,0,60
AL012022,ALEX,17,20220606,0000,,TS,32.1N,70.2W,60,984,180,180,90,90,0,90,40,40,0,0,0,0,50
AL012022,ALEX,17,20220606,0600,,TS,33.0N,67.8W,55,987,180,180,90,90,0,90,40,40,0,0,0,0,50
AL012022,ALEX,17,20220606,1200,,LO,33.8N,65.2W,55,992,180,180,90,90,0,90,40,40,0,0,0,0,50
AL012022,ALEX,17,20220606,1800,,LO,34.7N,62.2W,50,994,180,180,90,90,0,90,40,40,0,0,0,0,50
AL022022,BONNIE,55,20220627,1800,,DB,8.3N,50.5W,35,1009,100,0,0,120,0,0,0,0,0,0,0,0,120
AL022022,BONNIE,55,20220628,0000,,DB,8.7N,52.2W,35,1009,100,0,0,120,0,0,0,0,0,0,0,0,120
AL022022,BONNIE,55,20220628,0600,,DB,9.1N,54.2W,35,1009,100,0,0,120,0,0,0,0,0,0,0,0,120
AL022022,BONNIE,55,20220628,1200,,DB,9.6N,56.5W,35,1009,100,0,0,110,0,0,0,0,0,0,0,0,110
AL022022,BONNIE,55,20220628,1800,,DB,10.2N,58.9W,35,1009,100,0,0,110,0,0,0,0,0,0,0,0,100
AL022022,BONNIE,55,20220629,0000,,DB,10.7N,61.6W,35,1009,100,0,0,100,0,0,0,0,0,0,0,0,90
AL022022,BONNIE,55,20220629,0600,,DB,11.1N,64.0W,35,1009,100,0,0,100,0,0,0,0,0,0,0,0,80
AL022022,BONNIE,55,20220629,1200,,DB,11.4N,66.2W,35,1009,100,0,0,100,0,0,0,0,0,0,0,0,80
AL022022,BONNIE,55,20220629,1800,,DB,11.7N,68.0W,35,1009,100,0,0,100,0,0,0,0,0,0,0,0,80
AL022022,BONNIE,55,20220630,0000,,DB,11.9N,69.7W,35,1009,90,0,0,90,0,0,0,0,0,0,0,0,80
AL022022,BONNIE,55,20220630,0600,,DB,12.0N,71.4W,35,1009,70,0,0,70,0,0,0,0,0,0,0,0,70
AL022022,BONNIE,55,20220630,1200,,DB,12.0N,73.1W,35,1008,70,0,0,60,0,0,0,0,0,0,0,0,60
AL022022,BONNIE,55,20220630,1800,,DB,12.0N,74.9W,35,1007,70,0,0,60,0,0,0,0,0,0,0,0,60
AL022022,BONNIE,55,20220701,0000,,DB,11.9N,76.7W,35,1005,70,0,0,60,0,0,0,0,0,0,0,0,50
AL022022,BONNIE,55,20220701,0600,,TS,11.6N,78.5W,35,1005,80,0,0,60,0,0,0,0,0,0,0,0,50
AL022022,BONNIE,55,20220701,1200,,TS,11.3N,80.2W,35,1005,100,0,0,60,0,0,0,0,0,0,0,0,40
AL022022,BONNIE,55,20220701,1800,,TS,11.2N,81.8W,40,1004,100,0,0,60,0,0,0,0,0,0,0,0,30
AL022022,BONNIE,55,20220702,0000,,TS,10.9N,83.1W,50,996,100,30,20,60,10,10,0,0,0,0,0,0,10
AL022022,BONNIE,55,20220702,0300,L,TS,11.0N,83.8W,50,996,100,30,20,60,10,10,0,0,0,0,0,0,10
AL022022,BONNIE,55,20220702,0600,,TS,11.1N,84.5W,40,1000,60,0,0,40,0,0,0,0,0,0,0,0,20
AL022022,BONNIE,55,20220702,1200,,TS,11.2N,85.9W,35,1002,60,0,0,40,0,0,0,0,0,0,0,0,30
AL022022,BONNIE,55,20220702,1800,,TS,11.2N,87.4W,45,999,60,20,20,40,0,0,0,0,0,0,0,0,20
AL022022,BONNIE,55,20220703,0000,,TS,11.2N,88.9W,50,997,60,30,30,50,20,0,0,20,0,0,0,0,20
AL022022,BONNIE,55,20220703,0600,,TS,11.5N,90.4W,50,997,60,30,30,60,20,0,0,20,0,0,0,0,20
AL022022,BONNIE,55,20220703,1200,,TS,11.8N,91.9W,55,995,60,30,30,60,20,0,0,20,0,0,0,0,20
AL022022,BONNIE,55,20220703,1800,,TS,12.2N,93.4W,60,993,70,50,30,60,30,20,0,30,0,0,0,0,15
AL022022,BONNIE,55,20220704,0000,,HU,12.9N,94.9W,65,989,70,60,30,60,40,30,0,30,20,15,0,0,15
AL022022,BONNIE,55,20220704,0600,,HU,13.4N,96.6W,70,987,70,60,30,60,40,30,0,30,20,15,0,0,15
AL022022,BONNIE,55,20220704,1200,,HU,13.6N,98.2W,75,984,80,70,40,70,40,30,20,30,20,15,10,15,15
AL022022,BONNIE,55,20220704,1800,,HU,13.8N,99.6W,85,978,80,70,40,70,40,30,20,30,20,15,10,15,10
AL022022,BONNIE,55,20220705,0000,,HU,14.4N,100.9W,90,974,80,70,40,70,40,30,20,30,20,15,10,15,10
AL022022,BONNIE,55,20220705,0600,,HU,14.9N,102.4W,95,968,90,80,40,70,40,30,20,30,20,15,10,15,5
AL022022,BONNIE,55,20220705,1200,,HU,15.1N,103.8W,100,964,90,80,50,80,40,40,30,40,25,20,15,20,5
AL022022,BONNIE,55,20220705,1800,,HU,15.4N,105.1W,95,967,90,80,50,80,40,40,30,40,25,20,15,20,5
AL022022,BONNIE,55,20220706,0000,,HU,15.6N,106.4W,90,970,90,80,50,80,40,40,30,40,20,20,15,20,5
AL022022,BONNIE,55,20220706,0600,,HU,15.8N,107.6W,85,974,80,70,50,80,40,40,30,40,20,20,15,20,20
AL022022,BONNIE,55,20220706,1200,,HU,16.0N,108.5W,85,975,60,50,40,70,40,30,20,40,20,15,10,10,20
AL022022,BONNIE,55,20220706,1800,,HU,16.3N,109.5W,85,975,70,60,50,70,30,30,20,40,20,15,10,10,20
AL022022,BONNIE,55,20220707,0000,,HU,16.6N,110.6W,80,980,70,60,50,70,30,30,20,40,20,15,10,10,20
AL022022,BONNIE,55,20220707,0600,,HU,16.9N,111.8W,80,980,60,40,40,60,30,30,20,40,20,15,10,10,20
AL022022,BONNIE,55,20220707,1200,,HU,17.2N,113.1W,80,980,60,40,40,60,30,30,20,40,20,15,10,10,15
AL022022,BONNIE,55,20220707,1800,,HU,17.5N,114.5W,85,976,60,50,50,60,40,30,20,40,20,15,10,10,15
AL022022,BONNIE,55,20220708,0000,,HU,17.8N,116.1W,85,976,60,50,50,60,40,30,20,40,20,15,10,15,15
AL022022,BONNIE,55,20220708,0600,,HU,18.0N,117.7W,75,982,60,50,50,60,40,30,20,40,20,10,0,15,15
AL022022,BONNIE,55,20220708,1200,,HU,18.2N,119.3W,65,989,60,50,50,60,40,30,20,40,20,10,0,15,15
AL022022,BONNIE,55,20220708,1800,,TS,18.6N,121.0W,55,998,50,40,30,50,20,0,0,30,0,0,0,0,20
AL022022,BONNIE,55,20220709,0000,,TS,19.0N,122.8W,50,1001,50,40,30,50,20,0,0,30,0,0,0,0,20
AL022022,BONNIE,55,20220709,0600,,TS,19.2N,124.7W,45,1002,50,40,30,50,0,0,0,0,0,0,0,0,20
AL022022,BONNIE,55,20220709,1200,,TS,19.4N,126.6W,40,1005,40,30,0,40,0,0,0,0,0,0,0,0,20
AL022022,BONNIE,55,20220709,1800,,LO,19.5N,128.6W,40,1008,40,0,0,40,0,0,0,0,0,0,0,0,25
AL022022,BONNIE,55,20220710,0000,,LO,19.6N,130.5W,35,1008,40,0,0,40,0,0,0,0,0,0,0,0,25
AL022022,BONNIE,55,20220710,0600,,LO,19.5N,132.3W,35,1008,40,0,0,40,0,0,0,0,0,0,0,0,25
AL022022,BONNIE,55,20220710,1200,,LO,19.4N,134.0W,30,1008,0,0,0,0,0,0,0,0,0,0,0,0,25
AL022022,BONNIE,55,20220710,1800,,LO,19.4N,135.5W,25,1010,0,0,0,0,0,0,0,0,0,0,0,0,25
AL022022,BONNIE,55,20220711,0000,,LO,19.4N,136.9W,25,1010,0,0,0,0,0,0,0,0,0,0,0,0,25
AL032022,COLIN,6,20220701,1800,,TD,31.8N,80.5W,30,1014,0,0,0,0,0,0,0,0,0,0,0,0,50
AL032022,COLIN,6,20220701,2330,L,TS,32.4N,80.5W,35,1011,40,60,0,0,0,0,0,0,0,0,0,0,50
AL032022,COLIN,6,20220702,0000,,TS,32.5N,80.4W,35,1011,40,60,0,0,0,0,0,0,0,0,0,0,50
AL032022,COLIN,6,20220702,0600,,TS,33.0N,79.9W,35,1011,40,60,0,0,0,0,0,0,0,0,0,0,50
AL032022,COLIN,6,20220702,1200,,TS,33.4N,79.4W,35,1011,50,70,0,0,0,0,0,0,0,0,0,0,50
AL032022,COLIN,6,20220702,1800,,TD,33.8N,78.9W,30,1015,0,0,0,0,0,0,0,0,0,0,0,0,50
AL052022,DANIELLE,62,20220831,1200,,LO,37.5N,46.6W,25,1016,0,0,0,0,0,0,0,0,0,0,0,0,60
AL052022,DANIELLE,62,20220831,1800,,LO,37.8N,46.1W,25,1015,0,0,0,0,0,0,0,0,0,0,0,0,50
AL052022,DANIELLE,62,20220901,0000,,LO,38.0N,45.6W,25,1014,0,0,0,0,0,0,0,0,0,0,0,0,45
AL052022,DANIELLE,62,20220901,0600,,TD,38.1N,45.2W,30,1011,0,0,0,0,0,0,0,0,0,0,0,0,35
AL052022,DANIELLE,62,20220901,1200,,TS,38.1N,44.8W,35,1007,30,30,0,0,0,0,0,0,0,0,0,0,30
AL052022,DANIELLE,62,20220901,1800,,TS,38.0N,44.4W,45,1002,40,30,0,30,0,0,0,0,0,0,0,0,25
AL052022,DANIELLE,62,20220902,0000,,TS,37.9N,44.1W,55,996,60,40,20,50,20,20,0,20,0,0,0,0,20
AL052022,DANIELLE,62,20220902,0600,,TS,37.8N,43.8W,60,990,70,50,40,60,20,20,20,20,0,0,0,0,15
AL052022,DANIELLE,62,20220902,1200,,HU,37.8N,43.6W,65,986,80,60,60,70,30,20,20,20,0,0,0,15,15
AL052022,DANIELLE,62,20220902,1800,,HU,37.9N,43.5W,65,985,90,70,70,80,30,30,30,20,0,0,15,15,15
AL052022,DANIELLE,62,20220903,0000,,HU,38.0N,43.6W,65,986,100,80,80,90,40,30,30,30,15,15,0,0,15
AL052022,DANIELLE,62,20220903,0600,,TS,38.0N,43.8W,60,989,110,90,80,90,50,40,40,40,0,0,0,0,20
AL052022,DANIELLE,62,20220903,1200,,TS,38.0N,44.2W,60,989,110,90,80,90,50,40,40,50,0,0,0,0,20
AL052022,DANIELLE,62,20220903,1800,,TS,38.0N,44.6W,60,989,110,90,80,100,60,50,40,50,0,0,0,0,25
AL052022,DANIELLE,62,20220904,0000,,HU,37.9N,45.0W,65,986,110,100,80,100,60,50,40,60,15,25,0,0,25
AL052022,DANIELLE,62,20220904,0600,,HU,37.9N,45.3W,70,982,110,100,80,100,60,50,50,60,15,30,0,0,30
AL052022,DANIELLE,62,20220904,1200,,HU,38.1N,45.4W,70,979,110,100,80,100,60,50,50,50,20,35,0,15,35
AL052022,DANIELLE,62,20220904,1800,,HU,38.4N,45.2W,75,976,110,100,90,90,60,50,50,50,20,40,0,15,40
AL052022,DANIELLE,62,20220905,0000,,HU,38.7N,45.0W,75,975,110,100,90,90,50,50,50,50,20,40,0,15,40
AL052022,DANIELLE,62,20220905,0600,,HU,39.2N,44.6W,75,975,110,110,90,90,50,50,50,50,20,40,0,15,40
AL052022,DANIELLE,62,20220905,1200,,HU,39.9N,44.1W,75,975,110,110,100,90,50,50,50,50,20,40,20,20,40
AL052022,DANIELLE,62,20220905,1800,,HU,40.6N,43.6W,75,976,110,120,100,100,50,60,60,50,20,40,20,20,40
AL052022,DANIELLE,62,20220906,0000,,HU,41.3N,43.1W,70,980,120,130,110,100,60,70,60,50,20,45,20,20,45
AL052022,DANIELLE,62,20220906,0600,,HU,41.8N,42.5W,65,982,120,130,120,100,60,70,70,50,20,45,20,0,45
AL052022,DANIELLE,62,20220906,1200,,HU,42.1N,41.8W,65,982,130,140,130,110,60,80,70,60,25,50,20,0,50
AL052022,DANIELLE,62,20220906,1800,,HU,42.3N,41.0W,65,980,140,150,140,110,60,90,80,70,25,55,25,0,55
AL052022,DANIELLE,62,20220907,0000,,HU,42.5N,39.9W,65,978,150,160,140,120,70,100,80,70,30,60,30,0,60
AL052022,DANIELLE,62,20220907,0600,,HU,42.9N,38.6W,70,974,160,170,150,130,70,100,90,80,35,60,40,0,60
AL052022,DANIELLE,62,20220907,1200,,HU,43.5N,37.2W,70,972,170,170,160,140,70,110,90,80,40,60,50,0,60
AL052022,DANIELLE,62,20220907,1800,,HU,44.4N,35.6W,70,972,170,180,160,150,70,110,100,80,45,60,60,0,60
AL052022,DANIELLE,62,20220908,0000,,HU,45.3N,33.9W,65,973,180,180,170,160,70,110,100,80,50,60,60,0,60
AL052022,DANIELLE,62,20220908,0600,,TS,46.2N,32.4W,60,974,190,180,170,170,70,100,90,70,0,0,0,0,60
AL052022,DANIELLE,62,20220908,1200,,EX,47.3N,31.4W,55,975,190,180,180,190,70,100,90,70,0,0,0,0,60
AL052022,DANIELLE,62,20220908,1800,,EX,48.5N,30.8W,55,975,200,170,180,200,70,90,90,60,0,0,0,0,60
AL052022,DANIELLE,62,20220909,0000,,EX,49.8N,30.5W,55,975,200,160,180,200,70,90,90,60,0,0,0,0,60
AL052022,DANIELLE,62,20220909,0600,,EX,51.0N,31.1W,50,976,200,150,180,200,80,0,0,60,0,0,0,0,60
AL052022,DANIELLE,62,20220909,1200,,EX,51.1N,33.2W,50,977,200,130,180,200,0,0,0,60,0,0,0,0,60
AL052022,DANIELLE,62,20220909,1800,,EX,49.8N,34.8W,45,979,0,120,180,190,0,0,0,0,0,0,0,0,60
AL052022,DANIELLE,62,20220910,0000,,EX,47.8N,34.1W,45,983,0,120,180,160,0,0,0,0,0,0,0,0,60
AL052022,DANIELLE,62,20220910,0600,,EX,46.1N,31.2W,45,985,0,120,170,0,0,0,0,0,0,0,0,0,60
AL052022,DANIELLE,62,20220910,1200,,EX,45.2N,28.0W,40,987,0,120,170,0,0,0,0,0,0,0,0,0,60
AL052022,DANIELLE,62,20220910,1800,,EX,44.7N,26.1W,40,988,0,120,160,0,0,0,0,0,0,0,0,0,60
AL052022,DANIELLE,62,20220911,0000,,EX,43.9N,24.7W,40,990,0,120,160,0,0,0,0,0,0,0,0,0,60
AL052022,DANIELLE,62,20220911,0600,,EX,42.7N,23.4W,35,991,0,120,150,0,0,0,0,0,0,0,0,0,60
AL052022,DANIELLE,62,20220911,1200,,EX,41.2N,21.9W,35,992,0,0,150,0,0,0,0,0,0,0,0,0,60
AL052022,DANIELLE,62,20220911,1800,,EX,40.1N,20.4W,35,993,0,0,140,0,0,0,0,0,0,0,0,0,50
AL052022,DANIELLE,62,20220912,0000,,EX,39.1N,18.8W,35,994,0,0,120,40,0,0,0,0,0,0,0,0,50
AL052022,DANIELLE,62,20220912,0600,,EX,38.4N,17.0W,35,994,0,0,110,40,0,0,0,0,0,0,0,0,40
AL052022,DANIELLE,62,20220912,1200,,EX,38.6N,15.0W,35,994,0,0,90,0,0,0,0,0,0,0,0,0,40
AL052022,DANIELLE,62,20220912,1800,,EX,39.4N,12.7W,35,993,0,60,90,0,0,0,0,0,0,0,0,0,40
AL052022,DANIELLE,62,20220913,0000,,EX,40.8N,11.2W,35,992,60,60,0,0,0,0,0,0,0,0,0,0,40
AL052022,DANIELLE,62,20220913,0600,,EX,42.5N,10.6W,35,992,60,60,0,0,0,0,0,0,0,0,0,0,40
AL052022,DANIELLE,62,20220913,1200,,EX,43.3N,10.7W,35,993,60,60,0,0,0,0,0,0,0,0,0,0,40
AL052022,DANIELLE,62,20220913,1800,,EX,43.6N,11.3W,35,994,60,60,0,0,0,0,0,0,0,0,0,0,40
AL052022,DANIELLE,62,20220914,0000,,EX,43.3N,11.4W,30,996,0,0,0,0,0,0,0,0,0,0,0,0,30
AL052022,DANIELLE,62,20220914,0600,,EX,43.0N,11.2W,25,998,0,0,0,0,0,0,0,0,0,0,0,0,30
AL052022,DANIELLE,62,20220914,1200,,EX,42.7N,10.9W,25,1000,0,0,0,0,0,0,0,0,0,0,0,0,30
AL052022,DANIELLE,62,20220914,1800,,EX,42.5N,10.4W,25,1003,0,0,0,0,0,0,0,0,0,0,0,0,30
AL052022,DANIELLE,62,20220915,0000,,EX,42.2N,10.1W,25,1006,0,0,0,0,0,0,0,0,0,0,0,0,30
AL052022,DANIELLE,62,20220915,0600,,EX,41.6N,10.0W,25,1008,0,0,0,0,0,0,0,0,0,0,0,0,30
AL052022,DANIELLE,62,20220915,1200,,EX,40.9N,10.1W,20,1010,0,0,0,0,0,0,0,0,0,0,0,0,30
AL052022,DANIELLE,62,20220915,1800,,EX,40.2N,10.3W,20,1012,0,0,0,0,0,0,0,0,0,0,0,0,30
AL062022,EARL,52,20220902,1800,,TS,17.9N,58.6W,35,1006,0,60,0,0,0,0,0,0,0,0,0,0,60
AL062022,EARL,52,20220903,0000,,TS,18.3N,59.8W,40,1005,150,150,0,0,0,0,0,0,0,0,0,0,90
AL062022,EARL,52,20220903,0600,,TS,18.6N,60.9W,40,1004,150,150,0,0,0,0,0,0,0,0,0,0,90
AL062022,EARL,52,20220903,1200,,TS,18.9N,61.9W,40,1002,150,120,0,30,0,0,0,0,0,0,0,0,90
AL062022,EARL,52,20220903,1800,,TS,19.2N,62.9W,45,999,90,20,0,40,0,0,0,0,0,0,0,0,60
AL062022,EARL,52,20220904,0000,,TS,19.4N,63.6W,45,999,90,20,0,40,0,0,0,0,0,0,0,0,40
AL062022,EARL,52,20220904,0600,,TS,19.5N,64.1W,45,999,90,20,0,40,0,0,0,0,0,0,0,0,40
AL062022,EARL,52,20220904,1200,,TS,19.8N,64.6W,45,999,90,20,0,40,0,0,0,0,0,0,0,0,40
AL062022,EARL,52,20220904,1800,,TS,20.0N,65.0W,50,998,90,90,0,40,40,0,0,0,0,0,0,0,40
AL062022,EARL,52,20220905,0000,,TS,20.3N,65.3W,50,998,90,90,0,40,50,0,0,0,0,0,0,0,50
AL062022,EARL,52,20220905,0600,,TS,20.8N,65.4W,55,998,90,90,0,40,50,0,0,0,0,0,0,0,50
AL062022,EARL,52,20220905,1200,,TS,21.5N,65.2W,55,998,90,90,0,60,50,0,0,30,0,0,0,0,50
AL062022,EARL,52,20220905,1800,,TS,22.0N,65.2W,60,997,90,90,0,70,50,0,0,30,0,0,0,0,40
AL062022,EARL,52,20220906,0000,,TS,22.5N,65.2W,60,991,100,90,20,70,50,30,0,30,0,0,0,0,30
AL062022,EARL,52,20220906,0600,,TS,23.1N,65.3W,55,995,100,90,20,70,50,30,0,30,0,0,0,0,30
AL062022,EARL,52,20220906,1200,,TS,23.5N,65.7W,55,996,100,90,20,70,60,30,0,30,0,0,0,0,30
AL062022,EARL,52,20220906,1800,,HU,23.9N,65.7W,65,994,100,90,20,70,60,40,0,50,0,0,0,30,30
AL062022,EARL,52,20220907,0000,,HU,24.5N,65.8W,70,985,100,90,80,80,60,40,0,50,35,0,0,30,30
AL062022,EARL,52,20220907,0600,,HU,25.0N,65.9W,75,982,110,90,80,80,60,40,30,50,35,25,25,30,30
AL062022,EARL,52,20220907,1200,,HU,25.4N,65.8W,75,978,120,100,90,90,60,50,30,50,35,25,25,30,30
AL062022,EARL,52,20220907,1800,,HU,26.1N,65.6W,80,974,130,110,90,90,60,50,30,50,40,35,25,30,35
AL062022,EARL,52,20220908,0000,,HU,26.8N,65.5W,90,970,130,120,90,90,60,50,30,50,40,35,25,30,35
AL062022,EARL,52,20220908,0600,,HU,27.7N,65.5W,90,969,140,130,100,100,70,60,60,60,50,35,25,30,35
AL062022,EARL,52,20220908,1200,,HU,28.7N,65.3W,85,962,140,130,100,100,70,60,60,60,50,40,30,30,30
AL062022,EARL,52,20220908,1800,,HU,29.7N,64.8W,80,962,140,160,120,100,70,90,70,60,50,50,40,30,30
AL062022,EARL,52,20220909,0000,,HU,30.6N,64.3W,80,964,140,160,120,100,70,90,70,60,50,50,40,30,30
AL062022,EARL,52,20220909,0600,,HU,31.9N,63.2W,80,963,170,180,150,90,100,110,70,50,60,70,30,35,40
AL062022,EARL,52,20220909,1200,,HU,33.4N,61.9W,85,961,170,200,170,100,100,110,70,50,60,70,30,35,40
AL062022,EARL,52,20220909,1800,,HU,34.9N,59.8W,90,954,200,240,200,130,100,120,80,50,60,70,30,35,40
AL062022,EARL,52,20220910,0000,,HU,37.1N,56.8W,95,948,220,290,230,170,100,150,110,90,60,70,50,30,40
AL062022,EARL,52,20220910,0600,,HU,40.0N,54.3W,90,955,220,360,350,320,110,180,110,180,70,80,50,30,45
AL062022,EARL,52,20220910,1200,,HU,42.4N,53.3W,80,964,300,360,350,320,110,180,110,180,70,80,50,30,45
AL062022,EARL,52,20220910,1800,,EX,43.3N,52.8W,70,967,300,360,420,330,180,180,110,180,70,80,50,80,60
AL062022,EARL,52,20220911,0000,,EX,43.3N,52.6W,60,968,330,360,350,330,0,90,160,200,0,0,0,0,60
AL062022,EARL,52,20220911,0600,,EX,43.8N,52.2W,55,970,300,360,420,330,180,180,110,180,0,0,0,0,60
AL062022,EARL,52,20220911,1200,,EX,44.2N,52.0W,50,974,300,180,350,300,0,0,0,150,0,0,0,0,60
AL062022,EARL,52,20220911,1800,,EX,44.3N,51.9W,45,974,150,150,350,300,0,0,0,0,0,0,0,0,60
AL062022,EARL,52,20220912,0000,,EX,44.2N,51.9W,45,974,190,150,320,250,0,0,0,0,0,0,0,0,90
AL062022,EARL,52,20220912,0600,,EX,44.3N,52.1W,40,978,120,100,280,220,0,0,0,0,0,0,0,0,90
AL062022,EARL,52,20220912,1200,,EX,43.9N,51.9W,40,978,120,100,280,220,0,0,0,0,0,0,0,0,90
AL062022,EARL,52,20220912,1800,,EX,43.2N,51.2W,35,981,0,0,300,0,0,0,0,0,0,0,0,0,90
AL062022,EARL,52,20220913,0000,,EX,42.9N,48.3W,35,981,0,250,270,0,0,0,0,0,0,0,0,0,90
AL062022,EARL,52,20220913,0600,,EX,43.0N,46.8W,35,985,0,240,220,0,0,0,0,0,0,0,0,0,90
AL062022,EARL,52,20220913,1200,,EX,43.4N,45.2W,35,989,0,240,220,0,0,0,0,0,0,0,0,0,90
AL062022,EARL,52,20220913,1800,,EX,44.3N,43.7W,35,989,0,240,220,0,0,0,0,0,0,0,0,0,90
AL062022,EARL,52,20220914,0000,,EX,45.0N,42.4W,35,990,0,220,200,0,0,0,0,0,0,0,0,0,120
AL062022,EARL,52,20220914,0600,,EX,45.4N,41.6W,35,990,0,220,200,0,0,0,0,0,0,0,0,0,140
AL062022,EARL,52,20220914,1200,,EX,45.5N,40.9W,35,990,0,0,220,0,0,0,0,0,0,0,0,0,140
AL062022,EARL,52,20220914,1800,,EX,45.3N,40.5W,30,992,0,0,0,0,0,0,0,0,0,0,0,0,140
AL062022,EARL,52,20220915,0000,,EX,45.2N,39.4W,30,994,0,0,0,0,0,0,0,0,0,0,0,0,140
AL062022,EARL,52,20220915,0600,,EX,45.2N,37.7W,30,995,0,0,0,0,0,0,0,0,0,0,0,0,140
AL062022,EARL,52,20220915,1200,,EX,45.6N,36.1W,30,996,0,0,0,0,0,0,0,0,0,0,0,0,140
AL072022,FIONA,61,20220914,0600,,TD,16.0N,47.9W,25,1010,0,0,0,0,0,0,0,0,0,0,0,0,70
AL072022,FIONA,61,20220914,1200,,TD,16.4N,49.1W,30,1009,0,0,0,0,0,0,0,0,0,0,0,0,60
AL072022,FIONA,61,20220914,1800,,TS,16.6N,50.1W,35,1006,60,60,0,0,0,0,0,0,0,0,0,0,50
AL072022,FIONA,61,20220915,0000,,TS,16.6N,51.3W,45,1002,100,120,0,0,0,0,0,0,0,0,0,0,50
AL072022,FIONA,61,20220915,0600,,TS,16.5N,52.4W,45,1002,100,120,0,0,0,0,0,0,0,0,0,0,50
AL072022,FIONA,61,20220915,1200,,TS,16.4N,53.6W,45,1002,120,110,0,100,0,0,0,0,0,0,0,0,50
AL072022,FIONA,61,20220915,1800,,TS,16.3N,54.8W,50,1006,120,110,0,100,30,0,0,0,0,0,0,0,30
AL072022,FIONA,61,20220916,0000,,TS,16.1N,56.2W,50,1005,120,110,0,100,30,0,0,0,0,0,0,0,30
AL072022,FIONA,61,20220916,0600,,TS,15.8N,57.5W,50,1005,120,110,0,100,30,0,0,0,0,0,0,0,30
AL072022,FIONA,61,20220916,1200,,TS,15.8N,58.8W,45,1005,120,110,0,100,0,0,0,0,0,0,0,0,40
AL072022,FIONA,61,20220916,1800,,TS,16.3N,60.4W,45,1005,120,110,0,90,0,0,0,0,0,0,0,0,40
AL072022,FIONA,61,20220916,2315,L,TS,16.4N,61.4W,50,1002,120,110,0,90,60,0,0,0,0,0,0,0,40
AL072022,FIONA,61,20220917,0000,,TS,16.4N,61.6W,50,1002,120,110,0,90,60,0,0,0,0,0,0,0,30
AL072022,FIONA,61,20220917,0600,,TS,16.3N,62.6W,50,1000,110,100,0,80,50,0,0,0,0,0,0,0,30
AL072022,FIONA,61,20220917,1200,,TS,16.4N,63.3W,50,1000,110,100,0,80,50,0,0,0,0,0,0,0,30
AL072022,FIONA,61,20220917,1800,,TS,16.5N,64.0W,50,1002,110,120,0,80,30,0,0,0,0,0,0,0,20
AL072022,FIONA,61,20220918,0000,,TS,16.5N,64.7W,50,997,110,120,30,80,30,0,0,0,0,0,0,0,30
AL072022,FIONA,61,20220918,0600,,TS,16.9N,65.5W,55,994,110,120,30,80,50,0,0,0,0,0,0,0,30
AL072022,FIONA,61,20220918,1200,,HU,17.2N,66.2W,65,990,110,120,30,80,50,50,0,0,25,25,0,0,30
AL072022,FIONA,61,20220918,1800,,HU,17.8N,66.9W,75,986,110,120,30,80,50,50,0,0,25,25,0,0,25
AL072022,FIONA,61,20220918,1920,L,HU,18.0N,67.1W,75,986,110,120,30,80,50,50,0,0,25,25,0,0,25
AL072022,FIONA,61,20220919,0000,,HU,18.1N,67.8W,75,984,120,120,30,90,50,50,0,30,25,25,0,15,15
AL072022,FIONA,61,20220919,0600,,HU,18.2N,68.4W,80,977,120,130,50,90,50,50,0,30,25,25,0,15,15
AL072022,FIONA,61,20220919,0730,L,HU,18.4N,68.5W,80,976,120,130,50,90,50,50,0,30,25,25,0,15,15
AL072022,FIONA,61,20220919,1200,,HU,18.8N,68.9W,75,980,120,120,50,100,50,50,0,30,25,25,0,15,15
AL072022,FIONA,61,20220919,1800,,HU,19.5N,69.5W,85,972,120,120,50,100,50,50,0,40,25,25,0,20,15
AL072022,FIONA,61,20220920,0000,,HU,20.2N,70.1W,95,974,130,130,60,100,60,50,30,40,25,25,15,20,10
AL072022,FIONA,61,20220920,0600,,HU,20.8N,70.7W,100,967,130,130,60,100,60,50,40,50,25,25,20,25,10
AL072022,FIONA,61,20220920,1100,L,HU,21.4N,71.1W,100,962,130,130,60,100,60,50,40,50,25,25,20,25,10
AL072022,FIONA,61,20220920,1200,,HU,21.5N,71.2W,100,961,130,130,80,120,70,60,40,60,30,25,20,25,10
AL072022,FIONA,61,20220920,1800,,HU,22.3N,71.7W,100,959,130,130,80,120,70,60,40,60,30,25,20,25,10
AL072022,FIONA,61,20220921,0000,,HU,22.9N,71.8W,110,951,140,130,80,120,70,60,40,60,40,30,20,30,15
AL072022,FIONA,61,20220921,0600,,HU,23.5N,71.8W,120,939,140,130,80,120,70,60,40,60,40,30,20,30,15
AL072022,FIONA,61,20220921,1200,,HU,24.2N,71.7W,115,937,140,170,80,120,70,90,40,60,40,40,20,30,15
AL072022,FIONA,61,20220921,1800,,HU,25.1N,71.6W,115,937,140,170,80,120,70,90,40,60,40,40,20,30,15
AL072022,FIONA,61,20220922,0000,,HU,26.0N,71.4W,115,934,150,180,110,130,100,100,80,90,55,60,45,45,15
AL072022,FIONA,61,20220922,0600,,HU,26.9N,71.1W,115,934,150,180,130,150,100,100,80,100,55,60,45,45,15
AL072022,FIONA,61,20220922,1200,,HU,28.0N,70.6W,115,936,150,180,130,150,100,100,80,100,55,60,45,45,20
AL072022,FIONA,61,20220922,1800,,HU,29.5N,70.0W,115,936,180,240,130,150,110,110,80,100,60,60,45,50,20
AL072022,FIONA,61,20220923,0000,,HU,30.9N,69.0W,115,931,220,240,150,160,120,120,100,100,80,100,60,50,20
AL072022,FIONA,61,20220923,0600,,HU,32.5N,67.5W,115,936,250,300,150,160,120,120,100,100,80,100,60,50,20
AL072022,FIONA,61,20220923,1200,,HU,34.3N,65.0W,115,935,250,300,150,160,120,120,100,100,80,100,60,50,25
AL072022,FIONA,61,20220923,1800,,HU,37.8N,61.7W,110,940,250,300,180,200,120,120,100,120,80,100,60,80,30
AL072022,FIONA,61,20220924,0000,,EX,42.3N,60.7W,100,932,250,300,200,200,150,180,140,170,100,160,120,80,90
AL072022,FIONA,61,20220924,0600,,EX,45.0N,61.2W,85,931,275,350,350,275,180,220,200,170,100,150,120,80,100
AL072022,FIONA,61,20220924,0700,L,EX,45.2N,61.2W,85,931,275,350,350,275,180,220,200,170,100,150,120,80,100
AL072022,FIONA,61,20220924,1200,,EX,46.8N,61.2W,75,938,270,350,350,240,150,180,180,150,100,100,0,0,100
AL072022,FIONA,61,20220924,1800,,EX,47.9N,60.8W,65,952,270,360,480,210,120,150,150,120,90,90,0,0,100
AL072022,FIONA,61,20220925,0000,,EX,48.8N,59.8W,60,968,200,450,480,210,90,120,120,90,0,0,0,0,100
AL072022,FIONA,61,20220925,0600,,EX,50.6N,58.6W,50,972,120,200,160,160,0,60,0,0,0,0,0,0,60
AL072022,FIONA,61,20220925,0800,L,EX,51.3N,58.3W,45,974,120,200,160,160,0,0,0,0,0,0,0,0,60
AL072022,FIONA,61,20220925,1200,,EX,53.1N,57.5W,45,981,120,200,160,160,0,0,0,0,0,0,0,0,60
AL072022,FIONA,61,20220925,1800,,EX,55.5N,58.0W,40,984,120,200,160,160,0,0,0,0,0,0,0,0,60
AL072022,FIONA,61,20220926,0000,,EX,57.5N,59.0W,35,985,120,200,160,160,0,0,0,0,0,0,0,0,60
AL072022,FIONA,61,20220926,0600,,EX,58.5N,59.0W,35,985,120,200,160,160,0,0,0,0,0,0,0,0,60
AL072022,FIONA,61,20220926,1200,,EX,59.5N,59.0W,35,986,120,200,160,160,0,0,0,0,0,0,0,0,60
AL072022,FIONA,61,20220926,1800,,EX,60.5N,58.5W,35,988,120,200,160,120,0,0,0,0,0,0,0,0,60
AL072022,FIONA,61,20220927,0000,,EX,61.5N,58.0W,35,994,120,200,160,120,0,0,0,0,0,0,0,0,60
AL072022,FIONA,61,20220927,0600,,EX,62.5N,57.0W,35,998,120,200,160,120,0,0,0,0,0,0,0,0,60
AL072022,FIONA,61,20220927,1200,,EX,63.3N,55.0W,35,1000,120,200,160,120,0,0,0,0,0,0,0,0,60
AL072022,FIONA,61,20220927,1800,,EX,64.0N,52.0W,25,1002,0,0,0,0,0,0,0,0,0,0,0,0,60
AL082022,GASTON,34,20220919,1200,,LO,28.7N,46.3W,25,1014,0,0,0,0,0,0,0,0,0,0,0,0,60
AL082022,GASTON,34,20220919,1800,,LO,29.6N,45.8W,25,1014,0,0,0,0,0,0,0,0,0,0,0,0,60
AL082022,GASTON,34,20220920,0000,,LO,30.4N,45.8W,25,1014,0,0,0,0,0,0,0,0,0,0,0,0,60
AL082022,GASTON,34,20220920,0600,,LO,31.3N,45.9W,25,1013,0,0,0,0,0,0,0,0,0,0,0,0,50
AL082022,GASTON,34,20220920,1200,,TD,32.5N,45.8W,30,1013,0,0,0,0,0,0,0,0,0,0,0,0,50
AL082022,GASTON,34,20220920,1800,,TS,34.0N,45.0W,35,1009,60,0,0,50,0,0,0,0,0,0,0,0,30
AL082022,GASTON,34,20220921,0000,,TS,35.5N,44.1W,45,1004,60,60,0,50,0,0,0,0,0,0,0,0,30
AL082022,GASTON,34,20220921,0600,,TS,36.9N,43.1W,55,999,60,60,60,50,0,30,30,30,0,0,0,0,25
AL082022,GASTON,34,20220921,1200,,TS,37.9N,42.0W,55,998,60,60,60,50,0,30,30,30,0,0,0,0,25
AL082022,GASTON,34,20220921,1800,,TS,38.6N,40.7W,55,998,40,50,50,50,0,25,25,0,0,0,0,0,25
AL082022,GASTON,34,20220922,0000,,TS,39.4N,38.6W,55,998,40,50,50,50,0,25,25,0,0,0,0,0,25
AL082022,GASTON,34,20220922,0600,,TS,40.1N,36.5W,55,998,60,70,70,70,0,25,25,0,0,0,0,0,25
AL082022,GASTON,34,20220922,1200,,TS,40.7N,34.8W,55,996,90,100,100,90,0,40,0,0,0,0,0,0,20
AL082022,GASTON,34,20220922,1800,,TS,41.0N,33.1W,55,994,90,100,100,90,0,40,0,0,0,0,0,0,20
AL082022,GASTON,34,20220923,0000,,TS,41.1N,31.5W,55,995,90,100,100,90,0,40,0,0,0,0,0,0,20
AL082022,GASTON,34,20220923,0600,,TS,40.9N,30.1W,55,995,90,100,100,90,0,40,0,0,0,0,0,0,20
AL082022,GASTON,34,20220923,1200,,TS,40.5N,29.2W,55,995,90,100,100,150,40,0,0,0,0,0,0,0,20
AL082022,GASTON,34,20220923,1800,,TS,39.8N,28.8W,50,997,90,100,100,150,0,0,0,40,0,0,0,0,20
AL082022,GASTON,34,20220924,0000,,TS,39.1N,29.2W,45,999,90,100,100,150,0,0,0,0,0,0,0,0,20
AL082022,GASTON,34,20220924,0600,,TS,38.7N,29.7W,45,1000,90,100,100,150,0,0,0,0,0,0,0,0,20
AL082022,GASTON,34,20220924,1200,,TS,38.2N,30.4W,40,1001,90,90,100,140,0,0,0,0,0,0,0,0,40
AL082022,GASTON,34,20220924,1800,,TS,38.0N,31.4W,45,998,100,0,0,100,0,0,0,0,0,0,0,0,50
AL082022,GASTON,34,20220925,0000,,TS,38.4N,32.7W,45,998,100,0,0,60,0,0,0,0,0,0,0,0,50
AL082022,GASTON,34,20220925,0600,,TS,38.9N,34.1W,45,999,100,0,0,60,0,0,0,0,0,0,0,0,50
AL082022,GASTON,34,20220925,1200,,TS,39.4N,35.7W,45,999,100,0,60,60,0,0,0,0,0,0,0,0,50
AL082022,GASTON,34,20220925,1800,,TS,39.2N,37.0W,40,1000,90,0,50,60,0,0,0,0,0,0,0,0,50
AL082022,GASTON,34,20220926,0000,,LO,38.8N,37.7W,35,1007,60,0,0,50,0,0,0,0,0,0,0,0,50
AL082022,GASTON,34,20220926,0600,,LO,38.5N,38.5W,35,1010,60,0,0,50,0,0,0,0,0,0,0,0,50
AL082022,GASTON,34,20220926,1200,,LO,38.4N,39.4W,30,1011,0,0,0,0,0,0,0,0,0,0,0,0,50
AL082022,GASTON,34,20220926,1800,,LO,38.2N,40.4W,30,1012,0,0,0,0,0,0,0,0,0,0,0,0,50
AL082022,GASTON,34,20220927,0000,,LO,38.0N,41.5W,30,1012,0,0,0,0,0,0,0,0,0,0,0,0,50
AL082022,GASTON,34,20220927,0600,,LO,37.6N,42.8W,30,1013,0,0,0,0,0,0,0,0,0,0,0,0,50
AL082022,GASTON,34,20220927,1200,,LO,37.2N,44.2W,25,1014,0,0,0,0,0,0,0,0,0,0,0,0,50
AL082022,GASTON,34,20220927,1800,,LO,37.0N,45.9W,25,1015,0,0,0,0,0,0,0,0,0,0,0,0,50
AL092022,IAN,40,20220922,1800,,LO,12.3N,66.3W,30,1006,0,0,0,0,0,0,0,0,0,0,0,0,70
AL092022,IAN,40,20220923,0000,,LO,12.9N,67.2W,30,1006,0,0,0,0,0,0,0,0,0,0,0,0,70
AL092022,IAN,40,20220923,0600,,TD,13.7N,68.1W,30,1006,0,0,0,0,0,0,0,0,0,0,0,0,60
AL092022,IAN,40,20220923,1200,,TD,14.2N,69.3W,30,1006,0,0,0,0,0,0,0,0,0,0,0,0,60
AL092022,IAN,40,20220923,1800,,TD,14.6N,70.6W,30,1006,0,0,0,0,0,0,0,0,0,0,0,0,60
AL092022,IAN,40,20220924,0000,,TS,14.7N,71.7W,35,1005,0,0,0,30,0,0,0,0,0,0,0,0,30
AL092022,IAN,40,20220924,0600,,TS,14.7N,72.9W,35,1005,0,0,0,30,0,0,0,0,0,0,0,0,30
AL092022,IAN,40,20220924,1200,,TS,14.5N,74.4W,40,1003,0,0,0,50,0,0,0,0,0,0,0,0,30
AL092022,IAN,40,20220924,1800,,TS,14.4N,75.8W,40,1003,0,0,0,50,0,0,0,0,0,0,0,0,30
AL092022,IAN,40,20220925,0000,,TS,14.6N,77.2W,40,1003,40,0,0,50,0,0,0,0,0,0,0,0,30
AL092022,IAN,40,20220925,0600,,TS,14.6N,78.3W,40,1003,40,0,0,50,0,0,0,0,0,0,0,0,30
AL092022,IAN,40,20220925,1200,,TS,15.0N,79.4W,40,1003,40,0,0,50,0,0,0,0,0,0,0,0,30
AL092022,IAN,40,20220925,1800,,TS,15.8N,80.1W,40,1003,40,0,0,50,0,0,0,0,0,0,0,0,30
AL092022,IAN,40,20220926,0000,,TS,16.8N,80.9W,50,991,60,60,0,30,30,0,0,0,0,0,0,0,30
AL092022,IAN,40,20220926,0600,,HU,17.7N,81.7W,65,985,70,70,30,70,30,30,0,20,15,0,0,0,15
AL092022,IAN,40,20220926,1200,,HU,18.7N,82.4W,70,981,90,80,40,90,40,40,0,30,20,0,0,0,15
AL092022,IAN,40,20220926,1800,,HU,19.7N,83.0W,80,976,100,90,60,90,50,50,20,30,30,25,0,20,20
AL092022,IAN,40,20220927,0000,,HU,20.8N,83.3W,85,965,100,90,60,90,50,50,20,30,30,25,0,20,20
AL092022,IAN,40,20220927,0600,,HU,21.8N,83.6W,100,956,100,100,70,90,50,50,30,40,30,25,20,20,15
AL092022,IAN,40,20220927,0830,L,HU,22.2N,83.7W,110,947,100,100,70,90,50,50,30,40,30,25,20,20,15
AL092022,IAN,40,20220927,1200,,HU,22.6N,83.6W,100,963,120,120,100,120,60,60,50,60,30,25,20,20,15
AL092022,IAN,40,20220927,1800,,HU,23.5N,83.3W,105,951,120,120,100,120,60,60,50,60,35,35,20,20,15
AL092022,IAN,40,20220928,0000,,HU,24.4N,83.0W,105,947,120,120,100,120,60,60,50,60,35,35,20,20,20
AL092022,IAN,40,20220928,0200,L,HU,24.6N,82.9W,110,952,120,120,100,120,60,60,50,60,35,35,20,20,20
AL092022,IAN,40,20220928,0600,,HU,25.2N,82.9W,120,945,120,130,100,150,70,60,60,70,35,35,30,35,20
AL092022,IAN,40,20220928,1200,,HU,26.0N,82.7W,140,937,120,140,100,150,70,60,70,80,40,40,30,40,20
AL092022,IAN,40,20220928,1800,,HU,26.6N,82.4W,135,938,130,150,100,150,50,60,70,80,30,40,30,45,20
AL092022,IAN,40,20220928,1905,L,HU,26.7N,82.2W,130,941,130,150,100,150,50,60,70,80,30,40,30,45,20
AL092022,IAN,40,20220928,2035,L,HU,26.8N,82.0W,125,945,130,150,100,150,50,60,70,80,30,40,30,45,20
AL092022,IAN,40,20220929,0000,,HU,27.2N,81.7W,100,960,180,120,120,220,50,60,50,70,30,40,30,45,20
AL092022,IAN,40,20220929,0600,,HU,27.7N,81.1W,65,985,360,120,150,200,60,50,40,70,30,0,0,30,20
AL092022,IAN,40,20220929,1200,,TS,28.4N,80.6W,60,987,360,120,150,200,60,50,40,70,0,0,0,0,40
AL092022,IAN,40,20220929,1800,,HU,28.9N,80.1W,65,986,360,140,150,200,60,0,50,100,0,0,0,40,40
AL092022,IAN,40,20220930,0000,,HU,29.6N,79.4W,70,986,420,150,120,220,60,80,80,120,0,0,40,60,40
AL092022,IAN,40,20220930,0600,,HU,30.3N,79.1W,75,984,420,130,100,160,80,60,80,120,0,0,40,60,40
AL092022,IAN,40,20220930,1200,,HU,31.5N,79.0W,75,980,240,130,120,140,80,60,80,80,40,0,40,60,40
AL092022,IAN,40,20220930,1800,,HU,33.3N,79.2W,70,978,190,130,100,60,80,60,80,40,0,30,40,0,40
AL092022,IAN,40,20220930,1805,L,HU,33.3N,79.2W,70,978,190,130,100,60,80,60,80,40,0,30,40,0,40
AL092022,IAN,40,20221001,0000,,EX,34.4N,79.3W,50,990,160,170,0,0,0,90,0,0,0,0,0,0,80
AL092022,IAN,40,20221001,0600,,EX,35.3N,79.7W,30,999,0,0,0,0,0,0,0,0,0,0,0,0,180
AL102022,HERMINE,12,20220923,0600,,LO,16.6N,19.4W,30,1005,0,0,0,0,0,0,0,0,0,0,0,0,60
AL102022,HERMINE,12,20220923,1200,,TD,17.4N,19.9W,30,1004,0,0,0,0,0,0,0,0,0,0,0,0,50
AL102022,HERMINE,12,20220923,1800,,TS,18.1N,20.3W,35,1003,40,0,0,0,0,0,0,0,0,0,0,0,40
AL102022,HERMINE,12,20220924,0000,,TS,18.7N,20.7W,35,1003,40,0,0,0,0,0,0,0,0,0,0,0,40
AL102022,HERMINE,12,20220924,0600,,TS,19.4N,20.9W,35,1004,40,0,0,0,0,0,0,0,0,0,0,0,40
AL102022,HERMINE,12,20220924,1200,,TD,20.3N,20.9W,30,1005,0,0,0,0,0,0,0,0,0,0,0,0,50
AL102022,HERMINE,12,20220924,1800,,TD,21.4N,20.7W,30,1006,0,0,0,0,0,0,0,0,0,0,0,0,60
AL102022,HERMINE,12,20220925,0000,,LO,22.4N,20.5W,30,1006,0,0,0,0,0,0,0,0,0,0,0,0,70
AL102022,HERMINE,12,20220925,0600,,LO,23.1N,20.3W,25,1007,0,0,0,0,0,0,0,0,0,0,0,0,80
AL102022,HERMINE,12,20220925,1200,,LO,23.7N,20.1W,25,1007,0,0,0,0,0,0,0,0,0,0,0,0,80
AL102022,HERMINE,12,20220925,1800,,LO,24.1N,19.8W,25,1008,0,0,0,0,0,0,0,0,0,0,0,0,90
AL102022,HERMINE,12,20220926,0000,,LO,24.6N,19.4W,25,1008,0,0,0,0,0,0,0,0,0,0,0,0,100
AL112022,ELEVEN,12,20220926,1800,,LO,13.8N,35.8W,25,1009,0,0,0,0,0,0,0,0,0,0,0,0,60
AL112022,ELEVEN,12,20220927,0000,,LO,13.6N,35.4W,25,1009,0,0,0,0,0,0,0,0,0,0,0,0,60
AL112022,ELEVEN,12,20220927,0600,,LO,13.6N,35.0W,25,1009,0,0,0,0,0,0,0,0,0,0,0,0,60
AL112022,ELEVEN,12,20220927,1200,,LO,13.8N,34.7W,25,1009,0,0,0,0,0,0,0,0,0,0,0,0,60
AL112022,ELEVEN,12,20220927,1800,,LO,14.1N,34.5W,25,1009,0,0,0,0,0,0,0,0,0,0,0,0,60
AL112022,ELEVEN,12,20220928,0000,,TD,14.5N,34.3W,30,1008,0,0,0,0,0,0,0,0,0,0,0,0,60
AL112022,ELEVEN,12,20220928,0600,,TD,15.1N,34.2W,30,1008,0,0,0,0,0,0,0,0,0,0,0,0,60
AL112022,ELEVEN,12,20220928,1200,,TD,15.7N,34.3W,25,1009,0,0,0,0,0,0,0,0,0,0,0,0,60
AL112022,ELEVEN,12,20220928,1800,,TD,16.2N,34.7W,25,1009,0,0,0,0,0,0,0,0,0,0,0,0,60
AL112022,ELEVEN,12,20220929,0000,,TD,16.7N,35.2W,25,1009,0,0,0,0,0,0,0,0,0,0,0,0,60
AL112022,ELEVEN,12,20220929,0600,,TD,17.5N,36.0W,25,1009,0,0,0,0,0,0,0,0,0,0,0,0,60
AL112022,ELEVEN,12,20220929,1200,,LO,18.3N,36.9W,25,1009,0,0,0,0,0,0,0,0,0,0,0,0,80
AL122022,TWELVE,10,20221004,1200,,TD,13.6N,29.5W,30,1007,0,0,0,0,0,0,0,0,0,0,0,0,40
AL122022,TWELVE,10,20221004,1800,,TD,14.2N,30.2W,30,1007,0,0,0,0,0,0,0,0,0,0,0,0,40
AL122022,TWELVE,10,20221005,0000,,TD,14.6N,30.5W,30,1007,0,0,0,0,0,0,0,0,0,0,0,0,50
AL122022,TWELVE,10,20221005,0600,,TD,15.0N,30.9W,30,1007,0,0,0,0,0,0,0,0,0,0,0,0,60
AL122022,TWELVE,10,20221005,1200,,TD,15.3N,31.5W,30,1007,0,0,0,0,0,0,0,0,0,0,0,0,60
AL122022,TWELVE,10,20221005,1800,,TD,16.0N,31.9W,30,1007,0,0,0,0,0,0,0,0,0,0,0,0,60
AL122022,TWELVE,10,20221006,0000,,TD,17.0N,32.1W,30,1007,0,0,0,0,0,0,0,0,0,0,0,0,60
AL122022,TWELVE,10,20221006,0600,,TD,17.7N,32.8W,30,1007,0,0,0,0,0,0,0,0,0,0,0,0,60
AL122022,TWELVE,10,20221006,1200,,TD,18.1N,33.9W,30,1008,0,0,0,0,0,0,0,0,0,0,0,0,60
AL122022,TWELVE,10,20221006,1800,,TD,18.7N,35.0W,30,1009,0,0,0,0,0,0,0,0,0,0,0,0,60
AL132022,JULIA,21,20221006,1200,,DB,11.4N,66.5W,30,1006,0,0,0,0,0,0,0,0,0,0,0,0,70
AL132022,JULIA,21,20221006,1800,,DB,11.6N,67.8W,30,1005,0,0,0,0,0,0,0,0,0,0,0,0,70
AL132022,JULIA,21,20221007,0000,,TD,11.9N,69.2W,30,1004,0,0,0,0,0,0,0,0,0,0,0,0,70
AL132022,JULIA,21,20221007,0300,L,TD,12.0N,69.8W,30,1004,0,0,0,0,0,0,0,0,0,0,0,0,70
AL132022,JULIA,21,20221007,0600,,TD,12.1N,70.6W,30,1004,0,0,0,0,0,0,0,0,0,0,0,0,70
AL132022,JULIA,21,20221007,0830,L,TD,12.2N,71.2W,30,1004,0,0,0,0,0,0,0,0,0,0,0,0,70
AL132022,JULIA,21,20221007,1200,,TS,12.5N,72.1W,35,1002,70,0,0,0,0,0,0,0,0,0,0,0,60
AL132022,JULIA,21,20221007,1800,,TS,12.8N,73.8W,40,1002,80,0,0,0,0,0,0,0,0,0,0,0,50
AL132022,JULIA,21,20221008,0000,,TS,12.8N,75.5W,45,999,90,0,0,70,0,0,0,0,0,0,0,0,40
AL132022,JULIA,21,20221008,0600,,TS,12.7N,77.2W,50,999,100,0,0,80,40,0,0,0,0,0,0,0,40
AL132022,JULIA,21,20221008,1200,,TS,12.7N,78.9W,55,994,100,40,40,80,40,20,0,30,0,0,0,0,30
AL132022,JULIA,21,20221008,1800,,TS,12.6N,80.5W,60,993,100,50,50,90,40,30,0,30,0,0,0,0,30
AL132022,JULIA,21,20221009,0000,,HU,12.5N,82.0W,65,989,100,60,60,100,40,30,20,30,30,0,0,0,30
AL132022,JULIA,21,20221009,0600,,HU,12.4N,83.3W,75,982,100,70,60,100,40,30,20,30,30,0,0,20,25
AL132022,JULIA,21,20221009,0715,L,HU,12.4N,83.6W,75,982,100,70,60,100,40,30,20,30,30,0,0,20,25
AL132022,JULIA,21,20221009,1200,,HU,12.3N,84.7W,65,985,80,60,50,80,40,20,20,30,30,0,0,20,25
AL132022,JULIA,21,20221009,1800,,TS,12.3N,86.2W,45,988,50,40,40,50,0,0,0,0,0,0,0,0,25
AL132022,JULIA,21,20221010,0000,,TS,12.6N,87.6W,40,993,40,50,30,40,0,0,0,0,0,0,0,0,30
AL132022,JULIA,21,20221010,0600,,TS,13.1N,88.8W,35,998,30,30,0,20,0,0,0,0,0,0,0,0,30
AL132022,JULIA,21,20221010,1100,L,TS,13.6N,89.7W,35,1001,30,30,0,20,0,0,0,0,0,0,0,0,30
AL132022,JULIA,21,20221010,1200,,TD,13.7N,89.9W,30,1002,0,0,0,0,0,0,0,0,0,0,0,0,30
AL142022,KARL,18,20221011,1200,,TD,19.0N,94.1W,30,1007,0,0,0,0,0,0,0,0,0,0,0,0,100
AL142022,KARL,18,20221011,1800,,TS,19.6N,94.5W,35,1006,120,0,90,90,0,0,0,0,0,0,0,0,100
AL142022,KARL,18,20221012,0000,,TS,20.2N,94.8W,35,1005,110,0,70,70,0,0,0,0,0,0,0,0,90
AL142022,KARL,18,20221012,0600,,TS,20.9N,94.9W,35,1004,100,0,50,50,0,0,0,0,0,0,0,0,80
AL142022,KARL,18,20221012,1200,,TS,21.5N,94.8W,40,1002,90,60,30,50,0,0,0,0,0,0,0,0,70
AL142022,KARL,18,20221012,1800,,TS,22.0N,94.6W,50,1000,70,50,30,40,60,40,0,0,0,0,0,0,60
AL142022,KARL,18,20221013,0000,,TS,22.4N,94.3W,50,1000,60,50,30,40,50,40,0,0,0,0,0,0,50
AL142022,KARL,18,20221013,0600,,TS,22.4N,94.3W,45,1000,60,60,40,30,0,0,0,0,0,0,0,0,40
AL142022,KARL,18,20221013,1200,,TS,21.9N,94.0W,45,1000,60,70,40,30,0,0,0,0,0,0,0,0,40
AL142022,KARL,18,20221013,1800,,TS,21.3N,93.6W,40,999,0,70,0,0,0,0,0,0,0,0,0,0,50
AL142022,KARL,18,20221014,0000,,TS,20.9N,93.0W,40,998,0,60,0,0,0,0,0,0,0,0,0,0,50
AL142022,KARL,18,20221014,0600,,TS,20.3N,92.6W,35,997,0,50,0,0,0,0,0,0,0,0,0,0,50
AL142022,KARL,18,20221014,1200,,TS,19.8N,92.6W,35,997,0,50,0,0,0,0,0,0,0,0,0,0,50
AL142022,KARL,18,20221014,1800,,TS,19.4N,92.6W,35,999,0,40,0,0,0,0,0,0,0,0,0,0,40
AL142022,KARL,18,20221015,0000,,LO,19.0N,92.7W,30,1004,0,0,0,0,0,0,0,0,0,0,0,0,40
AL142022,KARL,18,20221015,0600,,LO,18.7N,92.9W,25,1007,0,0,0,0,0,0,0,0,0,0,0,0,40
AL142022,KARL,18,20221015,1200,,LO,18.5N,93.3W,20,1009,0,0,0,0,0,0,0,0,0,0,0,0,40
AL142022,KARL,18,20221015,1800,,LO,18.4N,94.0W,20,1010,0,0,0,0,0,0,0,0,0,0,0,0,40
AL152022,LISA,24,20221030,1800,,LO,15.7N,73.3W,35,1005,100,0,0,50,0,0,0,0,0,0,0,0,70
AL152022,LISA,24,20221031,0000,,LO,15.7N,74.4W,35,1005,100,0,0,50,0,0,0,0,0,0,0,0,70
AL152022,LISA,24,20221031,0600,,LO,15.6N,75.5W,35,1005,90,70,0,0,0,0,0,0,0,0,0,0,70
AL152022,LISA,24,20221031,1200,,TS,15.5N,76.7W,35,1003,90,70,0,0,0,0,0,0,0,0,0,0,70
AL152022,LISA,24,20221031,1800,,TS,15.5N,77.8W,40,1002,90,70,0,0,0,0,0,0,0,0,0,0,70
AL152022,LISA,24,20221101,0000,,TS,15.6N,78.8W,40,1002,90,70,0,0,0,0,0,0,0,0,0,0,50
AL152022,LISA,24,20221101,0600,,TS,15.9N,79.9W,40,1003,90,70,0,0,0,0,0,0,0,0,0,0,35
AL152022,LISA,24,20221101,1200,,TS,16.2N,81.2W,45,1002,60,60,0,20,0,0,0,0,0,0,0,0,15
AL152022,LISA,24,20221101,1800,,TS,16.5N,82.5W,50,1001,60,60,0,20,20,0,0,0,0,0,0,0,15
AL152022,LISA,24,20221102,0000,,TS,16.7N,84.1W,55,993,60,60,20,60,20,0,0,20,0,0,0,0,15
AL152022,LISA,24,20221102,0600,,TS,17.0N,85.5W,60,992,60,60,20,60,20,0,0,20,0,0,0,0,10
AL152022,LISA,24,20221102,1200,,HU,17.1N,86.7W,70,990,60,60,20,60,20,0,0,20,10,0,0,10,10
AL152022,LISA,24,20221102,1800,,HU,17.3N,87.7W,75,988,50,50,30,50,25,20,0,25,15,0,0,15,15
AL152022,LISA,24,20221102,2130,L,HU,17.4N,88.3W,80,985,50,50,30,40,25,20,20,25,15,15,0,15,15
AL152022,LISA,24,20221103,0000,,HU,17.5N,88.6W,65,990,50,50,30,40,25,20,0,20,15,15,0,0,15
AL152022,LISA,24,20221103,0600,,TS,17.7N,89.6W,45,998,30,30,20,30,0,0,0,0,0,0,0,0,15
AL152022,LISA,24,20221103,1200,,TD,17.9N,90.6W,30,1008,0,0,0,0,0,0,0,0,0,0,0,0,15
AL152022,LISA,24,20221103,1800,,TD,18.0N,91.7W,30,1008,0,0,0,0,0,0,0,0,0,0,0,0,15
AL152022,LISA,24,20221104,0000,,TD,18.1N,92.7W,30,1008,0,0,0,0,0,0,0,0,0,0,0,0,30
AL152022,LISA,24,20221104,0600,,TD,18.3N,93.6W,30,1008,0,0,0,0,0,0,0,0,0,0,0,0,30
AL152022,LISA,24,20221104,1200,,TD,18.7N,94.5W,25,1008,0,0,0,0,0,0,0,0,0,0,0,0,30
AL152022,LISA,24,20221104,1800,,TD,19.2N,95.2W,25,1008,0,0,0,0,0,0,0,0,0,0,0,0,40
AL152022,LISA,24,20221105,0000,,TD,19.4N,95.4W,25,1008,0,0,0,0,0,0,0,0,0,0,0,0,40
AL152022,LISA,24,20221105,0600,,TD,19.7N,95.4W,25,1008,0,0,0,0,0,0,0,0,0,0,0,0,40
AL162022,MARTIN,21,20221030,1800,,EX,34.2N,64.0W,40,1006,180,0,0,120,0,0,0,0,0,0,0,0,100
AL162022,MARTIN,21,20221031,0000,,EX,34.6N,63.1W,45,1004,180,0,0,120,0,0,0,0,0,0,0,0,90
AL162022,MARTIN,21,20221031,0600,,EX,34.9N,62.2W,45,1004,180,0,0,150,0,0,0,0,0,0,0,0,80
AL162022,MARTIN,21,20221031,1200,,EX,35.0N,61.6W,40,1004,180,0,0,150,0,0,0,0,0,0,0,0,70
AL162022,MARTIN,21,20221031,1800,,EX,35.0N,60.9W,40,1004,180,0,0,150,0,0,0,0,0,0,0,0,60
AL162022,MARTIN,21,20221101,0000,,EX,35.1N,59.6W,35,1004,150,40,0,150,0,0,0,0,0,0,0,0,50
AL162022,MARTIN,21,20221101,0600,,EX,35.2N,57.9W,35,1002,120,40,0,120,0,0,0,0,0,0,0,0,40
AL162022,MARTIN,21,20221101,1200,,TS,35.3N,56.7W,40,998,90,60,60,90,0,0,0,0,0,0,0,0,30
AL162022,MARTIN,21,20221101,1800,,TS,35.3N,55.4W,45,993,60,90,90,80,0,0,0,0,0,0,0,0,20
AL162022,MARTIN,21,20221102,0000,,TS,35.1N,54.2W,50,991,60,90,90,80,0,30,30,0,0,0,0,0,20
AL162022,MARTIN,21,20221102,0600,,TS,35.0N,53.0W,55,989,80,100,100,90,0,40,40,0,0,0,0,0,30
AL162022,MARTIN,21,20221102,1200,,HU,35.1N,50.9W,65,983,100,120,100,70,30,60,60,0,0,30,0,0,30
AL162022,MARTIN,21,20221102,1800,,HU,36.1N,48.9W,75,974,120,150,100,70,40,60,60,30,30,40,30,0,30
AL162022,MARTIN,21,20221103,0000,,HU,38.0N,46.4W,75,970,180,180,120,90,60,90,60,40,40,50,40,0,30
AL162022,MARTIN,21,20221103,0600,,HU,40.3N,43.6W,75,965,240,240,210,180,120,120,90,90,40,50,40,20,35
AL162022,MARTIN,21,20221103,1200,,EX,43.7N,38.8W,75,960,300,300,300,300,180,150,150,150,50,60,50,30,35
AL162022,MARTIN,21,20221103,1800,,EX,49.0N,35.3W,75,950,360,420,390,390,240,180,180,150,50,60,50,30,40
AL162022,MARTIN,21,20221104,0000,,EX,52.7N,38.0W,70,947,420,540,450,450,300,240,180,150,50,60,50,30,50
AL162022,MARTIN,21,20221104,0600,,EX,54.7N,37.7W,65,936,330,600,540,450,210,240,270,150,50,60,50,30,60
AL162022,MARTIN,21,20221104,1200,,EX,55.8N,37.2W,60,932,270,720,660,450,150,240,360,150,0,0,0,0,60
AL162022,MARTIN,21,20221104,1800,,EX,56.5N,36.5W,55,939,210,720,660,450,120,240,300,150,0,0,0,0,60
AL172022,NICOLE,26,20221106,1200,,LO,20.6N,66.8W,30,1005,0,0,0,0,0,0,0,0,0,0,0,0,100
AL172022,NICOLE,26,20221106,1800,,LO,22.4N,66.8W,35,1005,120,0,0,0,0,0,0,0,0,0,0,0,100
AL172022,NICOLE,26,20221107,0000,,LO,23.9N,67.5W,35,1005,240,240,0,0,0,0,0,0,0,0,0,0,100
AL172022,NICOLE,26,20221107,0600,,SS,25.2N,68.2W,40,1004,240,240,0,0,0,0,0,0,0,0,0,0,200
AL172022,NICOLE,26,20221107,1200,,SS,25.9N,69.3W,40,1002,240,240,0,70,0,0,0,0,0,0,0,0,200
AL172022,NICOLE,26,20221107,1800,,SS,26.4N,70.3W,40,1001,270,270,0,80,0,0,0,0,0,0,0,0,200
AL172022,NICOLE,26,20221108,0000,,SS,26.8N,70.7W,40,998,270,270,0,180,0,0,0,0,0,0,0,0,200
AL172022,NICOLE,26,20221108,0600,,SS,27.5N,71.2W,40,996,240,240,0,330,0,0,0,0,0,0,0,0,200
AL172022,NICOLE,26,20221108,1200,,SS,27.7N,72.1W,45,993,240,240,0,330,0,0,0,0,0,0,0,0,80
AL172022,NICOLE,26,20221108,1800,,TS,27.6N,73.3W,50,991,240,240,0,330,0,0,0,60,0,0,0,0,60
AL172022,NICOLE,26,20221109,0000,,TS,27.2N,74.3W,60,984,300,240,30,330,0,0,0,60,0,0,0,0,60
AL172022,NICOLE,26,20221109,0600,,TS,26.8N,75.3W,60,986,360,120,60,400,0,0,0,60,0,0,0,0,60
AL172022,NICOLE,26,20221109,1200,,TS,26.5N,76.2W,55,985,360,120,60,400,20,0,20,50,0,0,0,0,20
AL172022,NICOLE,26,20221109,1700,L,TS,26.5N,77.1W,60,985,360,120,60,400,20,0,20,50,0,0,0,0,20
AL172022,NICOLE,26,20221109,1800,,TS,26.5N,77.3W,60,985,420,80,60,390,20,0,20,50,0,0,0,0,20
AL172022,NICOLE,26,20221109,2300,L,HU,26.6N,78.2W,65,980,420,80,60,390,30,30,20,50,20,20,0,0,20
AL172022,NICOLE,26,20221110,0000,,HU,26.7N,78.4W,65,980,420,80,60,390,30,30,20,50,20,20,0,0,20
AL172022,NICOLE,26,20221110,0600,,HU,27.3N,79.8W,65,980,390,90,180,300,80,30,20,80,20,20,0,0,20
AL172022,NICOLE,26,20221110,0745,L,HU,27.6N,80.3W,65,980,390,90,180,300,80,30,20,80,20,20,0,0,20
AL172022,NICOLE,26,20221110,1200,,TS,28.0N,81.6W,55,984,330,90,150,200,120,0,0,0,0,0,0,0,110
AL172022,NICOLE,26,20221110,1800,,TS,29.0N,82.8W,40,989,200,60,100,130,0,0,0,0,0,0,0,0,70
AL172022,NICOLE,26,20221110,1900,L,TS,29.2N,83.0W,40,989,200,60,100,130,0,0,0,0,0,0,0,0,70
AL172022,NICOLE,26,20221111,0000,L,TS,30.1N,84.0W,35,992,200,60,100,100,0,0,0,0,0,0,0,0,70
AL172022,NICOLE,26,20221111,0600,,TD,31.2N,84.6W,30,996,0,0,0,0,0,0,0,0,0,0,0,0,90
AL172022,NICOLE,26,20221111,1200,,TD,33.2N,84.6W,25,999,0,0,0,0,0,0,0,0,0,0,0,0,250
AL172022,NICOLE,26,20221111,1800,,LO,35.4N,83.8W,25,1000,0,0,0,0,0,0,0,0,0,0,0,0,400
AL012023,UNNAMED,15,20230115,0000,,EX,36.4N,71.3W,45,989,0,0,180,180,0,0,0,0,0,0,0,0,80
AL012023,UNNAMED,15,20230115,0600,,EX,36.8N,70.6W,45,986,30,0,200,200,0,0,0,0,0,0,0,0,70
AL012023,UNNAMED,15,20230115,1200,,EX,37.2N,69.7W,45,986,30,40,200,200,0,0,0,0,0,0,0,0,60
AL012023,UNNAMED,15,20230115,1800,,EX,37.4N,68.8W,45,983,30,40,200,200,0,0,0,0,0,0,0,0,50
AL012023,UNNAMED,15,20230116,0000,,EX,37.5N,68.3W,45,983,60,80,200,200,0,0,0,0,0,0,0,0,50
AL012023,UNNAMED,15,20230116,0600,,EX,37.3N,67.6W,50,982,80,100,200,200,0,0,40,0,0,0,0,0,40
AL012023,UNNAMED,15,20230116,1200,,SS,37.1N,66.1W,50,982,120,240,240,120,0,60,60,0,0,0,0,0,40
AL012023,UNNAMED,15,20230116,1800,,SS,37.6N,63.6W,55,980,120,240,240,120,0,60,60,0,0,0,0,0,30
AL012023,UNNAMED,15,20230117,0000,,SS,39.8N,61.6W,60,976,180,240,240,120,50,60,60,0,0,0,0,0,30
AL012023,UNNAMED,15,20230117,0600,,SS,42.4N,60.6W,55,977,150,180,120,60,50,60,40,0,0,0,0,0,30
AL012023,UNNAMED,15,20230117,1200,,SS,45.5N,60.0W,45,981,120,150,80,50,0,0,0,0,0,0,0,0,40
AL012023,UNNAMED,15,20230117,1245,L,SS,45.9N,60.0W,45,983,120,150,80,50,0,0,0,0,0,0,0,0,40
AL012023,UNNAMED,15,20230117,1800,,LO,48.4N,60.2W,40,988,90,90,0,0,0,0,0,0,0,0,0,0,40
AL012023,UNNAMED,15,20230118,0000,,LO,50.4N,60.2W,35,991,50,50,0,0,0,0,0,0,0,0,0,0,40
AL012023,UNNAMED,15,20230118,0600,,LO,51.4N,60.2W,30,994,0,0,0,0,0,0,0,0,0,0,0,0,40
AL022023,ARLENE,15,20230531,1800,,LO,26.4N,85.9W,20,1009,0,0,0,0,0,0,0,0,0,0,0,0,100
AL022023,ARLENE,15,20230601,0000,,LO,26.7N,85.7W,20,1008,0,0,0,0,0,0,0,0,0,0,0,0,100
AL022023,ARLENE,15,20230601,0600,,LO,27.2N,85.8W,25,1008,0,0,0,0,0,0,0,0,0,0,0,0,90
AL022023,ARLENE,15,20230601,1200,,TD,27.7N,86.2W,30,1007,0,0,0,0,0,0,0,0,0,0,0,0,70
AL022023,ARLENE,15,20230601,1800,,TD,28.0N,86.5W,30,1007,0,0,0,0,0,0,0,0,0,0,0,0,50
AL022023,ARLENE,15,20230602,0000,,TD,27.7N,86.5W,30,1006,0,0,0,0,0,0,0,0,0,0,0,0,40
AL022023,ARLENE,15,20230602,0600,,TS,27.3N,86.4W,35,1004,60,0,0,60,0,0,0,0,0,0,0,0,40
AL022023,ARLENE,15,20230602,1200,,TS,27.0N,86.3W,35,1002,60,0,0,60,0,0,0,0,0,0,0,0,40
AL022023,ARLENE,15,20230602,1800,,TS,26.7N,86.0W,35,1000,60,0,0,60,0,0,0,0,0,0,0,0,40
AL022023,ARLENE,15,20230603,0000,,TS,25.9N,85.7W,35,998,0,0,0,60,0,0,0,0,0,0,0,0,50
AL022023,ARLENE,15,20230603,0600,,TD,25.0N,85.6W,30,999,0,0,0,0,0,0,0,0,0,0,0,0,50
AL022023,ARLENE,15,20230603,1200,,LO,24.4N,85.3W,25,1000,0,0,0,0,0,0,0,0,0,0,0,0,40
AL022023,ARLENE,15,20230603,1800,,LO,23.9N,85.0W,25,1001,0,0,0,0,0,0,0,0,0,0,0,0,40
AL022023,ARLENE,15,20230604,0000,,LO,23.5N,84.1W,25,1002,0,0,0,0,0,0,0,0,0,0,0,0,40
AL022023,ARLENE,15,20230604,0600,,LO,23.3N,83.0W,25,1002,0,0,0,0,0,0,0,0,0,0,0,0,30
AL032023,BRET,23,20230619,0600,,TD,10.7N,37.3W,30,1009,0,0,0,0,0,0,0,0,0,0,0,0,60
AL032023,BRET,23,20230619,1200,,TD,10.9N,39.1W,30,1009,0,0,0,0,0,0,0,0,0,0,0,0,60
AL032023,BRET,23,20230619,1800,,TS,11.1N,40.9W,35,1008,40,30,0,0,0,0,0,0,0,0,0,0,40
AL032023,BRET,23,20230620,0000,,TS,11.3N,42.7W,35,1008,40,30,0,40,0,0,0,0,0,0,0,0,40
AL032023,BRET,23,20230620,0600,,TS,11.5N,44.5W,35,1008,40,30,0,40,0,0,0,0,0,0,0,0,40
AL032023,BRET,23,20230620,1200,,TS,11.7N,46.3W,35,1008,50,40,0,50,0,0,0,0,0,0,0,0,40
AL032023,BRET,23,20230620,1800,,TS,12.0N,48.0W,40,1006,50,40,0,50,0,0,0,0,0,0,0,0,30
AL032023,BRET,23,20230621,0000,,TS,12.4N,49.4W,45,1004,50,40,0,50,0,0,0,0,0,0,0,0,30
AL032023,BRET,23,20230621,0600,,TS,12.7N,50.7W,50,1001,60,40,0,60,20,0,0,0,0,0,0,0,20
AL032023,BRET,23,20230621,1200,,TS,13.0N,52.0W,50,1001,70,40,0,70,20,0,0,0,0,0,0,0,20
AL032023,BRET,23,20230621,1800,,TS,13.3N,53.3W,55,1000,90,40,0,80,30,0,0,20,0,0,0,0,20
AL032023,BRET,23,20230622,0000,,TS,13.4N,54.6W,55,999,100,40,0,80,30,0,0,20,0,0,0,0,20
AL032023,BRET,23,20230622,0600,,TS,13.5N,55.9W,60,996,100,40,0,90,30,0,0,20,0,0,0,0,20
AL032023,BRET,23,20230622,1200,,TS,13.5N,57.3W,60,998,110,60,0,100,40,0,0,40,0,0,0,0,20
AL032023,BRET,23,20230622,1800,,TS,13.4N,58.8W,55,1000,110,80,0,110,60,0,0,60,0,0,0,0,30
AL032023,BRET,23,20230623,0000,,TS,13.3N,60.3W,55,1001,110,80,0,110,60,0,0,60,0,0,0,0,30
AL032023,BRET,23,20230623,0315,L,TS,13.3N,61.2W,55,1001,110,80,0,110,60,0,0,60,0,0,0,0,30
AL032023,BRET,23,20230623,0600,,TS,13.3N,62.0W,50,1001,110,80,0,110,60,0,0,40,0,0,0,0,30
AL032023,BRET,23,20230623,1200,,TS,13.2N,63.8W,50,1002,120,80,0,120,60,0,0,0,0,0,0,0,30
AL032023,BRET,23,20230623,1800,,TS,13.1N,65.6W,45,1003,120,0,0,120,0,0,0,0,0,0,0,0,30
AL032023,BRET,23,20230624,0000,,TS,13.0N,67.4W,45,1004,90,0,0,90,0,0,0,0,0,0,0,0,30
AL032023,BRET,23,20230624,0600,,TS,13.0N,69.2W,40,1005,90,0,0,60,0,0,0,0,0,0,0,0,30
AL032023,BRET,23,20230624,1200,,TS,13.0N,70.9W,40,1007,90,0,0,40,0,0,0,0,0,0,0,0,40
AL042023,CINDY,17,20230622,0000,,TD,10.4N,39.9W,30,1008,0,0,0,0,0,0,0,0,0,0,0,0,50
AL042023,CINDY,17,20230622,0600,,TD,10.7N,41.1W,30,1008,0,0,0,0,0,0,0,0,0,0,0,0,50
AL042023,CINDY,17,20230622,1200,,TD,11.0N,42.3W,30,1008,0,0,0,0,0,0,0,0,0,0,0,0,50
AL042023,CINDY,17,20230622,1800,,TD,11.3N,43.5W,30,1008,0,0,0,0,0,0,0,0,0,0,0,0,50
AL042023,CINDY,17,20230623,0000,,TS,11.5N,44.8W,35,1007,50,0,0,40,0,0,0,0,0,0,0,0,40
AL042023,CINDY,17,20230623,0600,,TS,11.8N,46.1W,40,1006,50,0,0,40,0,0,0,0,0,0,0,0,40
AL042023,CINDY,17,20230623,1200,,TS,12.2N,47.5W,45,1005,50,0,0,40,0,0,0,0,0,0,0,0,40
AL042023,CINDY,17,20230623,1800,,TS,12.8N,48.8W,45,1005,50,0,0,40,0,0,0,0,0,0,0,0,40
AL042023,CINDY,17,20230624,0000,,TS,13.6N,50.0W,45,1005,50,0,0,40,0,0,0,0,0,0,0,0,40
AL042023,CINDY,17,20230624,0600,,TS,14.6N,51.2W,50,1004,50,0,0,40,30,0,0,0,0,0,0,0,30
AL042023,CINDY,17,20230624,1200,,TS,15.7N,52.5W,50,1004,50,40,0,40,30,0,0,0,0,0,0,0,30
AL042023,CINDY,17,20230624,1800,,TS,16.8N,53.9W,50,1005,60,40,0,0,40,0,0,0,0,0,0,0,40
AL042023,CINDY,17,20230625,0000,,TS,18.2N,55.2W,45,1006,60,40,0,0,0,0,0,0,0,0,0,0,40
AL042023,CINDY,17,20230625,0600,,TS,19.4N,56.4W,45,1007,60,40,0,0,0,0,0,0,0,0,0,0,40
AL042023,CINDY,17,20230625,1200,,TS,20.5N,57.6W,40,1009,60,40,0,0,0,0,0,0,0,0,0,0,50
AL042023,CINDY,17,20230625,1800,,TS,21.6N,58.8W,40,1010,60,0,0,0,0,0,0,0,0,0,0,0,60
AL042023,CINDY,17,20230626,0000,,TS,22.5N,59.9W,35,1011,60,0,0,0,0,0,0,0,0,0,0,0,60
AL052023,DON,58,20230711,1200,,LO,36.5N,55.5W,25,1013,0,0,0,0,0,0,0,0,0,0,0,0,180
AL052023,DON,58,20230711,1800,,LO,36.6N,55.0W,25,1013,0,0,0,0,0,0,0,0,0,0,0,0,180
AL052023,DON,58,20230712,0000,,LO,36.2N,54.4W,25,1011,0,0,0,0,0,0,0,0,0,0,0,0,180
AL052023,DON,58,20230712,0600,,LO,35.3N,53.6W,25,1009,0,0,0,0,0,0,0,0,0,0,0,0,180
AL052023,DON,58,20230712,1200,,LO,34.0N,52.6W,25,1009,0,0,0,0,0,0,0,0,0,0,0,0,180
AL052023,DON,58,20230712,1800,,LO,32.9N,51.9W,30,1008,0,0,0,0,0,0,0,0,0,0,0,0,180
AL052023,DON,58,20230713,0000,,LO,32.0N,51.0W,30,1007,0,0,0,0,0,0,0,0,0,0,0,0,180
AL052023,DON,58,20230713,0600,,LO,31.3N,50.2W,30,1006,0,0,0,0,0,0,0,0,0,0,0,0,180
AL052023,DON,58,20230713,1200,,LO,31.2N,48.7W,35,1004,0,180,0,0,0,0,0,0,0,0,0,0,150
AL052023,DON,58,20230713,1800,,LO,31.7N,47.3W,40,1003,120,180,0,0,0,0,0,0,0,0,0,0,90
AL052023,DON,58,20230714,0000,,SS,32.5N,46.7W,45,1002,120,180,0,0,0,0,0,0,0,0,0,0,60
AL052023,DON,58,20230714,0600,,SS,32.9N,46.8W,45,1002,120,120,0,0,0,0,0,0,0,0,0,0,50
AL052023,DON,58,20230714,1200,,SS,33.4N,47.0W,40,1004,150,80,0,0,0,0,0,0,0,0,0,0,40
AL052023,DON,58,20230714,1800,,SS,33.8N,47.2W,40,1004,150,80,0,0,0,0,0,0,0,0,0,0,30
AL052023,DON,58,20230715,0000,,SS,34.3N,47.2W,40,1004,150,80,0,0,0,0,0,0,0,0,0,0,30
AL052023,DON,58,20230715,0600,,SS,35.3N,47.7W,40,1005,150,80,0,0,0,0,0,0,0,0,0,0,30
AL052023,DON,58,20230715,1200,,SS,36.2N,48.4W,40,1006,150,80,0,0,0,0,0,0,0,0,0,0,30
AL052023,DON,58,20230715,1800,,SS,37.1N,48.7W,35,1007,150,80,0,0,0,0,0,0,0,0,0,0,30
AL052023,DON,58,20230716,0000,,SS,37.8N,48.8W,35,1007,150,80,0,0,0,0,0,0,0,0,0,0,40
AL052023,DON,58,20230716,0600,,SS,38.4N,48.7W,35,1007,100,80,0,0,0,0,0,0,0,0,0,0,50
AL052023,DON,58,20230716,1200,,SD,38.9N,48.5W,30,1009,0,0,0,0,0,0,0,0,0,0,0,0,60
AL052023,DON,58,20230716,1800,,SD,39.4N,47.5W,30,1010,0,0,0,0,0,0,0,0,0,0,0,0,60
AL052023,DON,58,20230717,0000,,SD,39.5N,46.4W,30,1010,0,0,0,0,0,0,0,0,0,0,0,0,60
AL052023,DON,58,20230717,0600,,TD,39.3N,45.0W,30,1010,0,0,0,0,0,0,0,0,0,0,0,0,60
AL052023,DON,58,20230717,1200,,TD,38.9N,43.6W,30,1010,0,0,0,0,0,0,0,0,0,0,0,0,60
AL052023,DON,58,20230717,1800,,TD,38.4N,42.2W,30,1010,0,0,0,0,0,0,0,0,0,0,0,0,60
AL052023,DON,58,20230718,0000,,TS,37.8N,40.9W,35,1008,90,0,0,0,0,0,0,0,0,0,0,0,60
AL052023,DON,58,20230718,0600,,TS,36.8N,39.9W,35,1008,90,0,0,0,0,0,0,0,0,0,0,0,60
AL052023,DON,58,20230718,1200,,TS,36.0N,39.4W,35,1008,90,0,0,0,0,0,0,0,0,0,0,0,60
AL052023,DON,58,20230718,1800,,TS,35.3N,39.2W,35,1008,60,0,70,0,0,0,0,0,0,0,0,0,60
AL052023,DON,58,20230719,0000,,TS,34.6N,39.1W,35,1008,40,50,50,0,0,0,0,0,0,0,0,0,50
AL052023,DON,58,20230719,0600,,TS,34.2N,39.1W,35,1008,40,50,50,0,0,0,0,0,0,0,0,0,50
AL052023,DON,58,20230719,1200,,TS,33.9N,39.3W,35,1008,40,50,50,0,0,0,0,0,0,0,0,0,50
AL052023,DON,58,20230719,1800,,TS,33.8N,39.9W,40,1005,50,50,50,0,0,0,0,0,0,0,0,0,40
AL052023,DON,58,20230720,0000,,TS,33.8N,40.6W,45,1001,60,50,40,50,0,0,0,0,0,0,0,0,30
AL052023,DON,58,20230720,0600,,TS,34.0N,41.3W,45,1001,60,50,40,50,0,0,0,0,0,0,0,0,20
AL052023,DON,58,20230720,1200,,TS,34.3N,42.2W,40,1004,60,50,40,50,0,0,0,0,0,0,0,0,20
AL052023,DON,58,20230720,1800,,TS,34.5N,43.3W,40,1004,50,40,30,50,0,0,0,0,0,0,0,0,20
AL052023,DON,58,20230721,0000,,TS,34.6N,44.2W,40,1004,50,40,30,50,0,0,0,0,0,0,0,0,20
AL052023,DON,58,20230721,0600,,TS,35.0N,45.1W,40,1004,50,40,30,50,0,0,0,0,0,0,0,0,20
AL052023,DON,58,20230721,1200,,TS,35.4N,46.0W,45,1001,50,40,30,50,0,0,0,0,0,0,0,0,20
AL052023,DON,58,20230721,1800,,TS,36.2N,47.0W,45,1001,50,40,30,40,0,0,0,0,0,0,0,0,20
AL052023,DON,58,20230722,0000,,TS,36.9N,48.2W,45,1001,50,40,30,40,0,0,0,0,0,0,0,0,20
AL052023,DON,58,20230722,0600,,TS,37.7N,49.3W,45,1001,50,40,30,40,0,0,0,0,0,0,0,0,20
AL052023,DON,58,20230722,1200,,TS,38.5N,49.9W,55,995,50,40,30,40,20,0,0,20,0,0,0,0,20
AL052023,DON,58,20230722,1800,,HU,39.5N,50.1W,65,986,60,50,30,40,30,20,0,20,15,15,0,0,10
AL052023,DON,58,20230723,0000,,HU,40.7N,49.9W,65,986,60,80,50,40,40,50,0,20,15,15,0,0,10
AL052023,DON,58,20230723,0600,,TS,42.0N,49.4W,60,989,60,80,50,40,40,50,0,20,0,0,0,0,20
AL052023,DON,58,20230723,1200,,TS,43.3N,48.5W,55,992,60,80,50,40,40,50,0,20,0,0,0,0,20
AL052023,DON,58,20230723,1800,,TS,44.7N,47.3W,50,996,60,80,40,30,30,40,0,10,0,0,0,0,20
AL052023,DON,58,20230724,0000,,TS,45.9N,45.7W,45,1002,50,80,40,0,0,0,0,0,0,0,0,0,30
AL052023,DON,58,20230724,0600,,LO,46.7N,44.1W,40,1005,40,80,40,0,0,0,0,0,0,0,0,0,30
AL052023,DON,58,20230724,1200,,LO,47.3N,41.9W,40,1005,40,80,60,0,0,0,0,0,0,0,0,0,30
AL052023,DON,58,20230724,1800,,LO,47.8N,39.7W,40,1005,0,60,60,0,0,0,0,0,0,0,0,0,30
AL052023,DON,58,20230725,0000,,LO,48.5N,36.8W,35,1008,0,60,60,0,0,0,0,0,0,0,0,0,30
AL052023,DON,58,20230725,0600,,LO,49.1N,33.7W,35,1008,0,60,60,0,0,0,0,0,0,0,0,0,30
AL052023,DON,58,20230725,1200,,LO,49.8N,29.4W,30,1010,0,0,0,0,0,0,0,0,0,0,0,0,30
AL052023,DON,58,20230725,1800,,EX,50.4N,24.5W,30,1010,0,0,0,0,0,0,0,0,0,0,0,0,30
AL062023,GERT,67,20230819,0000,,LO,14.7N,46.6W,30,1008,0,0,0,0,0,0,0,0,0,0,0,0,70
AL062023,GERT,67,20230819,0600,,TD,15.4N,47.8W,30,1007,0,0,0,0,0,0,0,0,0,0,0,0,60
AL062023,GERT,67,20230819,1200,,TD,16.1N,48.8W,30,1006,0,0,0,0,0,0,0,0,0,0,0,0,40
AL062023,GERT,67,20230819,1800,,TD,16.6N,49.9W,30,1006,0,0,0,0,0,0,0,0,0,0,0,0,40
AL062023,GERT,67,20230820,0000,,TD,16.9N,51.1W,30,1006,0,0,0,0,0,0,0,0,0,0,0,0,40
AL062023,GERT,67,20230820,0600,,TD,16.8N,52.3W,30,1006,0,0,0,0,0,0,0,0,0,0,0,0,40
AL062023,GERT,67,20230820,1200,,TS,16.7N,53.3W,35,1005,40,0,0,0,0,0,0,0,0,0,0,0,40
AL062023,GERT,67,20230820,1800,,TS,16.6N,54.2W,35,1005,40,0,0,0,0,0,0,0,0,0,0,0,40
AL062023,GERT,67,20230821,0000,,TS,16.6N,55.1W,35,1005,60,0,0,0,0,0,0,0,0,0,0,0,40
AL062023,GERT,67,20230821,0600,,TS,16.6N,55.9W,35,1005,60,0,0,0,0,0,0,0,0,0,0,0,40
AL062023,GERT,67,20230821,1200,,TD,16.7N,56.6W,30,1006,0,0,0,0,0,0,0,0,0,0,0,0,50
AL062023,GERT,67,20230821,1800,,TD,16.9N,57.2W,25,1006,0,0,0,0,0,0,0,0,0,0,0,0,50
AL062023,GERT,67,20230822,0000,,TD,17.0N,57.9W,25,1006,0,0,0,0,0,0,0,0,0,0,0,0,50
AL062023,GERT,67,20230822,0600,,TD,17.1N,58.7W,25,1007,0,0,0,0,0,0,0,0,0,0,0,0,50
AL062023,GERT,67,20230822,1200,,LO,17.4N,59.5W,25,1008,0,0,0,0,0,0,0,0,0,0,0,0,50
AL062023,GERT,67,20230822,1800,,LO,17.7N,60.1W,25,1008,0,0,0,0,0,0,0,0,0,0,0,0,50
AL062023,GERT,67,20230823,0000,,LO,18.1N,60.2W,25,1008,0,0,0,0,0,0,0,0,0,0,0,0,50
AL062023,GERT,67,20230823,0600,,LO,18.3N,59.7W,25,1008,0,0,0,0,0,0,0,0,0,0,0,0,50
AL062023,GERT,67,20230823,1200,,LO,18.5N,59.2W,25,1009,0,0,0,0,0,0,0,0,0,0,0,0,60
AL062023,GERT,67,20230823,1800,,LO,18.3N,59.0W,25,1009,0,0,0,0,0,0,0,0,0,0,0,0,60
AL062023,GERT,67,20230824,0000,,LO,18.1N,58.9W,20,1010,0,0,0,0,0,0,0,0,0,0,0,0,60
AL062023,GERT,67,20230824,0600,,LO,17.7N,58.7W,20,1010,0,0,0,0,0,0,0,0,0,0,0,0,60
AL062023,GERT,67,20230824,1200,,LO,17.3N,58.5W,20,1010,0,0,0,0,0,0,0,0,0,0,0,0,60
AL062023,GERT,67,20230824,1800,,LO,16.9N,58.6W,20,1010,0,0,0,0,0,0,0,0,0,0,0,0,60
AL062023,GERT,67,20230825,0000,,LO,16.5N,58.8W,20,1010,0,0,0,0,0,0,0,0,0,0,0,0,60
AL062023,GERT,67,20230825,0600,,LO,16.1N,59.1W,20,1010,0,0,0,0,0,0,0,0,0,0,0,0,60
AL062023,GERT,67,20230825,1200,,LO,16.0N,59.3W,20,1010,0,0,0,0,0,0,0,0,0,0,0,0,60
AL062023,GERT,67,20230825,1800,,LO,16.0N,59.5W,20,1010,0,0,0,0,0,0,0,0,0,0,0,0,60
AL062023,GERT,67,20230826,0000,,LO,16.1N,59.7W,20,1010,0,0,0,0,0,0,0,0,0,0,0,0,60
AL062023,GERT,67,20230826,0600,,LO,16.3N,59.8W,25,1010,0,0,0,0,0,0,0,0,0,0,0,0,60
AL062023,GERT,67,20230826,1200,,DB,16.9N,59.7W,25,1010,0,0,0,0,0,0,0,0,0,0,0,0,60
AL062023,GERT,67,20230826,1800,,DB,17.8N,59.5W,25,1010,0,0,0,0,0,0,0,0,0,0,0,0,60
AL062023,GERT,67,20230827,0000,,DB,18.7N,59.4W,25,1010,0,0,0,0,0,0,0,0,0,0,0,0,60
AL062023,GERT,67,20230827,0600,,DB,19.4N,59.5W,25,1010,0,0,0,0,0,0,0,0,0,0,0,0,60
AL062023,GERT,67,20230827,1200,,DB,19.9N,59.6W,25,1010,0,0,0,0,0,0,0,0,0,0,0,0,60
AL062023,GERT,67,20230827,1800,,DB,20.2N,59.6W,25,1010,0,0,0,0,0,0,0,0,0,0,0,0,60
AL062023,GERT,67,20230828,0000,,DB,20.5N,59.6W,25,1010,0,0,0,0,0,0,0,0,0,0,0,0,60
AL062023,GERT,67,20230828,0600,,DB,20.8N,59.4W,25,1010,0,0,0,0,0,0,0,0,0,0,0,0,60
AL062023,GERT,67,20230828,1200,,DB,21.2N,59.2W,25,1010,0,0,0,0,0,0,0,0,0,0,0,0,60
AL062023,GERT,67,20230828,1800,,DB,21.6N,59.2W,25,1010,0,0,0,0,0,0,0,0,0,0,0,0,60
AL062023,GERT,67,20230829,0000,,DB,22.3N,59.4W,25,1011,0,0,0,0,0,0,0,0,0,0,0,0,60
AL062023,GERT,67,20230829,0600,,DB,23.0N,59.6W,25,1011,0,0,0,0,0,0,0,0,0,0,0,0,60
AL062023,GERT,67,20230829,1200,,DB,23.8N,59.6W,25,1012,0,0,0,0,0,0,0,0,0,0,0,0,60
AL062023,GERT,67,20230829,1800,,DB,24.6N,59.6W,25,1012,0,0,0,0,0,0,0,0,0,0,0,0,60
AL062023,GERT,67,20230830,0000,,DB,25.4N,59.3W,25,1012,0,0,0,0,0,0,0,0,0,0,0,0,60
AL062023,GERT,67,20230830,0600,,DB,26.2N,59.0W,25,1010,0,0,0,0,0,0,0,0,0,0,0,0,60
AL062023,GERT,67,20230830,1200,,DB,27.0N,58.7W,25,1010,0,0,0,0,0,0,0,0,0,0,0,0,60
AL062023,GERT,67,20230830,1800,,DB,27.5N,58.5W,25,1009,0,0,0,0,0,0,0,0,0,0,0,0,60
AL062023,GERT,67,20230831,0000,,LO,28.0N,58.3W,30,1009,0,0,0,0,0,0,0,0,0,0,0,0,60
AL062023,GERT,67,20230831,0600,,LO,28.4N,58.1W,30,1008,0,0,0,0,0,0,0,0,0,0,0,0,60
AL062023,GERT,67,20230831,1200,,LO,28.5N,57.6W,30,1008,0,0,0,0,0,0,0,0,0,0,0,0,50
AL062023,GERT,67,20230831,1800,,TD,28.6N,57.0W,30,1007,0,0,0,0,0,0,0,0,0,0,0,0,40
AL062023,GERT,67,20230901,0000,,TD,28.8N,56.4W,30,1006,0,0,0,0,0,0,0,0,0,0,0,0,30
AL062023,GERT,67,20230901,0600,,TD,28.8N,55.7W,30,1006,0,0,0,0,0,0,0,0,0,0,0,0,30
AL062023,GERT,67,20230901,1200,,TD,28.4N,55.2W,30,1006,0,0,0,0,0,0,0,0,0,0,0,0,30
AL062023,GERT,67,20230901,1800,,TS,27.9N,54.8W,35,1005,0,30,30,0,0,0,0,0,0,0,0,0,20
AL062023,GERT,67,20230902,0000,,TS,27.7N,54.6W,35,1005,0,30,30,0,0,0,0,0,0,0,0,0,20
AL062023,GERT,67,20230902,0600,,TS,27.6N,54.4W,40,1003,20,40,40,0,0,0,0,0,0,0,0,0,20
AL062023,GERT,67,20230902,1200,,TS,27.7N,54.1W,45,999,20,50,40,0,0,0,0,0,0,0,0,0,20
AL062023,GERT,67,20230902,1800,,TS,28.1N,53.8W,45,999,30,50,40,0,0,0,0,0,0,0,0,0,20
AL062023,GERT,67,20230903,0000,,TS,28.6N,53.5W,50,998,30,50,40,0,0,30,0,0,0,0,0,0,20
AL062023,GERT,67,20230903,0600,,TS,29.3N,53.0W,50,998,30,50,40,0,0,30,0,0,0,0,0,0,20
AL062023,GERT,67,20230903,1200,,TS,30.4N,52.4W,50,998,30,50,40,0,0,30,0,0,0,0,0,0,20
AL062023,GERT,67,20230903,1800,,TS,31.9N,51.6W,45,999,30,50,30,0,0,0,0,0,0,0,0,0,20
AL062023,GERT,67,20230904,0000,,TS,33.9N,50.9W,45,1000,40,50,30,0,0,0,0,0,0,0,0,0,20
AL062023,GERT,67,20230904,0600,,TS,36.5N,50.7W,45,1000,40,60,30,0,0,0,0,0,0,0,0,0,20
AL062023,GERT,67,20230904,1200,,LO,39.4N,50.8W,40,1001,40,60,0,0,0,0,0,0,0,0,0,0,20
AL072023,EMILY,28,20230818,1200,,LO,15.4N,32.9W,30,1009,0,0,0,0,0,0,0,0,0,0,0,0,100
AL072023,EMILY,28,20230818,1800,,LO,15.5N,33.9W,30,1008,0,0,0,0,0,0,0,0,0,0,0,0,90
AL072023,EMILY,28,20230819,0000,,LO,15.6N,34.8W,30,1007,0,0,0,0,0,0,0,0,0,0,0,0,90
AL072023,EMILY,28,20230819,0600,,LO,15.8N,35.3W,30,1006,0,0,0,0,0,0,0,0,0,0,0,0,90
AL072023,EMILY,28,20230819,1200,,LO,16.4N,35.7W,30,1006,0,0,0,0,0,0,0,0,0,0,0,0,90
AL072023,EMILY,28,20230819,1800,,LO,17.2N,36.1W,30,1006,0,0,0,0,0,0,0,0,0,0,0,0,80
AL072023,EMILY,28,20230820,0000,,TS,18.0N,36.7W,35,1004,100,0,0,80,0,0,0,0,0,0,0,0,70
AL072023,EMILY,28,20230820,0600,,TS,18.8N,37.5W,40,1001,120,0,0,100,0,0,0,0,0,0,0,0,60
AL072023,EMILY,28,20230820,1200,,TS,19.4N,38.3W,45,998,150,0,0,120,0,0,0,0,0,0,0,0,50
AL072023,EMILY,28,20230820,1800,,TS,20.0N,39.0W,45,998,180,0,0,120,0,0,0,0,0,0,0,0,50
AL072023,EMILY,28,20230821,0000,,TS,20.3N,39.8W,40,1000,180,0,0,120,0,0,0,0,0,0,0,0,50
AL072023,EMILY,28,20230821,0600,,LO,20.6N,40.6W,35,1003,150,0,0,0,0,0,0,0,0,0,0,0,50
AL072023,EMILY,28,20230821,1200,,LO,21.0N,41.4W,35,1004,120,0,0,0,0,0,0,0,0,0,0,0,50
AL072023,EMILY,28,20230821,1800,,LO,21.4N,42.2W,30,1005,0,0,0,0,0,0,0,0,0,0,0,0,50
AL072023,EMILY,28,20230822,0000,,LO,21.9N,43.1W,30,1006,0,0,0,0,0,0,0,0,0,0,0,0,50
AL072023,EMILY,28,20230822,0600,,LO,22.5N,44.1W,30,1006,0,0,0,0,0,0,0,0,0,0,0,0,50
AL072023,EMILY,28,20230822,1200,,LO,23.4N,45.1W,30,1006,0,0,0,0,0,0,0,0,0,0,0,0,60
AL072023,EMILY,28,20230822,1800,,LO,24.4N,46.1W,30,1006,0,0,0,0,0,0,0,0,0,0,0,0,60
AL072023,EMILY,28,20230823,0000,,LO,25.3N,47.2W,35,1006,80,0,0,60,0,0,0,0,0,0,0,0,60
AL072023,EMILY,28,20230823,0600,,LO,26.1N,48.4W,35,1006,80,0,0,60,0,0,0,0,0,0,0,0,60
AL072023,EMILY,28,20230823,1200,,LO,26.9N,49.2W,35,1006,60,0,0,0,0,0,0,0,0,0,0,0,50
AL072023,EMILY,28,20230823,1800,,LO,27.8N,49.6W,35,1006,60,0,0,0,0,0,0,0,0,0,0,0,50
AL072023,EMILY,28,20230824,0000,,LO,28.6N,49.6W,35,1006,60,0,0,0,0,0,0,0,0,0,0,0,50
AL072023,EMILY,28,20230824,0600,,LO,29.3N,49.2W,35,1006,60,60,0,0,0,0,0,0,0,0,0,0,50
AL072023,EMILY,28,20230824,1200,,LO,29.8N,48.9W,35,1008,60,60,0,0,0,0,0,0,0,0,0,0,50
AL072023,EMILY,28,20230824,1800,,LO,30.5N,48.7W,30,1010,0,0,0,0,0,0,0,0,0,0,0,0,50
AL072023,EMILY,28,20230825,0000,,LO,31.4N,48.6W,30,1010,0,0,0,0,0,0,0,0,0,0,0,0,50
AL072023,EMILY,28,20230825,0600,,LO,32.4N,48.6W,30,1010,0,0,0,0,0,0,0,0,0,0,0,0,50
AL082023,FRANKLIN,86,20230819,1800,,LO,12.8N,60.5W,25,1006,0,0,0,0,0,0,0,0,0,0,0,0,90
AL082023,FRANKLIN,86,20230820,0000,,LO,13.1N,62.1W,25,1006,0,0,0,0,0,0,0,0,0,0,0,0,90
AL082023,FRANKLIN,86,20230820,0600,,TD,13.5N,63.7W,30,1004,0,0,0,0,0,0,0,0,0,0,0,0,30
AL082023,FRANKLIN,86,20230820,1200,,TS,14.0N,65.2W,35,1002,30,0,0,30,0,0,0,0,0,0,0,0,30
AL082023,FRANKLIN,86,20230820,1800,,TS,14.5N,66.6W,40,1001,50,0,0,40,0,0,0,0,0,0,0,0,25
AL082023,FRANKLIN,86,20230821,0000,,TS,14.8N,67.9W,45,999,50,0,0,40,0,0,0,0,0,0,0,0,25
AL082023,FRANKLIN,86,20230821,0600,,TS,14.8N,68.8W,45,999,50,0,0,40,0,0,0,0,0,0,0,0,25
AL082023,FRANKLIN,86,20230821,1200,,TS,14.6N,69.5W,45,999,50,0,0,40,0,0,0,0,0,0,0,0,30
AL082023,FRANKLIN,86,20230821,1800,,TS,14.1N,70.0W,45,1002,50,60,0,40,0,0,0,0,0,0,0,0,30
AL082023,FRANKLIN,86,20230822,0000,,TS,14.0N,70.4W,45,1002,50,60,0,40,0,0,0,0,0,0,0,0,40
AL082023,FRANKLIN,86,20230822,0600,,TS,14.1N,70.9W,40,1002,50,60,0,40,0,0,0,0,0,0,0,0,50
AL082023,FRANKLIN,86,20230822,1200,,TS,14.8N,71.1W,40,1003,50,60,0,40,0,0,0,0,0,0,0,0,50
AL082023,FRANKLIN,86,20230822,1800,,TS,15.6N,71.3W,35,1003,90,90,0,0,0,0,0,0,0,0,0,0,70
AL082023,FRANKLIN,86,20230823,0000,,TS,16.5N,71.4W,35,1003,90,90,0,0,0,0,0,0,0,0,0,0,70
AL082023,FRANKLIN,86,20230823,0600,,TS,17.3N,71.4W,40,1003,100,100,0,0,0,0,0,0,0,0,0,0,70
AL082023,FRANKLIN,86,20230823,1000,L,TS,17.9N,71.2W,40,1003,100,100,0,0,0,0,0,0,0,0,0,0,70
AL082023,FRANKLIN,86,20230823,1200,,TS,18.3N,71.1W,40,1005,90,90,0,0,0,0,0,0,0,0,0,0,70
AL082023,FRANKLIN,86,20230823,1800,,TS,19.4N,70.8W,35,1004,90,90,0,0,0,0,0,0,0,0,0,0,70
AL082023,FRANKLIN,86,20230824,0000,,TS,20.6N,70.6W,40,1005,90,60,0,0,0,0,0,0,0,0,0,0,25
AL082023,FRANKLIN,86,20230824,0600,,TS,21.6N,70.5W,45,1001,90,60,0,0,0,0,0,0,0,0,0,0,25
AL082023,FRANKLIN,86,20230824,1200,,TS,22.0N,70.0W,50,998,90,100,0,0,0,60,0,0,0,0,0,0,30
AL082023,FRANKLIN,86,20230824,1800,,TS,22.2N,69.3W,50,1000,90,100,0,30,30,60,0,0,0,0,0,0,40
AL082023,FRANKLIN,86,20230825,0000,,TS,22.4N,68.5W,50,1000,80,90,0,30,30,40,0,0,0,0,0,0,40
AL082023,FRANKLIN,86,20230825,0600,,TS,22.2N,68.1W,50,1000,80,90,0,30,30,40,0,0,0,0,0,0,40
AL082023,FRANKLIN,86,20230825,1200,,TS,21.9N,67.9W,45,1003,80,100,0,30,0,0,0,0,0,0,0,0,40
AL082023,FRANKLIN,86,20230825,1800,,TS,21.8N,67.3W,45,1003,80,100,0,30,0,0,0,0,0,0,0,0,40
AL082023,FRANKLIN,86,20230826,0000,,TS,22.2N,66.5W,50,1002,80,100,30,30,30,30,0,0,0,0,0,0,30
AL082023,FRANKLIN,86,20230826,0600,,TS,22.6N,66.0W,55,992,100,100,30,60,40,30,0,0,0,0,0,0,20
AL082023,FRANKLIN,86,20230826,1200,,HU,23.2N,66.5W,65,989,120,100,30,70,50,30,0,30,15,0,0,0,15
AL082023,FRANKLIN,86,20230826,1800,,HU,23.5N,67.3W,70,982,120,100,30,70,50,30,0,30,20,0,0,0,15
AL082023,FRANKLIN,86,20230827,0000,,HU,23.9N,67.9W,75,977,120,100,50,80,40,30,20,30,20,10,0,0,15
AL082023,FRANKLIN,86,20230827,0600,,HU,24.4N,68.5W,75,973,120,100,50,80,40,30,20,30,20,10,0,10,10
AL082023,FRANKLIN,86,20230827,1200,,HU,24.9N,69.1W,80,970,120,100,60,80,40,30,20,30,20,10,0,10,10
AL082023,FRANKLIN,86,20230827,1800,,HU,25.5N,69.7W,80,967,120,100,70,80,50,30,30,30,20,10,10,10,10
AL082023,FRANKLIN,86,20230828,0000,,HU,26.0N,70.3W,85,964,120,110,80,80,40,30,30,40,20,20,10,20,10
AL082023,FRANKLIN,86,20230828,0600,,HU,26.7N,70.6W,100,951,130,110,100,80,50,40,30,40,25,20,10,20,10
AL082023,FRANKLIN,86,20230828,1200,,HU,27.5N,70.9W,125,937,130,110,110,80,60,40,40,40,30,20,20,20,10
AL082023,FRANKLIN,86,20230828,1800,,HU,28.2N,71.1W,125,931,130,120,110,80,60,40,40,40,30,25,20,20,10
AL082023,FRANKLIN,86,20230829,0000,,HU,28.9N,71.1W,130,926,130,120,80,90,70,40,40,40,30,25,20,20,5
AL082023,FRANKLIN,86,20230829,0600,,HU,29.7N,71.0W,120,935,130,120,80,90,70,40,40,40,30,25,20,20,5
AL082023,FRANKLIN,86,20230829,1200,,HU,30.3N,70.7W,115,941,130,120,80,90,70,40,40,40,30,25,20,20,20
AL082023,FRANKLIN,86,20230829,1800,,HU,31.1N,70.2W,110,947,130,120,80,90,70,40,40,40,30,25,20,20,20
AL082023,FRANKLIN,86,20230830,0000,,HU,31.8N,69.5W,100,953,130,120,80,90,70,40,40,40,30,25,20,20,25
AL082023,FRANKLIN,86,20230830,0600,,HU,32.6N,68.7W,95,956,130,140,120,80,70,80,70,50,35,40,25,20,30
AL082023,FRANKLIN,86,20230830,1200,,HU,33.2N,67.8W,95,958,130,140,120,90,70,80,70,50,35,40,25,20,30
AL082023,FRANKLIN,86,20230830,1800,,HU,33.9N,66.7W,90,960,120,150,130,90,70,80,70,50,35,40,25,20,25
AL082023,FRANKLIN,86,20230831,0000,,HU,34.4N,65.2W,90,961,120,150,130,90,70,80,70,50,35,40,25,20,25
AL082023,FRANKLIN,86,20230831,0600,,HU,34.7N,63.9W,85,963,120,150,130,90,70,80,70,50,40,50,35,20,20
AL082023,FRANKLIN,86,20230831,1200,,HU,35.1N,62.6W,85,964,120,140,140,80,80,80,70,40,40,50,40,20,20
AL082023,FRANKLIN,86,20230831,1800,,HU,35.6N,61.1W,80,969,120,140,140,80,80,80,70,40,40,50,40,20,30
AL082023,FRANKLIN,86,20230901,0000,,HU,36.4N,59.7W,75,975,120,140,140,80,80,80,70,40,40,50,40,20,30
AL082023,FRANKLIN,86,20230901,0600,,HU,37.4N,58.2W,70,978,110,150,130,150,70,80,70,60,40,40,40,30,40
AL082023,FRANKLIN,86,20230901,1200,,HU,38.2N,56.6W,65,982,100,160,120,220,50,90,80,80,30,30,50,50,50
AL082023,FRANKLIN,86,20230901,1800,,EX,38.8N,54.6W,70,979,180,200,150,230,50,90,80,80,30,30,50,50,50
AL082023,FRANKLIN,86,20230902,0000,,EX,39.6N,52.0W,70,979,270,240,180,240,60,100,100,90,0,40,50,50,50
AL082023,FRANKLIN,86,20230902,0600,,EX,41.2N,48.8W,70,980,270,240,180,240,60,100,100,90,0,40,50,50,50
AL082023,FRANKLIN,86,20230902,1200,,EX,43.0N,45.9W,65,981,270,240,210,180,90,110,90,90,0,0,60,60,60
AL082023,FRANKLIN,86,20230902,1800,,EX,44.8N,43.4W,65,982,280,250,200,180,120,120,90,100,0,0,70,70,70
AL082023,FRANKLIN,86,20230903,0000,,EX,45.8N,41.0W,65,984,280,250,200,200,120,120,120,90,0,90,90,0,80
AL082023,FRANKLIN,86,20230903,0600,,EX,46.4N,38.7W,60,986,200,250,200,180,60,90,100,100,0,0,0,0,80
AL082023,FRANKLIN,86,20230903,1200,,EX,47.0N,36.2W,55,988,130,250,220,180,0,60,100,100,0,0,0,0,70
AL082023,FRANKLIN,86,20230903,1800,,EX,47.7N,33.4W,55,990,130,250,220,180,0,60,100,100,0,0,0,0,40
AL082023,FRANKLIN,86,20230904,0000,,EX,47.8N,30.8W,50,991,130,180,220,180,0,60,80,0,0,0,0,0,60
AL082023,FRANKLIN,86,20230904,0600,,EX,47.5N,28.6W,45,993,130,180,200,210,0,0,0,0,0,0,0,0,60
AL082023,FRANKLIN,86,20230904,1200,,EX,47.1N,27.3W,40,994,0,0,200,240,0,0,0,0,0,0,0,0,80
AL082023,FRANKLIN,86,20230904,1800,,EX,46.7N,26.8W,40,995,0,0,210,210,0,0,0,0,0,0,0,0,100
AL082023,FRANKLIN,86,20230905,0000,,EX,46.0N,26.6W,40,995,0,0,210,210,0,0,0,0,0,0,0,0,100
AL082023,FRANKLIN,86,20230905,0600,,EX,44.6N,26.3W,40,995,0,0,210,150,0,0,0,0,0,0,0,0,100
AL082023,FRANKLIN,86,20230905,1200,,EX,42.8N,25.4W,40,995,0,0,210,120,0,0,0,0,0,0,0,0,100
AL082023,FRANKLIN,86,20230905,1800,,EX,41.0N,23.8W,40,995,0,0,180,120,0,0,0,0,0,0,0,0,100
AL082023,FRANKLIN,86,20230906,0000,,EX,40.1N,21.6W,35,995,0,120,150,0,0,0,0,0,0,0,0,0,100
AL082023,FRANKLIN,86,20230906,0600,,EX,40.1N,19.4W,35,995,0,120,150,0,0,0,0,0,0,0,0,0,100
AL082023,FRANKLIN,86,20230906,1200,,EX,41.3N,17.7W,40,993,0,120,150,0,0,0,0,0,0,0,0,0,70
AL082023,FRANKLIN,86,20230906,1800,,EX,43.3N,16.5W,45,992,60,120,90,0,0,0,0,0,0,0,0,0,50
AL082023,FRANKLIN,86,20230907,0000,,EX,45.4N,16.0W,50,991,120,90,30,60,30,30,0,0,0,0,0,0,30
AL082023,FRANKLIN,86,20230907,0600,,EX,46.8N,16.1W,50,991,120,90,30,60,30,30,0,0,0,0,0,0,30
AL082023,FRANKLIN,86,20230907,1200,,EX,47.7N,16.3W,45,993,120,90,30,60,0,0,0,0,0,0,0,0,30
AL082023,FRANKLIN,86,20230907,1800,,EX,48.5N,16.5W,40,996,0,80,0,0,0,0,0,0,0,0,0,0,30
AL082023,FRANKLIN,86,20230908,0000,,EX,48.5N,17.2W,35,998,0,80,0,0,0,0,0,0,0,0,0,0,30
AL082023,FRANKLIN,86,20230908,0600,,EX,48.3N,17.8W,30,1001,0,0,0,0,0,0,0,0,0,0,0,0,30
AL082023,FRANKLIN,86,20230908,1200,,EX,47.9N,18.5W,30,1004,0,0,0,0,0,0,0,0,0,0,0,0,30
AL082023,FRANKLIN,86,20230908,1800,,EX,47.2N,18.9W,30,1006,0,0,0,0,0,0,0,0,0,0,0,0,30
AL082023,FRANKLIN,86,20230909,0000,,EX,46.3N,19.1W,30,1007,0,0,0,0,0,0,0,0,0,0,0,0,30
AL082023,FRANKLIN,86,20230909,0600,,EX,45.3N,19.4W,30,1007,0,0,0,0,0,0,0,0,0,0,0,0,30
AL082023,FRANKLIN,86,20230909,1200,,EX,44.1N,19.8W,25,1008,0,0,0,0,0,0,0,0,0,0,0,0,30
AL082023,FRANKLIN,86,20230909,1800,,EX,43.1N,20.3W,25,1008,0,0,0,0,0,0,0,0,0,0,0,0,30
AL092023,HAROLD,10,20230821,1200,,DB,24.7N,89.2W,25,1008,0,0,0,0,0,0,0,0,0,0,0,0,90
AL092023,HAROLD,10,20230821,1800,,TD,25.0N,90.8W,30,1008,0,0,0,0,0,0,0,0,0,0,0,0,90
AL092023,HAROLD,10,20230822,0000,,TD,25.4N,92.4W,30,1008,0,0,0,0,0,0,0,0,0,0,0,0,70
AL092023,HAROLD,10,20230822,0600,,TS,25.8N,94.3W,40,1003,100,30,0,60,0,0,0,0,0,0,0,0,50
AL092023,HAROLD,10,20230822,1200,,TS,26.8N,96.4W,50,996,100,30,0,60,30,0,0,0,0,0,0,0,30
AL092023,HAROLD,10,20230822,1500,L,TS,27.1N,97.4W,50,995,100,30,0,60,30,0,0,0,0,0,0,0,30
AL092023,HAROLD,10,20230822,1800,,TS,27.3N,98.3W,40,997,100,0,0,0,0,0,0,0,0,0,0,0,30
AL092023,HAROLD,10,20230823,0000,,TD,27.7N,100.1W,30,1002,0,0,0,0,0,0,0,0,0,0,0,0,40
AL092023,HAROLD,10,20230823,0600,,TD,28.5N,101.7W,25,1007,0,0,0,0,0,0,0,0,0,0,0,0,50
AL092023,HAROLD,10,20230823,1200,,LO,29.7N,103.3W,20,1011,0,0,0,0,0,0,0,0,0,0,0,0,50
AL102023,IDALIA,54,20230826,1200,,TD,20.8N,86.1W,25,1006,0,0,0,0,0,0,0,0,0,0,0,0,90
AL102023,IDALIA,54,20230826,1800,,TD,21.3N,86.2W,25,1006,0,0,0,0,0,0,0,0,0,0,0,0,70
AL102023,IDALIA,54,20230827,0000,,TD,21.1N,86.4W,30,1004,0,0,0,0,0,0,0,0,0,0,0,0,40
AL102023,IDALIA,54,20230827,0600,L,TD,20.5N,86.8W,30,1002,0,0,0,0,0,0,0,0,0,0,0,0,20
AL102023,IDALIA,54,20230827,1200,,TS,19.9N,86.3W,35,999,0,60,0,0,0,0,0,0,0,0,0,0,20
AL102023,IDALIA,54,20230827,1800,,TS,19.9N,85.8W,40,996,0,60,0,0,0,0,0,0,0,0,0,0,20
AL102023,IDALIA,54,20230828,0000,,TS,19.8N,85.4W,45,992,40,80,20,0,0,0,0,0,0,0,0,0,20
AL102023,IDALIA,54,20230828,0600,,TS,19.9N,85.2W,55,989,60,80,20,0,20,20,0,0,0,0,0,0,20
AL102023,IDALIA,54,20230828,1200,,TS,20.6N,85.2W,55,989,70,100,40,30,30,30,0,0,0,0,0,0,20
AL102023,IDALIA,54,20230828,1800,,TS,21.2N,85.2W,60,986,80,120,50,50,30,40,20,20,0,0,0,0,20
AL102023,IDALIA,54,20230829,0000,,TS,21.8N,85.1W,60,984,90,130,50,50,30,40,20,20,0,0,0,0,20
AL102023,IDALIA,54,20230829,0600,,HU,22.6N,85.0W,65,981,110,140,50,50,40,40,20,20,15,15,0,0,15
AL102023,IDALIA,54,20230829,1200,,HU,23.8N,84.8W,70,978,120,140,50,60,50,40,20,30,20,15,0,10,15
AL102023,IDALIA,54,20230829,1800,,HU,25.3N,84.8W,80,973,120,140,50,60,50,40,20,30,20,15,10,10,15
AL102023,IDALIA,54,20230830,0000,,HU,26.9N,84.7W,90,965,120,140,50,60,50,40,20,30,20,15,10,10,10
AL102023,IDALIA,54,20230830,0600,,HU,28.3N,84.5W,105,945,120,150,60,60,60,50,30,40,20,20,15,10,10
AL102023,IDALIA,54,20230830,0900,I,HU,29.1N,84.1W,115,942,130,150,70,60,60,50,30,40,20,20,15,10,10
AL102023,IDALIA,54,20230830,1145,L,HU,29.9N,83.6W,100,950,130,180,50,60,60,50,30,40,20,20,15,10,10
AL102023,IDALIA,54,20230830,1200,,HU,30.0N,83.5W,100,954,140,180,50,60,50,50,30,40,20,20,15,10,10
AL102023,IDALIA,54,20230830,1800,,TS,31.5N,82.5W,60,981,140,180,60,50,40,40,30,30,0,0,0,0,20
AL102023,IDALIA,54,20230831,0000,,TS,32.7N,80.9W,50,985,140,180,50,50,40,40,0,0,0,0,0,0,40
AL102023,IDALIA,54,20230831,0600,,TS,33.5N,78.9W,50,990,160,180,70,40,0,50,0,0,0,0,0,0,40
AL102023,IDALIA,54,20230831,1200,,EX,33.7N,77.0W,55,990,180,180,160,100,0,0,40,40,0,0,0,0,40
AL102023,IDALIA,54,20230831,1800,,EX,33.6N,74.6W,55,993,200,180,160,180,0,0,60,80,0,0,0,0,40
AL102023,IDALIA,54,20230901,0000,,EX,33.4N,72.3W,55,996,200,160,180,200,0,0,60,100,0,0,0,0,60
AL102023,IDALIA,54,20230901,0600,,EX,32.7N,70.5W,50,997,200,160,180,200,0,0,80,100,0,0,0,0,80
AL102023,IDALIA,54,20230901,1200,,EX,32.3N,68.8W,50,998,200,150,180,200,0,0,0,120,0,0,0,0,100
AL102023,IDALIA,54,20230901,1800,,EX,32.1N,67.1W,50,999,210,120,180,190,0,0,0,90,0,0,0,0,100
AL102023,IDALIA,54,20230902,0000,,EX,31.9N,65.7W,50,999,180,150,180,190,0,0,0,90,0,0,0,0,100
AL102023,IDALIA,54,20230902,0600,,EX,31.8N,64.7W,50,999,180,140,160,190,0,0,0,90,0,0,0,0,80
AL102023,IDALIA,54,20230902,1200,,EX,31.8N,63.9W,50,998,180,0,120,180,0,0,0,90,0,0,0,0,90
AL102023,IDALIA,54,20230902,1800,,EX,31.8N,63.1W,50,997,180,0,120,170,0,0,0,80,0,0,0,0,80
AL102023,IDALIA,54,20230903,0000,,EX,32.0N,62.2W,50,996,180,0,120,170,0,0,0,80,0,0,0,0,80
AL102023,IDALIA,54,20230903,0600,,EX,32.5N,61.3W,50,994,180,0,120,170,0,0,0,80,0,0,0,0,80
AL102023,IDALIA,54,20230903,1200,,EX,33.4N,60.5W,50,992,180,0,120,170,0,0,0,80,0,0,0,0,80
AL102023,IDALIA,54,20230903,1800,,EX,34.9N,59.7W,55,990,180,0,120,170,0,0,0,80,0,0,0,0,80
AL102023,IDALIA,54,20230904,0000,,EX,36.2N,58.9W,60,988,180,0,120,170,0,0,0,80,0,0,0,0,80
AL102023,IDALIA,54,20230904,0600,,EX,37.6N,58.0W,60,985,180,0,120,170,0,0,0,80,0,0,0,0,80
AL102023,IDALIA,54,20230904,1200,,EX,39.2N,57.5W,55,985,210,180,180,240,0,0,90,80,0,0,0,0,90
AL102023,IDALIA,54,20230904,1800,,EX,40.5N,57.9W,55,986,210,180,180,240,0,0,90,80,0,0,0,0,80
AL102023,IDALIA,54,20230905,0000,,EX,41.1N,58.7W,50,986,180,220,180,180,0,0,70,0,0,0,0,0,50
AL102023,IDALIA,54,20230905,0600,,EX,41.6N,59.1W,50,986,180,220,180,180,0,0,70,0,0,0,0,0,50
AL102023,IDALIA,54,20230905,1200,,EX,42.2N,59.3W,45,986,100,180,200,80,0,0,0,0,0,0,0,0,120
AL102023,IDALIA,54,20230905,1800,,EX,42.6N,59.8W,40,987,100,180,200,80,0,0,0,0,0,0,0,0,120
AL102023,IDALIA,54,20230906,0000,,EX,42.6N,60.5W,35,988,50,180,180,60,0,0,0,0,0,0,0,0,120
AL102023,IDALIA,54,20230906,0600,,EX,42.6N,61.4W,35,991,50,180,180,60,0,0,0,0,0,0,0,0,120
AL102023,IDALIA,54,20230906,1200,,EX,42.6N,62.0W,35,992,50,180,180,60,0,0,0,0,0,0,0,0,120
AL102023,IDALIA,54,20230906,1800,,EX,42.6N,62.8W,35,994,50,180,180,60,0,0,0,0,0,0,0,0,120
AL102023,IDALIA,54,20230907,0000,,EX,42.9N,62.9W,30,996,0,0,0,0,0,0,0,0,0,0,0,0,120
AL102023,IDALIA,54,20230907,0600,,EX,43.0N,62.1W,30,998,0,0,0,0,0,0,0,0,0,0,0,0,90
AL102023,IDALIA,54,20230907,1200,,EX,43.2N,61.1W,30,1000,0,0,0,0,0,0,0,0,0,0,0,0,40
AL102023,IDALIA,54,20230907,1800,,EX,43.6N,60.1W,30,1001,0,0,0,0,0,0,0,0,0,0,0,0,40
AL102023,IDALIA,54,20230908,0000,,EX,44.3N,59.3W,30,1002,0,0,0,0,0,0,0,0,0,0,0,0,40
AL102023,IDALIA,54,20230908,0600,,EX,45.2N,58.3W,30,1003,0,0,0,0,0,0,0,0,0,0,0,0,40
AL112023,JOSE,16,20230829,0000,,TD,27.7N,51.7W,30,1014,0,0,0,0,0,0,0,0,0,0,0,0,30
AL112023,JOSE,16,20230829,0600,,TD,27.7N,51.5W,30,1013,0,0,0,0,0,0,0,0,0,0,0,0,30
AL112023,JOSE,16,20230829,1200,,TD,27.9N,51.5W,30,1012,0,0,0,0,0,0,0,0,0,0,0,0,30
AL112023,JOSE,16,20230829,1800,,TD,28.0N,51.8W,30,1012,0,0,0,0,0,0,0,0,0,0,0,0,30
AL112023,JOSE,16,20230830,0000,,TD,28.0N,52.1W,30,1011,0,0,0,0,0,0,0,0,0,0,0,0,30
AL112023,JOSE,16,20230830,0600,,TD,28.1N,52.1W,30,1010,0,0,0,0,0,0,0,0,0,0,0,0,30
AL112023,JOSE,16,20230830,1200,,TD,28.1N,52.1W,30,1010,0,0,0,0,0,0,0,0,0,0,0,0,30
AL112023,JOSE,16,20230830,1800,,TD,28.2N,52.1W,30,1010,0,0,0,0,0,0,0,0,0,0,0,0,25
AL112023,JOSE,16,20230831,0000,,TS,28.3N,52.1W,35,1009,40,20,0,0,0,0,0,0,0,0,0,0,20
AL112023,JOSE,16,20230831,0600,,TS,28.6N,52.1W,40,1006,40,20,0,0,0,0,0,0,0,0,0,0,15
AL112023,JOSE,16,20230831,1200,,TS,29.3N,52.1W,45,1004,30,20,0,0,0,0,0,0,0,0,0,0,10
AL112023,JOSE,16,20230831,1800,,TS,30.4N,52.3W,50,999,30,30,20,20,20,20,0,0,0,0,0,0,5
AL112023,JOSE,16,20230901,0000,,TS,31.6N,52.5W,55,996,30,30,20,20,20,20,0,0,0,0,0,0,5
AL112023,JOSE,16,20230901,0600,,TS,32.9N,52.4W,55,996,30,30,20,20,20,20,0,0,0,0,0,0,10
AL112023,JOSE,16,20230901,1200,,TS,34.9N,51.4W,50,997,40,40,0,0,0,20,0,0,0,0,0,0,20
AL112023,JOSE,16,20230901,1800,,TS,37.4N,49.8W,50,997,60,60,0,0,0,20,0,0,0,0,0,0,20
AL122023,KATIA,67,20230830,0000,,LO,14.9N,21.3W,25,1008,0,0,0,0,0,0,0,0,0,0,0,0,90
AL122023,KATIA,67,20230830,0600,,LO,15.2N,22.4W,25,1007,0,0,0,0,0,0,0,0,0,0,0,0,80
AL122023,KATIA,67,20230830,1200,,LO,15.4N,23.4W,25,1007,0,0,0,0,0,0,0,0,0,0,0,0,70
AL122023,KATIA,67,20230830,1800,,LO,15.5N,24.1W,25,1007,0,0,0,0,0,0,0,0,0,0,0,0,60
AL122023,KATIA,67,20230831,0000,,LO,15.8N,24.8W,25,1007,0,0,0,0,0,0,0,0,0,0,0,0,60
AL122023,KATIA,67,20230831,0600,,LO,16.1N,25.5W,25,1007,0,0,0,0,0,0,0,0,0,0,0,0,60
AL122023,KATIA,67,20230831,1200,,LO,16.5N,26.2W,30,1006,0,0,0,0,0,0,0,0,0,0,0,0,60
AL122023,KATIA,67,20230831,1800,,TD,17.0N,27.0W,30,1006,0,0,0,0,0,0,0,0,0,0,0,0,50
AL122023,KATIA,67,20230901,0000,,TD,17.7N,27.6W,30,1006,0,0,0,0,0,0,0,0,0,0,0,0,50
AL122023,KATIA,67,20230901,0600,,TD,18.5N,27.9W,30,1006,0,0,0,0,0,0,0,0,0,0,0,0,50
AL122023,KATIA,67,20230901,1200,,TD,19.3N,28.1W,30,1006,0,0,0,0,0,0,0,0,0,0,0,0,50
AL122023,KATIA,67,20230901,1800,,TD,20.2N,28.3W,30,1006,0,0,0,0,0,0,0,0,0,0,0,0,50
AL122023,KATIA,67,20230902,0000,,TS,21.1N,28.5W,35,1005,40,0,0,0,0,0,0,0,0,0,0,0,40
AL122023,KATIA,67,20230902,0600,,TS,22.3N,28.8W,40,1004,70,40,0,40,0,0,0,0,0,0,0,0,30
AL122023,KATIA,67,20230902,1200,,TS,23.5N,29.4W,45,1000,100,70,0,80,0,0,0,0,0,0,0,0,30
AL122023,KATIA,67,20230902,1800,,TS,24.5N,30.1W,50,998,100,70,0,80,30,0,0,0,0,0,0,0,30
AL122023,KATIA,67,20230903,0000,,TS,25.3N,30.9W,45,1000,70,50,0,50,0,0,0,0,0,0,0,0,40
AL122023,KATIA,67,20230903,0600,,TS,26.0N,31.5W,40,1002,60,40,0,40,0,0,0,0,0,0,0,0,40
AL122023,KATIA,67,20230903,1200,,TS,26.5N,32.0W,35,1006,50,0,0,0,0,0,0,0,0,0,0,0,40
AL122023,KATIA,67,20230903,1800,,TS,26.9N,32.7W,35,1006,50,0,0,0,0,0,0,0,0,0,0,0,50
AL122023,KATIA,67,20230904,0000,,TD,27.1N,33.3W,30,1007,0,0,0,0,0,0,0,0,0,0,0,0,50
AL122023,KATIA,67,20230904,0600,,LO,27.4N,33.6W,30,1008,0,0,0,0,0,0,0,0,0,0,0,0,60
AL122023,KATIA,67,20230904,1200,,LO,27.7N,34.0W,30,1009,0,0,0,0,0,0,0,0,0,0,0,0,60
AL122023,KATIA,67,20230904,1800,,LO,27.9N,34.4W,30,1010,0,0,0,0,0,0,0,0,0,0,0,0,60
AL122023,KATIA,67,20230905,0000,,LO,28.0N,34.5W,25,1010,0,0,0,0,0,0,0,0,0,0,0,0,60
AL122023,KATIA,67,20230905,0600,,LO,28.2N,34.6W,25,1010,0,0,0,0,0,0,0,0,0,0,0,0,60
AL122023,KATIA,67,20230905,1200,,LO,28.3N,34.6W,25,1010,0,0,0,0,0,0,0,0,0,0,0,0,60
AL122023,KATIA,67,20230905,1800,,LO,28.3N,34.2W,25,1010,0,0,0,0,0,0,0,0,0,0,0,0,50
AL122023,KATIA,67,20230906,0000,,LO,28.0N,33.7W,25,1010,0,0,0,0,0,0,0,0,0,0,0,0,50
AL122023,KATIA,67,20230906,0600,,LO,27.6N,33.1W,25,1010,0,0,0,0,0,0,0,0,0,0,0,0,50
AL122023,KATIA,67,20230906,1200,,LO,27.4N,32.2W,25,1011,0,0,0,0,0,0,0,0,0,0,0,0,50
AL122023,KATIA,67,20230906,1800,,LO,26.7N,31.8W,25,1011,0,0,0,0,0,0,0,0,0,0,0,0,50
AL122023,KATIA,67,20230907,0000,,LO,26.0N,31.8W,30,1010,0,0,0,0,0,0,0,0,0,0,0,0,50
AL122023,KATIA,67,20230907,0600,,LO,25.4N,32.2W,30,1010,0,0,0,0,0,0,0,0,0,0,0,0,50
AL122023,KATIA,67,20230907,1200,,LO,24.6N,32.7W,25,1011,0,0,0,0,0,0,0,0,0,0,0,0,50
AL122023,KATIA,67,20230907,1800,,LO,24.0N,33.8W,25,1011,0,0,0,0,0,0,0,0,0,0,0,0,50
AL122023,KATIA,67,20230908,0000,,LO,23.2N,34.8W,25,1011,0,0,0,0,0,0,0,0,0,0,0,0,50
AL122023,KATIA,67,20230908,0600,,LO,22.3N,36.0W,25,1011,0,0,0,0,0,0,0,0,0,0,0,0,50
AL122023,KATIA,67,20230908,1200,,LO,21.5N,37.6W,25,1011,0,0,0,0,0,0,0,0,0,0,0,0,50
AL122023,KATIA,67,20230908,1800,,LO,20.5N,39.2W,25,1011,0,0,0,0,0,0,0,0,0,0,0,0,50
AL122023,KATIA,67,20230909,0000,,LO,19.6N,40.9W,25,1011,0,0,0,0,0,0,0,0,0,0,0,0,50
AL122023,KATIA,67,20230909,0600,,LO,18.4N,42.0W,25,1011,0,0,0,0,0,0,0,0,0,0,0,0,50
AL122023,KATIA,67,20230909,1200,,LO,17.6N,42.9W,25,1011,0,0,0,0,0,0,0,0,0,0,0,0,50
AL122023,KATIA,67,20230909,1800,,LO,16.8N,43.7W,25,1011,0,0,0,0,0,0,0,0,0,0,0,0,50
AL122023,KATIA,67,20230910,0000,,LO,16.0N,44.5W,20,1012,0,0,0,0,0,0,0,0,0,0,0,0,40
AL122023,KATIA,67,20230910,0600,,LO,15.4N,45.5W,20,1012,0,0,0,0,0,0,0,0,0,0,0,0,40
AL122023,KATIA,67,20230910,1200,,LO,15.0N,46.3W,20,1012,0,0,0,0,0,0,0,0,0,0,0,0,40
AL122023,KATIA,67,20230910,1800,,LO,14.8N,46.9W,20,1012,0,0,0,0,0,0,0,0,0,0,0,0,40
AL122023,KATIA,67,20230911,0000,,LO,14.6N,47.4W,20,1012,0,0,0,0,0,0,0,0,0,0,0,0,30
AL122023,KATIA,67,20230911,0600,,LO,14.5N,47.9W,20,1012,0,0,0,0,0,0,0,0,0,0,0,0,30
AL122023,KATIA,67,20230911,1200,,LO,14.4N,48.1W,20,1012,0,0,0,0,0,0,0,0,0,0,0,0,30
AL122023,KATIA,67,20230911,1800,,LO,14.4N,48.3W,20,1012,0,0,0,0,0,0,0,0,0,0,0,0,30
AL122023,KATIA,67,20230912,0000,,LO,14.4N,48.3W,20,1012,0,0,0,0,0,0,0,0,0,0,0,0,20
AL122023,KATIA,67,20230912,0600,,LO,14.5N,48.3W,20,1012,0,0,0,0,0,0,0,0,0,0,0,0,20
AL122023,KATIA,67,20230912,1200,,LO,14.6N,48.2W,20,1012,0,0,0,0,0,0,0,0,0,0,0,0,20
AL122023,KATIA,67,20230912,1800,,LO,14.7N,48.1W,15,1012,0,0,0,0,0,0,0,0,0,0,0,0,20
AL122023,KATIA,67,20230913,0000,,LO,14.9N,48.0W,15,1012,0,0,0,0,0,0,0,0,0,0,0,0,20
AL122023,KATIA,67,20230913,0600,,LO,15.1N,47.8W,15,1012,0,0,0,0,0,0,0,0,0,0,0,0,20
AL122023,KATIA,67,20230913,1200,,LO,15.0N,47.6W,15,1012,0,0,0,0,0,0,0,0,0,0,0,0,20
AL122023,KATIA,67,20230913,1800,,LO,14.9N,47.7W,15,1012,0,0,0,0,0,0,0,0,0,0,0,0,20
AL122023,KATIA,67,20230914,0000,,LO,14.7N,47.8W,15,1012,0,0,0,0,0,0,0,0,0,0,0,0,20
AL122023,KATIA,67,20230914,0600,,LO,14.5N,48.0W,15,1012,0,0,0,0,0,0,0,0,0,0,0,0,20
AL122023,KATIA,67,20230914,1200,,LO,14.2N,48.4W,15,1012,0,0,0,0,0,0,0,0,0,0,0,0,20
AL122023,KATIA,67,20230914,1800,,LO,13.6N,48.8W,15,1012,0,0,0,0,0,0,0,0,0,0,0,0,20
AL122023,KATIA,67,20230915,0000,,LO,13.0N,49.2W,15,1012,0,0,0,0,0,0,0,0,0,0,0,0,20
AL122023,KATIA,67,20230915,0600,,LO,12.4N,49.1W,15,1012,0,0,0,0,0,0,0,0,0,0,0,0,20
AL122023,KATIA,67,20230915,1200,,LO,11.8N,48.8W,15,1012,0,0,0,0,0,0,0,0,0,0,0,0,20
AL132023,LEE,55,20230905,1200,,TD,12.2N,39.6W,30,1008,0,0,0,0,0,0,0,0,0,0,0,0,100
AL132023,LEE,55,20230905,1800,,TS,12.9N,41.1W,35,1006,60,0,0,60,0,0,0,0,0,0,0,0,60
AL132023,LEE,55,20230906,0000,,TS,13.2N,42.5W,45,1003,60,20,0,60,0,0,0,0,0,0,0,0,60
AL132023,LEE,55,20230906,0600,,TS,13.5N,43.9W,55,997,70,50,30,60,30,0,0,0,0,0,0,0,30
AL132023,LEE,55,20230906,1200,,TS,14.0N,45.0W,60,994,70,60,40,70,30,20,0,20,0,0,0,0,30
AL132023,LEE,55,20230906,1800,,HU,14.6N,46.1W,65,991,80,70,50,70,40,30,20,30,15,0,0,0,15
AL132023,LEE,55,20230907,0000,,HU,15.1N,47.1W,70,989,80,70,50,70,40,30,20,30,15,0,0,0,15
AL132023,LEE,55,20230907,0600,,HU,15.6N,48.2W,75,986,90,80,50,70,40,30,20,30,15,0,0,15,15
AL132023,LEE,55,20230907,1200,,HU,16.1N,49.4W,85,980,110,110,50,80,40,30,30,30,25,20,15,20,15
AL132023,LEE,55,20230907,1800,,HU,16.6N,50.7W,105,961,120,110,50,80,40,30,30,40,30,20,20,20,15
AL132023,LEE,55,20230908,0000,,HU,17.0N,51.8W,135,933,120,110,50,80,60,40,30,40,40,30,20,30,10
AL132023,LEE,55,20230908,0600,,HU,17.5N,53.0W,145,926,120,110,50,80,70,60,40,50,40,30,30,30,10
AL132023,LEE,55,20230908,1200,,HU,17.9N,54.1W,135,940,120,110,60,80,70,60,30,60,30,30,25,30,10
AL132023,LEE,55,20230908,1800,,HU,18.5N,55.1W,125,941,130,120,60,90,70,50,30,60,30,30,20,30,10
AL132023,LEE,55,20230909,0000,,HU,19.0N,56.0W,105,958,150,120,70,100,70,50,40,60,25,25,15,25,10
AL132023,LEE,55,20230909,0600,,HU,19.5N,57.0W,100,963,150,120,70,100,70,50,40,60,25,25,15,25,10
AL132023,LEE,55,20230909,1200,,HU,20.0N,57.9W,100,954,150,120,70,100,70,50,40,60,30,25,15,25,10
AL132023,LEE,55,20230909,1800,,HU,20.4N,58.8W,95,958,160,150,80,110,80,70,30,50,35,25,20,25,10
AL132023,LEE,55,20230910,0000,,HU,20.8N,59.5W,85,960,160,150,80,110,80,70,30,50,35,25,20,30,10
AL132023,LEE,55,20230910,0600,,HU,21.2N,60.2W,90,960,140,130,80,110,80,60,30,70,35,30,20,35,15
AL132023,LEE,55,20230910,1200,,HU,21.5N,60.8W,95,956,140,130,80,110,80,60,30,80,35,30,20,35,15
AL132023,LEE,55,20230910,1800,,HU,21.9N,61.4W,105,954,150,140,100,140,90,70,50,80,50,35,30,45,15
AL132023,LEE,55,20230911,0000,,HU,22.3N,61.9W,105,950,150,140,100,140,110,80,60,90,65,40,40,55,15
AL132023,LEE,55,20230911,0600,,HU,22.8N,62.5W,105,950,160,150,110,150,110,90,70,90,65,45,40,55,15
AL132023,LEE,55,20230911,1200,,HU,23.2N,63.2W,105,948,160,150,110,150,110,90,70,90,65,45,40,55,15
AL132023,LEE,55,20230911,1800,,HU,23.5N,63.9W,100,948,160,150,110,150,110,90,70,90,65,50,45,60,15
AL132023,LEE,55,20230912,0000,,HU,23.7N,64.5W,100,948,160,150,120,150,110,90,80,100,70,60,50,60,25
AL132023,LEE,55,20230912,0600,,HU,23.9N,65.1W,100,948,160,150,120,150,120,90,80,100,70,60,50,60,25
AL132023,LEE,55,20230912,1200,,HU,24.1N,65.7W,100,948,180,170,140,160,120,110,80,120,80,60,50,60,30
AL132023,LEE,55,20230912,1800,,HU,24.5N,66.2W,100,946,210,200,150,170,150,130,90,120,90,90,60,70,30
AL132023,LEE,55,20230913,0000,,HU,24.9N,66.6W,100,946,210,200,150,170,150,130,90,120,110,100,60,70,30
AL132023,LEE,55,20230913,0600,,HU,25.3N,66.9W,100,948,210,210,160,170,130,120,90,110,110,100,60,70,30
AL132023,LEE,55,20230913,1200,,HU,26.0N,67.2W,95,950,210,210,160,170,130,120,90,110,100,90,60,70,40
AL132023,LEE,55,20230913,1800,,HU,26.8N,67.6W,90,951,230,230,170,180,140,130,100,120,100,90,80,70,50
AL132023,LEE,55,20230914,0000,,HU,27.6N,67.8W,90,951,230,230,170,180,140,130,120,130,90,80,80,70,50
AL132023,LEE,55,20230914,0600,,HU,28.5N,68.0W,85,953,250,250,170,190,140,130,110,120,90,80,70,70,50
AL132023,LEE,55,20230914,1200,,HU,29.8N,68.2W,80,955,270,250,170,190,140,130,110,120,80,80,70,70,50
AL132023,LEE,55,20230914,1800,,HU,31.1N,68.3W,75,955,270,270,200,210,170,170,120,120,90,80,70,80,60
AL132023,LEE,55,20230915,0000,,HU,32.1N,67.8W,75,955,270,270,200,210,160,170,110,150,90,80,70,80,60
AL132023,LEE,55,20230915,0600,,HU,33.6N,67.6W,75,957,280,280,200,220,160,170,110,150,90,80,70,80,60
AL132023,LEE,55,20230915,1200,,HU,35.1N,67.1W,75,962,280,280,200,220,160,170,110,150,90,80,70,80,60
AL132023,LEE,55,20230915,1800,,HU,37.1N,66.7W,75,962,270,270,240,300,160,170,120,150,90,80,70,100,75
AL132023,LEE,55,20230916,0000,,HU,38.7N,65.9W,75,963,300,300,250,300,180,180,150,180,90,120,110,100,90
AL132023,LEE,55,20230916,0600,,EX,40.9N,66.0W,70,965,300,300,250,270,180,180,160,180,0,120,110,0,100
AL132023,LEE,55,20230916,1200,,EX,42.7N,66.3W,65,965,220,280,200,140,130,150,0,80,0,100,0,0,100
AL132023,LEE,55,20230916,1800,,EX,43.8N,66.4W,55,968,220,280,200,140,130,150,0,80,0,0,0,0,100
AL132023,LEE,55,20230916,2000,L,EX,44.3N,66.3W,55,970,220,280,200,140,130,150,0,80,0,0,0,0,100
AL132023,LEE,55,20230917,0000,,EX,44.7N,66.2W,55,979,220,280,170,100,60,100,0,60,0,0,0,0,100
AL132023,LEE,55,20230917,0600,,EX,45.9N,64.8W,50,986,210,250,150,0,0,120,0,0,0,0,0,0,120
AL132023,LEE,55,20230917,1200,,EX,47.3N,63.0W,40,989,210,250,150,0,0,0,0,0,0,0,0,0,120
AL132023,LEE,55,20230917,1800,,EX,48.6N,60.1W,40,989,210,250,150,0,0,0,0,0,0,0,0,0,120
AL132023,LEE,55,20230918,0000,,EX,50.7N,57.9W,35,994,230,240,210,0,0,0,0,0,0,0,0,0,120
AL132023,LEE,55,20230918,0600,,EX,51.7N,53.2W,35,994,230,240,180,130,0,0,0,0,0,0,0,0,120
AL132023,LEE,55,20230918,1200,,EX,52.6N,48.6W,40,993,230,240,180,130,0,0,0,0,0,0,0,0,120
AL132023,LEE,55,20230918,1800,,EX,53.0N,42.0W,40,993,230,240,180,130,0,0,0,0,0,0,0,0,120
AL142023,MARGOT,46,20230907,1200,,TD,15.5N,26.0W,30,1006,0,0,0,0,0,0,0,0,0,0,0,0,20
AL142023,MARGOT,46,20230907,1800,,TS,16.0N,27.3W,35,1005,20,0,0,20,0,0,0,0,0,0,0,0,20
AL142023,MARGOT,46,20230908,0000,,TS,16.5N,28.6W,35,1005,20,0,0,20,0,0,0,0,0,0,0,0,20
AL142023,MARGOT,46,20230908,0600,,TS,17.1N,30.1W,35,1005,20,0,0,20,0,0,0,0,0,0,0,0,20
AL142023,MARGOT,46,20230908,1200,,TS,17.8N,31.8W,35,1005,20,0,0,20,0,0,0,0,0,0,0,0,20
AL142023,MARGOT,46,20230908,1800,,TS,18.5N,33.6W,35,1005,30,0,0,20,0,0,0,0,0,0,0,0,20
AL142023,MARGOT,46,20230909,0000,,TS,19.1N,35.1W,35,1005,30,0,0,20,0,0,0,0,0,0,0,0,20
AL142023,MARGOT,46,20230909,0600,,TS,19.7N,36.4W,40,1004,40,0,0,20,0,0,0,0,0,0,0,0,20
AL142023,MARGOT,46,20230909,1200,,TS,20.2N,37.5W,40,1004,50,0,0,30,0,0,0,0,0,0,0,0,20
AL142023,MARGOT,46,20230909,1800,,TS,20.7N,38.3W,40,1004,60,0,0,40,0,0,0,0,0,0,0,0,20
AL142023,MARGOT,46,20230910,0000,,TS,21.2N,38.9W,45,1003,70,50,0,50,0,0,0,0,0,0,0,0,20
AL142023,MARGOT,46,20230910,0600,,TS,21.8N,39.4W,45,1002,70,50,0,60,0,0,0,0,0,0,0,0,20
AL142023,MARGOT,46,20230910,1200,,TS,22.5N,39.8W,45,1000,70,50,0,70,0,0,0,0,0,0,0,0,20
AL142023,MARGOT,46,20230910,1800,,TS,23.3N,40.0W,50,998,90,60,20,80,20,0,0,20,0,0,0,0,20
AL142023,MARGOT,46,20230911,0000,,TS,24.0N,40.0W,55,996,110,70,40,90,20,0,0,20,0,0,0,0,20
AL142023,MARGOT,46,20230911,0600,,TS,24.7N,40.0W,55,993,130,80,60,100,20,0,0,20,0,0,0,0,15
AL142023,MARGOT,46,20230911,1200,,TS,25.5N,40.0W,60,990,150,90,70,110,30,20,20,20,0,0,0,0,15
AL142023,MARGOT,46,20230911,1800,,HU,26.4N,39.9W,65,986,170,100,80,120,40,30,30,30,15,15,0,15,15
AL142023,MARGOT,46,20230912,0000,,HU,27.5N,39.6W,70,981,190,110,90,130,50,40,40,40,15,15,0,15,15
AL142023,MARGOT,46,20230912,0600,,HU,28.6N,39.4W,75,977,210,130,100,140,60,60,50,50,20,20,10,20,10
AL142023,MARGOT,46,20230912,1200,,HU,29.8N,39.3W,75,974,230,150,120,160,60,80,60,60,30,30,20,30,10
AL142023,MARGOT,46,20230912,1800,,HU,31.0N,39.4W,75,972,220,180,130,170,80,80,60,70,40,40,30,40,10
AL142023,MARGOT,46,20230913,0000,,HU,32.1N,39.6W,75,970,200,200,140,180,90,80,60,80,50,40,30,50,10
AL142023,MARGOT,46,20230913,0600,,HU,33.0N,39.9W,80,969,200,200,140,180,90,80,60,80,60,40,20,50,10
AL142023,MARGOT,46,20230913,1200,,HU,33.7N,40.3W,80,969,200,200,140,180,90,80,60,80,60,50,10,50,10
AL142023,MARGOT,46,20230913,1800,,HU,34.4N,40.6W,75,970,200,200,140,180,90,80,60,80,60,60,10,50,10
AL142023,MARGOT,46,20230914,0000,,HU,35.1N,40.7W,75,972,190,200,140,170,90,80,60,80,60,60,10,50,10
AL142023,MARGOT,46,20230914,0600,,HU,35.8N,40.5W,70,974,180,200,140,170,100,90,60,90,60,60,0,60,50
AL142023,MARGOT,46,20230914,1200,,HU,36.3N,40.1W,70,976,180,200,140,170,110,90,70,100,60,60,0,60,60
AL142023,MARGOT,46,20230914,1800,,HU,36.6N,39.6W,70,978,190,190,140,180,100,90,70,100,60,0,0,60,60
AL142023,MARGOT,46,20230915,0000,,HU,36.7N,39.1W,65,980,200,180,140,190,100,90,70,100,60,0,0,60,60
AL142023,MARGOT,46,20230915,0600,,TS,36.7N,38.6W,60,982,220,170,140,200,100,90,70,100,0,0,0,0,60
AL142023,MARGOT,46,20230915,1200,,TS,36.5N,38.1W,55,984,240,160,140,210,90,90,0,90,0,0,0,0,60
AL142023,MARGOT,46,20230915,1800,,TS,36.1N,37.8W,55,986,260,150,140,220,90,90,0,90,0,0,0,0,60
AL142023,MARGOT,46,20230916,0000,,TS,35.7N,37.8W,55,988,280,140,140,220,80,0,0,80,0,0,0,0,60
AL142023,MARGOT,46,20230916,0600,,TS,35.2N,38.0W,55,990,260,120,130,210,80,0,0,80,0,0,0,0,70
AL142023,MARGOT,46,20230916,1200,,TS,34.7N,38.5W,50,993,240,110,110,200,80,0,0,80,0,0,0,0,80
AL142023,MARGOT,46,20230916,1800,,TS,34.3N,39.2W,45,996,220,100,90,190,0,0,0,0,0,0,0,0,80
AL142023,MARGOT,46,20230917,0000,,LO,34.0N,40.1W,40,999,160,90,70,160,0,0,0,0,0,0,0,0,80
AL142023,MARGOT,46,20230917,0600,,LO,34.0N,41.1W,35,1001,120,90,0,120,0,0,0,0,0,0,0,0,80
AL142023,MARGOT,46,20230917,1200,,LO,34.3N,42.0W,35,1003,90,90,0,60,0,0,0,0,0,0,0,0,80
AL142023,MARGOT,46,20230917,1800,,LO,34.7N,43.0W,35,1005,90,90,0,60,0,0,0,0,0,0,0,0,80
AL142023,MARGOT,46,20230918,0000,,LO,35.3N,43.6W,30,1006,0,0,0,0,0,0,0,0,0,0,0,0,80
AL142023,MARGOT,46,20230918,0600,,LO,36.0N,43.8W,30,1007,0,0,0,0,0,0,0,0,0,0,0,0,80
AL142023,MARGOT,46,20230918,1200,,LO,36.8N,43.6W,30,1008,0,0,0,0,0,0,0,0,0,0,0,0,80
AL142023,MARGOT,46,20230918,1800,,LO,37.8N,42.7W,30,1009,0,0,0,0,0,0,0,0,0,0,0,0,80
AL152023,NIGEL,46,20230915,0600,,TD,13.6N,42.2W,30,1007,0,0,0,0,0,0,0,0,0,0,0,0,70
AL152023,NIGEL,46,20230915,1200,,TD,14.3N,43.2W,30,1007,0,0,0,0,0,0,0,0,0,0,0,0,70
AL152023,NIGEL,46,20230915,1800,,TD,15.2N,44.0W,30,1007,0,0,0,0,0,0,0,0,0,0,0,0,80
AL152023,NIGEL,46,20230916,0000,,TD,16.1N,44.8W,30,1007,0,0,0,0,0,0,0,0,0,0,0,0,80
AL152023,NIGEL,46,20230916,0600,,TD,17.4N,45.4W,30,1007,0,0,0,0,0,0,0,0,0,0,0,0,100
AL152023,NIGEL,46,20230916,1200,,TD,18.7N,46.0W,30,1006,0,0,0,0,0,0,0,0,0,0,0,0,100
AL152023,NIGEL,46,20230916,1800,,TD,20.1N,46.7W,30,1006,0,0,0,0,0,0,0,0,0,0,0,0,100
AL152023,NIGEL,46,20230917,0000,,TS,21.4N,47.6W,35,1005,80,0,0,60,0,0,0,0,0,0,0,0,80
AL152023,NIGEL,46,20230917,0600,,TS,22.5N,48.3W,45,1001,120,60,40,90,0,0,0,0,0,0,0,0,40
AL152023,NIGEL,46,20230917,1200,,TS,23.5N,48.8W,50,997,120,60,40,90,40,30,0,0,0,0,0,0,40
AL152023,NIGEL,46,20230917,1800,,TS,24.5N,49.4W,55,994,120,60,40,90,40,30,0,0,0,0,0,0,40
AL152023,NIGEL,46,20230918,0000,,TS,25.3N,50.0W,60,992,130,90,50,110,40,30,0,40,0,0,0,0,30
AL152023,NIGEL,46,20230918,0600,,HU,26.0N,50.6W,65,987,140,90,50,120,50,40,20,40,20,20,0,0,20
AL152023,NIGEL,46,20230918,1200,,HU,26.8N,51.1W,65,987,140,110,50,120,50,40,20,40,20,20,0,0,20
AL152023,NIGEL,46,20230918,1800,,HU,27.5N,51.7W,70,982,140,120,80,130,50,50,30,50,20,20,0,0,20
AL152023,NIGEL,46,20230919,0000,,HU,28.2N,52.4W,75,979,150,120,80,130,80,60,50,70,40,40,30,40,30
AL152023,NIGEL,46,20230919,0600,,HU,29.0N,53.2W,75,979,150,120,80,130,80,60,50,70,40,40,30,40,30
AL152023,NIGEL,46,20230919,1200,,HU,29.9N,54.0W,80,975,150,120,80,130,80,60,50,70,40,40,30,40,30
AL152023,NIGEL,46,20230919,1800,,HU,31.1N,54.7W,85,972,150,140,100,130,90,80,60,70,50,40,35,40,30
AL152023,NIGEL,46,20230920,0000,,HU,32.4N,55.0W,85,971,150,140,100,130,90,80,60,70,50,40,35,40,30
AL152023,NIGEL,46,20230920,0600,,HU,33.7N,55.2W,85,971,140,130,100,130,90,80,60,70,50,40,35,40,30
AL152023,NIGEL,46,20230920,1200,,HU,35.2N,54.7W,80,972,140,130,100,130,90,80,60,70,50,40,35,40,30
AL152023,NIGEL,46,20230920,1800,,HU,36.7N,53.6W,80,972,140,130,100,130,90,80,60,70,50,40,35,40,30
AL152023,NIGEL,46,20230921,0000,,HU,38.3N,51.6W,80,973,140,130,100,130,90,80,60,70,50,40,35,40,30
AL152023,NIGEL,46,20230921,0600,,HU,40.0N,49.2W,75,975,130,130,110,130,80,80,60,70,50,40,30,40,30
AL152023,NIGEL,46,20230921,1200,,HU,41.3N,46.3W,75,975,130,150,110,130,80,80,60,70,50,40,30,40,30
AL152023,NIGEL,46,20230921,1800,,HU,42.8N,42.8W,70,975,160,180,180,110,100,110,80,60,60,60,40,30,40
AL152023,NIGEL,46,20230922,0000,,HU,44.3N,38.7W,65,975,180,200,180,110,100,110,80,60,60,60,40,30,40
AL152023,NIGEL,46,20230922,0600,,EX,45.4N,34.3W,60,974,180,200,190,110,90,110,80,60,0,0,0,0,40
AL152023,NIGEL,46,20230922,1200,,EX,47.2N,30.2W,55,972,180,200,190,100,90,110,80,40,0,0,0,0,40
AL152023,NIGEL,46,20230922,1800,,EX,48.9N,26.8W,55,971,100,200,190,0,30,70,80,0,0,0,0,0,40
AL152023,NIGEL,46,20230923,0000,,EX,50.9N,24.0W,55,969,100,200,190,0,30,70,80,0,0,0,0,0,40
AL152023,NIGEL,46,20230923,0600,,EX,53.3N,22.2W,55,967,270,330,180,100,120,0,0,0,0,0,0,0,40
AL152023,NIGEL,46,20230923,1200,,EX,55.6N,22.7W,55,964,330,480,120,150,120,0,0,0,0,0,0,0,40
AL152023,NIGEL,46,20230923,1800,,EX,57.7N,23.2W,55,961,360,120,120,210,60,0,0,0,0,0,0,0,40
AL152023,NIGEL,46,20230924,0000,,EX,58.3N,25.6W,50,958,420,120,150,270,0,0,0,120,0,0,0,0,40
AL152023,NIGEL,46,20230924,0600,,EX,57.4N,27.4W,50,958,420,120,150,270,0,0,0,120,0,0,0,0,50
AL152023,NIGEL,46,20230924,1200,,EX,56.1N,26.7W,45,961,570,510,420,420,0,0,0,0,0,0,0,0,50
AL152023,NIGEL,46,20230924,1800,,EX,56.4N,23.5W,45,964,540,390,360,480,0,0,0,0,0,0,0,0,50
AL152023,NIGEL,46,20230925,0000,,EX,58.0N,20.9W,40,969,420,360,420,540,0,0,0,0,0,0,0,0,50
AL152023,NIGEL,46,20230925,0600,,EX,60.1N,18.6W,40,971,420,360,420,540,0,0,0,0,0,0,0,0,50
AL152023,NIGEL,46,20230925,1200,,EX,61.0N,18.5W,40,972,420,360,420,540,0,0,0,0,0,0,0,0,50
AL152023,NIGEL,46,20230925,1800,,EX,61.5N,19.4W,40,974,420,360,420,540,0,0,0,0,0,0,0,0,50
AL152023,NIGEL,46,20230926,0000,,EX,61.5N,20.9W,40,976,420,360,420,540,0,0,0,0,0,0,0,0,50
AL152023,NIGEL,46,20230926,0600,,EX,61.5N,22.5W,40,977,420,360,420,540,0,0,0,0,0,0,0,0,50
AL152023,NIGEL,46,20230926,1200,,EX,61.5N,23.3W,40,977,420,360,420,540,0,0,0,0,0,0,0,0,50
AL162023,OPHELIA,15,20230921,1200,,EX,28.5N,76.0W,30,1012,0,0,0,0,0,0,0,0,0,0,0,0,150
AL162023,OPHELIA,15,20230921,1800,,EX,29.0N,75.6W,30,1012,0,0,0,0,0,0,0,0,0,0,0,0,150
AL162023,OPHELIA,15,20230922,0000,,EX,29.5N,75.3W,35,1008,210,0,0,180,0,0,0,0,0,0,0,0,120
AL162023,OPHELIA,15,20230922,0600,,EX,30.3N,75.1W,40,1002,210,0,0,180,0,0,0,0,0,0,0,0,100
AL162023,OPHELIA,15,20230922,1200,,EX,31.6N,75.5W,50,996,240,0,60,180,0,0,0,90,0,0,0,0,90
AL162023,OPHELIA,15,20230922,1800,,TS,32.7N,76.1W,60,989,270,70,70,160,0,0,40,80,0,0,0,0,60
AL162023,OPHELIA,15,20230923,0000,,TS,33.3N,76.6W,60,983,270,90,120,120,0,0,60,60,0,0,0,0,40
AL162023,OPHELIA,15,20230923,0600,,TS,33.8N,77.1W,60,981,270,90,120,90,40,40,50,60,0,0,0,0,30
AL162023,OPHELIA,15,20230923,1015,L,TS,34.7N,77.1W,60,981,270,120,90,80,40,40,50,60,0,0,0,0,30
AL162023,OPHELIA,15,20230923,1200,,TS,35.1N,77.1W,50,982,270,120,80,60,40,40,0,40,0,0,0,0,40
AL162023,OPHELIA,15,20230923,1800,,TS,36.3N,77.5W,40,997,270,120,0,40,0,0,0,0,0,0,0,0,100
AL162023,OPHELIA,15,20230924,0000,,EX,36.8N,77.6W,30,1002,0,0,0,0,0,0,0,0,0,0,0,0,150
AL162023,OPHELIA,15,20230924,0600,,EX,37.2N,77.6W,25,1006,0,0,0,0,0,0,0,0,0,0,0,0,150
AL162023,OPHELIA,15,20230924,1200,,EX,37.9N,77.4W,20,1009,0,0,0,0,0,0,0,0,0,0,0,0,200
AL162023,OPHELIA,15,20230924,1800,,EX,38.9N,76.9W,20,1010,0,0,0,0,0,0,0,0,0,0,0,0,200
AL172023,PHILIPPE,54,20230923,0600,,TD,15.5N,36.6W,30,1007,0,0,0,0,0,0,0,0,0,0,0,0,70
AL172023,PHILIPPE,54,20230923,1200,,TD,15.6N,38.0W,30,1007,0,0,0,0,0,0,0,0,0,0,0,0,70
AL172023,PHILIPPE,54,20230923,1800,,TS,15.7N,39.1W,35,1005,100,0,0,0,0,0,0,0,0,0,0,0,60
AL172023,PHILIPPE,54,20230924,0000,,TS,15.8N,39.8W,40,1003,100,0,0,0,0,0,0,0,0,0,0,0,50
AL172023,PHILIPPE,54,20230924,0600,,TS,16.0N,40.5W,45,1001,100,60,0,0,0,0,0,0,0,0,0,0,50
AL172023,PHILIPPE,54,20230924,1200,,TS,16.3N,41.3W,45,1000,100,80,0,80,0,0,0,0,0,0,0,0,40
AL172023,PHILIPPE,54,20230924,1800,,TS,16.6N,42.0W,45,1000,100,80,0,80,0,0,0,0,0,0,0,0,40
AL172023,PHILIPPE,54,20230925,0000,,TS,16.9N,42.9W,45,1000,100,70,0,70,0,0,0,0,0,0,0,0,40
AL172023,PHILIPPE,54,20230925,0600,,TS,17.1N,43.8W,50,998,100,70,0,70,30,0,0,0,0,0,0,0,30
AL172023,PHILIPPE,54,20230925,1200,,TS,17.1N,44.8W,50,998,100,70,0,70,30,0,0,0,0,0,0,0,30
AL172023,PHILIPPE,54,20230925,1800,,TS,17.1N,46.2W,45,1000,110,100,0,50,0,0,0,0,0,0,0,0,40
AL172023,PHILIPPE,54,20230926,0000,,TS,17.4N,47.3W,45,1001,130,150,0,50,0,0,0,0,0,0,0,0,50
AL172023,PHILIPPE,54,20230926,0600,,TS,17.5N,48.5W,45,1001,140,150,0,50,0,0,0,0,0,0,0,0,50
AL172023,PHILIPPE,54,20230926,1200,,TS,17.4N,49.7W,40,1003,150,150,0,0,0,0,0,0,0,0,0,0,60
AL172023,PHILIPPE,54,20230926,1800,,TS,17.1N,50.8W,40,1003,170,160,0,0,0,0,0,0,0,0,0,0,70
AL172023,PHILIPPE,54,20230927,0000,,TS,17.2N,51.6W,40,1003,190,170,0,0,0,0,0,0,0,0,0,0,80
AL172023,PHILIPPE,54,20230927,0600,,TS,17.4N,52.3W,40,1003,170,170,0,0,0,0,0,0,0,0,0,0,80
AL172023,PHILIPPE,54,20230927,1200,,TS,17.5N,53.0W,45,1000,150,130,0,0,0,0,0,0,0,0,0,0,80
AL172023,PHILIPPE,54,20230927,1800,,TS,17.8N,53.7W,45,1000,140,130,0,0,0,0,0,0,0,0,0,0,80
AL172023,PHILIPPE,54,20230928,0000,,TS,18.1N,54.3W,40,1002,130,130,0,0,0,0,0,0,0,0,0,0,90
AL172023,PHILIPPE,54,20230928,0600,,TS,18.5N,54.5W,40,1002,120,120,0,0,0,0,0,0,0,0,0,0,90
AL172023,PHILIPPE,54,20230928,1200,,TS,18.7N,54.7W,40,1002,120,120,0,0,0,0,0,0,0,0,0,0,90
AL172023,PHILIPPE,54,20230928,1800,,TS,18.6N,54.8W,40,1002,110,110,0,0,0,0,0,0,0,0,0,0,90
AL172023,PHILIPPE,54,20230929,0000,,TS,18.5N,54.9W,40,1002,110,110,0,0,0,0,0,0,0,0,0,0,80
AL172023,PHILIPPE,54,20230929,0600,,TS,18.4N,55.0W,40,1002,100,110,0,0,0,0,0,0,0,0,0,0,80
AL172023,PHILIPPE,54,20230929,1200,,TS,18.2N,55.3W,45,1002,100,110,0,0,0,0,0,0,0,0,0,0,80
AL172023,PHILIPPE,54,20230929,1800,,TS,18.0N,55.6W,45,1002,90,120,0,0,0,0,0,0,0,0,0,0,80
AL172023,PHILIPPE,54,20230930,0000,,TS,17.6N,55.7W,45,1001,90,120,0,0,0,0,0,0,0,0,0,0,80
AL172023,PHILIPPE,54,20230930,0600,,TS,17.2N,55.8W,45,999,90,120,0,70,0,0,0,0,0,0,0,0,80
AL172023,PHILIPPE,54,20230930,1200,,TS,16.8N,56.0W,45,999,100,120,0,70,0,0,0,0,0,0,0,0,80
AL172023,PHILIPPE,54,20230930,1800,,TS,16.4N,56.3W,50,998,110,130,0,80,0,70,0,0,0,0,0,0,70
AL172023,PHILIPPE,54,20231001,0000,,TS,16.1N,56.7W,50,998,100,130,0,80,0,70,0,0,0,0,0,0,70
AL172023,PHILIPPE,54,20231001,0600,,TS,16.0N,57.5W,50,999,100,140,0,60,0,70,0,0,0,0,0,0,70
AL172023,PHILIPPE,54,20231001,1200,,TS,16.0N,58.4W,45,1001,100,140,0,0,0,0,0,0,0,0,0,0,70
AL172023,PHILIPPE,54,20231001,1800,,TS,16.2N,58.8W,45,1001,100,150,0,0,0,0,0,0,0,0,0,0,70
AL172023,PHILIPPE,54,20231002,0000,,TS,16.5N,59.0W,45,999,100,150,0,0,0,0,0,0,0,0,0,0,70
AL172023,PHILIPPE,54,20231002,0600,,TS,16.8N,59.7W,45,999,100,150,0,0,0,0,0,0,0,0,0,0,70
AL172023,PHILIPPE,54,20231002,1200,,TS,16.9N,60.5W,45,1000,100,150,0,0,0,0,0,0,0,0,0,0,70
AL172023,PHILIPPE,54,20231002,1800,,TS,17.3N,61.2W,45,1001,110,150,0,0,0,0,0,0,0,0,0,0,70
AL172023,PHILIPPE,54,20231002,2245,L,TS,17.6N,61.8W,45,1001,110,150,0,0,0,0,0,0,0,0,0,0,70
AL172023,PHILIPPE,54,20231003,0000,,TS,17.6N,61.9W,45,1001,110,150,0,0,0,0,0,0,0,0,0,0,80
AL172023,PHILIPPE,54,20231003,0600,,TS,18.1N,62.7W,45,1001,110,150,0,0,0,0,0,0,0,0,0,0,80
AL172023,PHILIPPE,54,20231003,1200,,TS,18.6N,63.6W,40,1003,110,150,0,0,0,0,0,0,0,0,0,0,90
AL172023,PHILIPPE,54,20231003,1800,,TS,19.1N,64.5W,40,1004,100,140,0,0,0,0,0,0,0,0,0,0,90
AL172023,PHILIPPE,54,20231004,0000,,TS,19.5N,65.2W,40,1004,110,130,0,0,0,0,0,0,0,0,0,0,90
AL172023,PHILIPPE,54,20231004,0600,,TS,20.2N,65.4W,40,1004,130,120,0,0,0,0,0,0,0,0,0,0,100
AL172023,PHILIPPE,54,20231004,1200,,TS,21.2N,65.6W,40,1004,110,150,0,0,0,0,0,0,0,0,0,0,100
AL172023,PHILIPPE,54,20231004,1800,,TS,22.2N,65.8W,35,1004,100,180,0,0,0,0,0,0,0,0,0,0,100
AL172023,PHILIPPE,54,20231005,0000,,TS,23.1N,66.0W,35,1004,100,180,0,0,0,0,0,0,0,0,0,0,100
AL172023,PHILIPPE,54,20231005,0600,,TS,24.0N,66.2W,40,1004,100,200,0,0,0,0,0,0,0,0,0,0,90
AL172023,PHILIPPE,54,20231005,1200,,TS,25.1N,66.3W,45,1004,120,200,0,0,0,0,0,0,0,0,0,0,80
AL172023,PHILIPPE,54,20231005,1800,,TS,26.4N,66.1W,45,1004,120,200,0,0,0,0,0,0,0,0,0,0,80
AL172023,PHILIPPE,54,20231006,0000,,TS,27.6N,66.0W,45,1004,120,200,0,100,0,0,0,0,0,0,0,0,90
AL172023,PHILIPPE,54,20231006,0600,,TS,28.7N,65.5W,45,1003,150,150,0,130,0,0,0,0,0,0,0,0,100
AL182023,RINA,16,20230928,0600,,TS,15.6N,44.5W,35,1005,60,50,0,0,0,0,0,0,0,0,0,0,60
AL182023,RINA,16,20230928,1200,,TS,16.9N,45.1W,35,1004,80,60,0,0,0,0,0,0,0,0,0,0,50
AL182023,RINA,16,20230928,1800,,TS,17.7N,45.8W,35,1004,80,60,0,0,0,0,0,0,0,0,0,0,50
AL182023,RINA,16,20230929,0000,,TS,18.2N,46.2W,40,1002,80,80,0,0,0,0,0,0,0,0,0,0,50
AL182023,RINA,16,20230929,0600,,TS,18.6N,46.4W,45,999,90,100,0,0,0,0,0,0,0,0,0,0,40
AL182023,RINA,16,20230929,1200,,TS,19.1N,46.7W,45,999,90,120,0,0,0,0,0,0,0,0,0,0,40
AL182023,RINA,16,20230929,1800,,TS,19.8N,47.5W,45,1000,100,130,0,0,0,0,0,0,0,0,0,0,40
AL182023,RINA,16,20230930,0000,,TS,20.2N,48.4W,45,1000,100,130,0,60,0,0,0,0,0,0,0,0,40
AL182023,RINA,16,20230930,0600,,TS,20.5N,49.1W,45,1000,90,100,0,60,0,0,0,0,0,0,0,0,40
AL182023,RINA,16,20230930,1200,,TS,21.0N,50.0W,40,1002,70,60,0,0,0,0,0,0,0,0,0,0,30
AL182023,RINA,16,20230930,1800,,TS,22.1N,51.0W,40,1004,70,60,0,0,0,0,0,0,0,0,0,0,30
AL182023,RINA,16,20231001,0000,,TS,23.0N,52.2W,35,1005,50,50,0,0,0,0,0,0,0,0,0,0,30
AL182023,RINA,16,20231001,0600,,TS,23.8N,53.3W,35,1005,30,50,0,0,0,0,0,0,0,0,0,0,30
AL182023,RINA,16,20231001,1200,,TS,24.8N,54.4W,35,1006,0,50,0,0,0,0,0,0,0,0,0,0,40
AL182023,RINA,16,20231001,1800,,LO,25.8N,55.3W,30,1007,0,0,0,0,0,0,0,0,0,0,0,0,40
AL182023,RINA,16,20231002,0000,,LO,26.7N,55.6W,30,1008,0,0,0,0,0,0,0,0,0,0,0,0,50
AL192023,SEAN,25,20231010,1800,,TD,9.6N,30.2W,30,1007,0,0,0,0,0,0,0,0,0,0,0,0,80
AL192023,SEAN,25,20231011,0000,,TS,9.8N,31.4W,35,1006,80,0,0,0,0,0,0,0,0,0,0,0,80
AL192023,SEAN,25,20231011,0600,,TS,10.1N,32.6W,35,1006,80,0,0,0,0,0,0,0,0,0,0,0,80
AL192023,SEAN,25,20231011,1200,,TS,10.7N,33.7W,35,1006,80,0,0,0,0,0,0,0,0,0,0,0,80
AL192023,SEAN,25,20231011,1800,,TD,11.3N,34.7W,30,1007,0,0,0,0,0,0,0,0,0,0,0,0,60
AL192023,SEAN,25,20231012,0000,,TD,11.8N,35.6W,30,1007,0,0,0,0,0,0,0,0,0,0,0,0,40
AL192023,SEAN,25,20231012,0600,,TD,12.3N,36.4W,30,1007,0,0,0,0,0,0,0,0,0,0,0,0,40
AL192023,SEAN,25,20231012,1200,,TS,12.8N,37.1W,35,1006,80,0,0,0,0,0,0,0,0,0,0,0,40
AL192023,SEAN,25,20231012,1800,,TS,13.3N,37.8W,40,1005,80,0,0,0,0,0,0,0,0,0,0,0,40
AL192023,SEAN,25,20231013,0000,,TS,13.7N,39.0W,40,1005,80,0,0,50,0,0,0,0,0,0,0,0,40
AL192023,SEAN,25,20231013,0600,,TS,14.0N,40.1W,40,1005,80,0,0,50,0,0,0,0,0,0,0,0,40
AL192023,SEAN,25,20231013,1200,,TS,14.3N,41.2W,35,1006,60,0,0,40,0,0,0,0,0,0,0,0,40
AL192023,SEAN,25,20231013,1800,,TS,14.6N,42.2W,35,1006,60,0,0,20,0,0,0,0,0,0,0,0,40
AL192023,SEAN,25,20231014,0000,,TS,14.9N,42.7W,35,1006,60,0,0,0,0,0,0,0,0,0,0,0,40
AL192023,SEAN,25,20231014,0600,,TD,15.3N,43.3W,30,1007,0,0,0,0,0,0,0,0,0,0,0,0,40
AL192023,SEAN,25,20231014,1200,,TD,15.8N,43.9W,30,1007,0,0,0,0,0,0,0,0,0,0,0,0,40
AL192023,SEAN,25,20231014,1800,,TD,16.3N,44.5W,30,1007,0,0,0,0,0,0,0,0,0,0,0,0,40
AL192023,SEAN,25,20231015,0000,,TD,16.8N,45.1W,30,1008,0,0,0,0,0,0,0,0,0,0,0,0,40
AL192023,SEAN,25,20231015,0600,,TD,17.3N,45.8W,30,1009,0,0,0,0,0,0,0,0,0,0,0,0,40
AL192023,SEAN,25,20231015,1200,,LO,17.6N,46.6W,25,1010,0,0,0,0,0,0,0,0,0,0,0,0,40
AL192023,SEAN,25,20231015,1800,,LO,17.9N,47.6W,25,1010,0,0,0,0,0,0,0,0,0,0,0,0,40
AL192023,SEAN,25,20231016,0000,,LO,18.1N,48.6W,25,1011,0,0,0,0,0,0,0,0,0,0,0,0,40
AL192023,SEAN,25,20231016,0600,,LO,18.2N,49.8W,25,1011,0,0,0,0,0,0,0,0,0,0,0,0,40
AL192023,SEAN,25,20231016,1200,,LO,18.3N,51.0W,20,1011,0,0,0,0,0,0,0,0,0,0,0,0,40
AL192023,SEAN,25,20231016,1800,,LO,18.4N,52.2W,20,1011,0,0,0,0,0,0,0,0,0,0,0,0,40
AL202023,TAMMY,54,20231018,1800,,TS,12.9N,51.0W,35,1007,120,0,0,0,0,0,0,0,0,0,0,0,80
AL202023,TAMMY,54,20231019,0000,,TS,13.0N,52.5W,35,1006,120,0,0,60,0,0,0,0,0,0,0,0,60
AL202023,TAMMY,54,20231019,0600,,TS,13.2N,54.0W,45,1004,120,30,0,60,0,0,0,0,0,0,0,0,60
AL202023,TAMMY,54,20231019,1200,,TS,13.4N,55.3W,50,1004,110,90,0,60,50,0,0,0,0,0,0,0,50
AL202023,TAMMY,54,20231019,1800,,TS,13.5N,56.4W,50,1002,110,100,0,60,50,0,0,0,0,0,0,0,50
AL202023,TAMMY,54,20231020,0000,,TS,13.6N,57.2W,50,1001,110,120,0,80,50,0,0,0,0,0,0,0,50
AL202023,TAMMY,54,20231020,0600,,TS,13.7N,57.9W,50,1000,110,120,0,80,50,0,0,0,0,0,0,0,50
AL202023,TAMMY,54,20231020,1200,,TS,13.9N,58.4W,60,997,110,120,20,80,50,0,0,20,0,0,0,0,40
AL202023,TAMMY,54,20231020,1800,,HU,14.1N,58.9W,65,991,110,110,30,80,50,20,0,40,20,0,0,20,20
AL202023,TAMMY,54,20231021,0000,,HU,14.5N,59.6W,70,991,110,110,30,80,50,20,0,40,20,0,0,20,15
AL202023,TAMMY,54,20231021,0600,,HU,14.9N,60.3W,70,991,110,110,30,80,50,20,0,40,20,0,0,20,15
AL202023,TAMMY,54,20231021,1200,,HU,15.6N,60.6W,75,987,110,110,30,80,50,30,20,40,20,10,10,20,10
AL202023,TAMMY,54,20231021,1800,,HU,16.6N,61.0W,75,987,110,110,30,70,50,30,20,40,20,10,10,20,10
AL202023,TAMMY,54,20231022,0000,,HU,17.5N,61.7W,80,987,110,110,30,70,50,30,20,40,20,10,10,20,10
AL202023,TAMMY,54,20231022,0115,L,HU,17.6N,61.8W,80,987,110,110,30,70,50,30,20,40,20,10,10,20,10
AL202023,TAMMY,54,20231022,0600,,HU,18.0N,62.2W,75,989,90,120,30,70,50,30,20,40,20,10,10,20,10
AL202023,TAMMY,54,20231022,1200,,HU,18.7N,62.8W,75,990,90,120,30,70,40,30,20,40,20,10,0,20,10
AL202023,TAMMY,54,20231022,1800,,HU,19.4N,63.4W,75,990,90,100,30,70,30,20,20,30,20,10,0,20,10
AL202023,TAMMY,54,20231023,0000,,HU,20.2N,63.9W,75,992,90,100,30,70,30,20,20,30,20,10,0,20,10
AL202023,TAMMY,54,20231023,0600,,HU,21.0N,64.0W,70,993,100,110,40,70,40,20,20,30,20,15,10,20,20
AL202023,TAMMY,54,20231023,1200,,HU,21.6N,64.0W,70,993,100,110,40,70,40,20,20,30,20,15,10,20,20
AL202023,TAMMY,54,20231023,1800,,HU,22.1N,63.8W,65,988,100,110,40,70,40,20,0,30,20,0,0,0,20
AL202023,TAMMY,54,20231024,0000,,HU,22.6N,63.5W,65,987,110,120,40,70,30,30,0,30,0,20,0,20,20
AL202023,TAMMY,54,20231024,0600,,HU,23.1N,63.1W,65,987,110,120,40,70,30,30,0,30,0,20,0,20,20
AL202023,TAMMY,54,20231024,1200,,HU,23.6N,62.6W,65,987,110,120,40,70,30,30,0,30,0,20,0,20,20
AL202023,TAMMY,54,20231024,1800,,HU,24.0N,62.0W,65,987,100,150,50,60,30,30,0,30,0,20,0,0,20
AL202023,TAMMY,54,20231025,0000,,HU,24.5N,61.2W,75,976,100,150,60,80,40,40,30,30,20,20,0,0,20
AL202023,TAMMY,54,20231025,0600,,HU,25.1N,60.4W,85,969,100,150,60,80,40,50,30,30,20,20,0,0,20
AL202023,TAMMY,54,20231025,1200,,HU,26.1N,59.4W,95,965,100,150,60,100,40,50,30,30,20,20,0,0,20
AL202023,TAMMY,54,20231025,1800,,HU,27.5N,58.3W,85,968,150,150,60,100,40,50,30,30,20,20,0,0,20
AL202023,TAMMY,54,20231026,0000,,HU,29.1N,57.8W,80,970,150,150,100,150,50,60,40,50,25,30,0,25,20
AL202023,TAMMY,54,20231026,0600,,HU,30.0N,58.3W,75,972,170,140,100,160,50,50,40,50,20,25,0,25,20
AL202023,TAMMY,54,20231026,1200,,HU,30.5N,58.8W,70,975,170,140,100,160,60,50,40,50,20,25,0,25,20
AL202023,TAMMY,54,20231026,1800,,HU,31.0N,59.5W,65,977,180,120,100,220,90,40,40,90,40,0,0,35,50
AL202023,TAMMY,54,20231027,0000,,TS,31.5N,60.1W,60,980,180,100,120,240,90,40,40,100,0,0,0,0,50
AL202023,TAMMY,54,20231027,0600,,TS,31.8N,60.6W,55,985,140,80,80,210,70,20,20,80,0,0,0,0,40
AL202023,TAMMY,54,20231027,1200,,TS,32.0N,61.0W,55,988,140,80,80,180,70,20,20,80,0,0,0,0,40
AL202023,TAMMY,54,20231027,1800,,TS,32.3N,61.4W,55,988,120,80,80,180,70,30,30,80,0,0,0,0,40
AL202023,TAMMY,54,20231028,0000,,TS,32.6N,61.5W,50,991,100,90,80,120,40,0,0,40,0,0,0,0,40
AL202023,TAMMY,54,20231028,0600,,TS,32.9N,61.0W,45,994,100,90,80,120,0,0,0,0,0,0,0,0,40
AL202023,TAMMY,54,20231028,1200,,TS,33.1N,59.5W,45,995,100,90,80,120,0,0,0,0,0,0,0,0,40
AL202023,TAMMY,54,20231028,1800,,TS,33.3N,58.0W,40,997,80,90,80,80,0,0,0,0,0,0,0,0,40
AL202023,TAMMY,54,20231029,0000,,LO,32.8N,56.1W,35,1000,0,60,80,0,0,0,0,0,0,0,0,0,50
AL202023,TAMMY,54,20231029,0600,,LO,32.6N,54.3W,35,1002,0,60,80,0,0,0,0,0,0,0,0,0,50
AL202023,TAMMY,54,20231029,1200,,LO,31.8N,52.5W,35,1002,0,60,40,0,0,0,0,0,0,0,0,0,50
AL202023,TAMMY,54,20231029,1800,,LO,30.9N,50.9W,35,1002,0,50,40,0,0,0,0,0,0,0,0,0,50
AL202023,TAMMY,54,20231030,0000,,LO,29.6N,49.6W,30,1004,0,0,0,0,0,0,0,0,0,0,0,0,50
AL202023,TAMMY,54,20231030,0600,,LO,28.5N,49.0W,30,1005,0,0,0,0,0,0,0,0,0,0,0,0,50
AL202023,TAMMY,54,20231030,1200,,LO,27.5N,48.5W,30,1005,0,0,0,0,0,0,0,0,0,0,0,0,50
AL202023,TAMMY,54,20231030,1800,,LO,26.5N,48.1W,25,1006,0,0,0,0,0,0,0,0,0,0,0,0,50
AL202023,TAMMY,54,20231031,0000,,LO,25.6N,48.5W,25,1006,0,0,0,0,0,0,0,0,0,0,0,0,50
AL202023,TAMMY,54,20231031,0600,,LO,25.1N,49.0W,25,1007,0,0,0,0,0,0,0,0,0,0,0,0,50
AL202023,TAMMY,54,20231031,1200,,LO,24.9N,49.9W,20,1008,0,0,0,0,0,0,0,0,0,0,0,0,50
AL202023,TAMMY,54,20231031,1800,,LO,24.6N,50.6W,20,1008,0,0,0,0,0,0,0,0,0,0,0,0,50
AL212023,TWENTY-ONE,6,20231023,1200,,TD,11.4N,82.6W,25,1007,0,0,0,0,0,0,0,0,0,0,0,0,80
AL212023,TWENTY-ONE,6,20231023,1800,,TD,11.5N,83.2W,25,1007,0,0,0,0,0,0,0,0,0,0,0,0,60
AL212023,TWENTY-ONE,6,20231024,0000,,TD,12.2N,83.4W,25,1007,0,0,0,0,0,0,0,0,0,0,0,0,60
AL212023,TWENTY-ONE,6,20231024,0130,L,TD,12.4N,83.5W,25,1007,0,0,0,0,0,0,0,0,0,0,0,0,60
AL212023,TWENTY-ONE,6,20231024,0600,,TD,13.0N,83.8W,25,1007,0,0,0,0,0,0,0,0,0,0,0,0,60
AL212023,TWENTY-ONE,6,20231024,1200,,LO,13.5N,84.4W,20,1007,0,0,0,0,0,0,0,0,0,0,0,0,60
