id,name,entries,date,time,record_identifier,status,lat,lon,vmax,pres,34ne,34se,34sw,34nw,50ne,50se,50sw,50nw,64ne,64se,64sw,64nw,rmax
AL032014,BERTHA,47,20140803,1800,,TS,22.7,-72.5,45,1012,140,100,0,50,0,0,0,0,0,0,0,0,
AL032014,BERTHA,47,20140804,0,,TS,24.1,-73.1,55,1007,140,100,0,40,40,40,0,0,0,0,0,0,
AL032014,BERTHA,47,20140804,600,,TS,25.4,-73.5,60,1004,140,100,0,40,40,40,0,0,0,0,0,0,
AL032014,BERTHA,47,20140804,1200,,HU,26.8,-73.6,70,998,140,100,30,40,40,40,0,0,20,20,0,0,
AL032014,BERTHA,47,20140804,1800,,HU,28.5,-73.6,70,999,120,100,30,40,40,40,0,0,20,20,0,0,
AL032014,BERTHA,47,20140805,0,,HU,30.5,-73.4,65,1001,110,100,30,30,40,40,0,0,20,20,0,0,
AL032014,BERTHA,47,20140805,600,,TS,32.5,-73.2,55,1003,110,100,30,30,40,40,0,0,0,0,0,0,
AL032014,BERTHA,47,20140805,1200,,TS,34.2,-72.7,50,1005,120,100,0,0,30,0,0,0,0,0,0,0,
AL032014,BERTHA,47,20140805,1800,,TS,35.5,-71.2,45,1006,120,120,0,0,0,0,0,0,0,0,0,0,
AL032014,BERTHA,47,20140806,0,,TS,36.8,-69.3,45,1007,120,120,0,0,0,0,0,0,0,0,0,0,
AL032014,BERTHA,47,20140806,600,,TS,38.1,-66.9,45,1007,100,120,0,0,0,0,0,0,0,0,0,0,
AL042014,CRISTOBAL,39,20140823,1800,,TD,21.5,-72.2,30,1005,0,0,0,0,0,0,0,0,0,0,0,0,
AL042014,CRISTOBAL,39,20140824,0,,TD,22.0,-72.5,30,1004,0,0,0,0,0,0,0,0,0,0,0,0,
AL042014,CRISTOBAL,39,20140824,600,,TS,22.6,-72.9,35,1002,60,60,0,0,0,0,0,0,0,0,0,0,
AL042014,CRISTOBAL,39,20140824,1200,,TS,23.3,-73.0,40,1001,60,70,0,0,0,0,0,0,0,0,0,0,
AL042014,CRISTOBAL,39,20140824,1800,,TS,24.0,-73.0,45,1001,60,70,0,0,0,0,0,0,0,0,0,0,
AL042014,CRISTOBAL,39,20140825,0,,TS,24.2,-73.0,45,998,60,80,0,0,0,0,0,0,0,0,0,0,
AL042014,CRISTOBAL,39,20140825,600,,TS,24.4,-72.9,45,996,60,120,0,0,0,0,0,0,0,0,0,0,
AL042014,CRISTOBAL,39,20140825,1200,,TS,24.7,-72.7,50,993,60,120,0,0,0,80,0,0,0,0,0,0,
AL042014,CRISTOBAL,39,20140825,1800,,TS,24.9,-72.4,50,992,60,180,0,0,0,80,0,0,0,0,0,0,
AL042014,CRISTOBAL,39,20140826,0,,HU,25.1,-72.1,65,989,60,180,60,30,0,80,0,0,0,40,0,0,
AL042014,CRISTOBAL,39,20140826,600,,HU,25.6,-72.0,65,989,80,180,60,30,50,90,0,0,25,40,0,0,
AL042014,CRISTOBAL,39,20140826,1200,,HU,26.7,-71.8,65,988,80,180,60,30,50,90,0,0,25,40,0,0,
AL042014,CRISTOBAL,39,20140826,1800,,HU,28.1,-71.4,65,987,180,210,60,60,50,120,0,0,25,50,0,0,
AL042014,CRISTOBAL,39,20140827,0,,HU,29.5,-71.5,70,983,180,210,60,100,90,120,20,20,50,50,10,0,
AL042014,CRISTOBAL,39,20140827,600,,HU,30.6,-72.0,70,983,180,180,60,100,90,100,20,20,50,50,10,0,
AL042014,CRISTOBAL,39,20140827,1200,,HU,31.6,-72.2,70,983,180,180,60,100,90,100,20,20,50,50,10,0,
AL042014,CRISTOBAL,39,20140827,1800,,HU,32.3,-71.8,65,984,180,180,60,70,90,100,30,30,40,50,20,20,
AL042014,CRISTOBAL,39,20140828,0,,HU,33.5,-70.7,65,984,180,180,60,70,90,100,30,30,40,50,20,20,
AL042014,CRISTOBAL,39,20140828,600,,HU,34.8,-69.0,65,982,180,180,60,70,90,100,30,30,40,50,20,20,
AL042014,CRISTOBAL,39,20140828,1200,,HU,36.3,-67.1,70,979,180,180,60,70,90,100,30,30,40,50,20,20,
AL012015,ANA,28,20150506,600,,LO,26.8,-79.2,25,1016,0,0,0,0,0,0,0,0,0,0,0,0,
AL012015,ANA,28,20150506,1200,,LO,28.2,-78.5,25,1015,0,0,0,0,0,0,0,0,0,0,0,0,
AL012015,ANA,28,20150506,1800,,LO,29.7,-77.8,25,1014,0,0,0,0,0,0,0,0,0,0,0,0,
AL012015,ANA,28,20150507,0,,LO,30.8,-77.5,30,1012,0,0,0,0,0,0,0,0,0,0,0,0,
AL012015,ANA,28,20150507,600,,LO,30.7,-77.8,35,1010,0,0,0,100,0,0,0,0,0,0,0,0,
AL012015,ANA,28,20150507,1200,,LO,30.6,-77.5,40,1008,130,0,80,140,0,0,0,0,0,0,0,0,
AL012015,ANA,28,20150507,1800,,LO,31.2,-77.5,40,1005,140,80,80,140,0,0,0,0,0,0,0,0,
AL012015,ANA,28,20150508,0,,SS,31.4,-77.6,40,1003,140,80,80,120,0,0,0,0,0,0,0,0,
AL012015,ANA,28,20150508,600,,SS,31.5,-77.6,40,1002,140,80,80,120,0,0,0,0,0,0,0,0,
AL012015,ANA,28,20150508,1200,,SS,31.5,-77.5,40,1000,130,100,80,100,0,0,0,0,0,0,0,0,
AL012015,ANA,28,20150508,1800,,SS,31.6,-77.4,45,999,100,100,80,100,0,0,0,0,0,0,0,0,
AL012015,ANA,28,20150509,0,,SS,31.9,-77.3,50,998,100,120,80,100,80,0,0,0,0,0,0,0,
AL012015,ANA,28,20150509,600,,TS,32.2,-77.5,50,998,100,110,80,90,70,0,0,0,0,0,0,0,
AL012015,ANA,28,20150509,1200,,TS,32.5,-77.8,50,1001,100,110,80,90,50,50,0,0,0,0,0,0,
AL012015,ANA,28,20150509,1800,,TS,32.7,-78.0,45,1001,100,110,70,90,0,0,0,0,0,0,0,0,
AL012015,ANA,28,20150510,0,,TS,33.1,-78.3,45,1001,90,110,60,50,0,0,0,0,0,0,0,0,
AL012015,ANA,28,20150510,600,,TS,33.5,-78.6,40,1002,80,110,60,40,0,0,0,0,0,0,0,0,
AL012015,ANA,28,20150510,1000,L,TS,33.8,-78.8,40,1002,70,110,60,40,0,0,0,0,0,0,0,0,
AL012015,ANA,28,20150510,1200,,TS,33.9,-78.8,35,1002,70,110,60,20,0,0,0,0,0,0,0,0,
AL012015,ANA,28,20150510,1800,,TD,34.3,-78.7,30,1006,0,0,0,0,0,0,0,0,0,0,0,0,
AL012015,ANA,28,20150511,0,,TD,34.7,-78.5,30,1009,0,0,0,0,0,0,0,0,0,0,0,0,
AL012015,ANA,28,20150511,600,,TD,35.5,-78.0,30,1010,0,0,0,0,0,0,0,0,0,0,0,0,
AL012015,ANA,28,20150511,1200,,TD,36.2,-77.3,30,1012,0,0,0,0,0,0,0,0,0,0,0,0,
AL012015,ANA,28,20150511,1800,,TD,37.0,-76.3,30,1012,0,0,0,0,0,0,0,0,0,0,0,0,
AL012015,ANA,28,20150512,0,,LO,38.1,-75.1,30,1012,0,0,0,0,0,0,0,0,0,0,0,0,
AL012015,ANA,28,20150512,600,,LO,39.3,-73.1,25,1011,0,0,0,0,0,0,0,0,0,0,0,0,
AL012015,ANA,28,20150512,1200,,LO,40.8,-70.7,25,1009,0,0,0,0,0,0,0,0,0,0,0,0,
AL012015,ANA,28,20150512,1800,,LO,43.0,-67.0,25,1005,0,0,0,0,0,0,0,0,0,0,0,0,
AL022015,BILL,22,20150616,0,,TS,27.0,-94.3,45,1005,140,130,0,0,0,0,0,0,0,0,0,0,
AL022015,BILL,22,20150616,600,,TS,27.6,-95.2,45,1001,130,130,0,0,0,0,0,0,0,0,0,0,
AL022015,BILL,22,20150616,1200,,TS,28.0,-96.0,50,997,130,130,0,30,20,20,0,0,0,0,0,0,
AL022015,BILL,22,20150616,1645,L,TS,28.2,-96.7,50,997,130,130,0,30,20,20,0,0,0,0,0,0,
AL022015,BILL,22,20150616,1800,,TS,28.2,-96.7,50,997,130,130,0,30,20,20,0,0,0,0,0,0,
AL022015,BILL,22,20150617,0,,TS,29.1,-96.9,40,998,0,130,0,0,0,0,0,0,0,0,0,0,
AL022015,BILL,22,20150617,600,,TD,30.3,-97.1,30,999,0,0,0,0,0,0,0,0,0,0,0,0,
AL022015,BILL,22,20150617,1200,,TD,31.7,-97.4,30,999,0,0,0,0,0,0,0,0,0,0,0,0,
AL022015,BILL,22,20150617,1800,,TD,32.6,-97.5,25,999,0,0,0,0,0,0,0,0,0,0,0,0,
AL022015,BILL,22,20150618,0,,TD,33.5,-97.3,25,1000,0,0,0,0,0,0,0,0,0,0,0,0,
AL022015,BILL,22,20150618,600,,TD,34.2,-96.9,25,1002,0,0,0,0,0,0,0,0,0,0,0,0,
AL022015,BILL,22,20150618,1200,,TD,34.8,-96.3,20,1003,0,0,0,0,0,0,0,0,0,0,0,0,
AL022015,BILL,22,20150618,1800,,LO,35.2,-95.5,15,1004,0,0,0,0,0,0,0,0,0,0,0,0,
AL022015,BILL,22,20150619,0,,LO,35.6,-94.5,15,1005,0,0,0,0,0,0,0,0,0,0,0,0,
AL022015,BILL,22,20150619,600,,LO,35.9,-93.5,15,1006,0,0,0,0,0,0,0,0,0,0,0,0,
AL022015,BILL,22,20150619,1200,,LO,36.3,-92.3,15,1006,0,0,0,0,0,0,0,0,0,0,0,0,
AL022015,BILL,22,20150619,1800,,LO,36.9,-90.9,20,1005,0,0,0,0,0,0,0,0,0,0,0,0,
AL022015,BILL,22,20150620,0,,LO,37.4,-89.4,20,1004,0,0,0,0,0,0,0,0,0,0,0,0,
AL022015,BILL,22,20150620,600,,LO,37.8,-87.8,15,1002,0,0,0,0,0,0,0,0,0,0,0,0,
AL022015,BILL,22,20150620,1200,,LO,38.2,-85.8,15,1001,0,0,0,0,0,0,0,0,0,0,0,0,
AL022015,BILL,22,20150620,1800,,LO,38.5,-83.7,15,1003,0,0,0,0,0,0,0,0,0,0,0,0,
AL022015,BILL,22,20150621,0,,LO,38.9,-81.3,15,1006,0,0,0,0,0,0,0,0,0,0,0,0,
AL032015,CLAUDETTE,15,20150712,0,,LO,35.4,-75.4,25,1010,0,0,0,0,0,0,0,0,0,0,0,0,
AL032015,CLAUDETTE,15,20150712,600,,LO,35.3,-74.6,25,1010,0,0,0,0,0,0,0,0,0,0,0,0,
AL032015,CLAUDETTE,15,20150712,1200,,LO,35.2,-73.6,25,1010,0,0,0,0,0,0,0,0,0,0,0,0,
AL032015,CLAUDETTE,15,20150712,1800,,LO,35.3,-72.8,25,1010,0,0,0,0,0,0,0,0,0,0,0,0,
AL032015,CLAUDETTE,15,20150713,0,,LO,35.5,-72.2,25,1010,0,0,0,0,0,0,0,0,0,0,0,0,
AL032015,CLAUDETTE,15,20150713,600,,TD,36.0,-71.1,30,1008,0,0,0,0,0,0,0,0,0,0,0,0,
AL032015,CLAUDETTE,15,20150713,1200,,TS,36.8,-69.4,40,1005,60,50,20,30,0,0,0,0,0,0,0,0,
AL032015,CLAUDETTE,15,20150713,1800,,TS,37.6,-67.5,45,1003,60,50,20,30,0,0,0,0,0,0,0,0,
AL112015,JOAQUIN,76,20150929,1800,,TS,26.0,-70.8,55,992,60,80,0,0,30,50,0,0,0,0,0,0,
AL112015,JOAQUIN,76,20150930,0,,TS,25.8,-71.3,60,985,70,80,30,30,40,50,0,0,0,0,0,0,
AL112015,JOAQUIN,76,20150930,600,,HU,25.4,-71.8,65,978,80,90,40,40,40,50,30,30,30,30,20,20,
AL112015,JOAQUIN,76,20150930,1200,,HU,24.9,-72.2,70,971,90,110,60,60,40,50,30,30,30,30,20,20,
AL112015,JOAQUIN,76,20150930,1800,,HU,24.4,-72.5,80,961,100,120,80,80,40,50,30,30,30,30,20,20,
AL112015,JOAQUIN,76,20151001,0,,HU,23.9,-72.9,100,951,100,130,90,90,40,50,30,40,30,30,20,20,
AL112015,JOAQUIN,76,20151001,600,,HU,23.5,-73.3,110,947,110,140,100,100,50,60,40,40,30,30,25,25,
AL112015,JOAQUIN,76,20151001,1200,L,HU,23.1,-73.7,115,942,110,150,120,110,60,60,40,50,35,30,30,30,
AL112015,JOAQUIN,76,20151001,1800,,HU,23.0,-74.2,115,936,110,160,130,110,60,70,50,60,40,35,35,35,
AL112015,JOAQUIN,76,20151002,0,,HU,22.9,-74.4,120,931,120,170,130,120,70,70,60,70,40,35,40,40,
AL112015,JOAQUIN,76,20151002,600,,HU,23.0,-74.7,120,935,120,180,140,120,80,80,60,70,45,40,40,40,
AL112015,JOAQUIN,76,20151002,1200,,HU,23.4,-74.8,115,937,130,180,140,120,80,80,70,70,45,45,45,45,
AL112015,JOAQUIN,76,20151002,1600,L,HU,23.6,-74.8,110,940,130,180,140,120,80,80,70,70,45,45,45,45,
AL112015,JOAQUIN,76,20151002,1800,,HU,23.8,-74.7,110,941,140,180,140,120,80,80,70,70,50,45,45,45,
AL112015,JOAQUIN,76,20151002,2100,L,HU,24.1,-74.5,110,942,140,180,140,120,80,80,70,70,50,45,45,45,
AL112015,JOAQUIN,76,20151003,0,,HU,24.3,-74.3,115,943,140,180,140,120,80,90,70,70,50,50,45,45,
AL112015,JOAQUIN,76,20151003,600,,HU,24.8,-73.6,120,945,150,180,140,120,80,90,60,60,50,50,40,45,
AL112015,JOAQUIN,76,20151003,1200,,HU,25.4,-72.6,135,934,150,180,130,110,80,90,60,60,45,55,40,40,
AL112015,JOAQUIN,76,20151003,1800,,HU,26.3,-71.0,130,934,160,180,130,110,70,90,60,50,45,55,40,40,
AL122015,KATE,20,20151109,0,,TD,22.8,-72.6,30,1010,0,0,0,0,0,0,0,0,0,0,0,0,
AL122015,KATE,20,20151109,600,,TS,23.4,-73.7,35,1010,50,0,0,30,0,0,0,0,0,0,0,0,
AL122015,KATE,20,20151109,1200,,TS,24.1,-74.8,40,1008,60,0,0,30,0,0,0,0,0,0,0,0,
AL122015,KATE,20,20151109,1800,,TS,25.0,-75.7,45,1008,70,0,0,30,0,0,0,0,0,0,0,0,
AL122015,KATE,20,20151110,0,,TS,26.4,-76.2,50,1006,70,50,0,20,20,0,0,0,0,0,0,0,
AL122015,KATE,20,20151110,600,,TS,28.0,-76.2,55,1003,70,50,20,20,20,0,0,0,0,0,0,0,
AL122015,KATE,20,20151110,1200,,TS,29.5,-75.4,60,998,70,70,20,20,20,10,0,0,0,0,0,0,
AL122015,KATE,20,20151110,1800,,TS,31.2,-74.0,60,993,70,70,20,20,20,10,0,0,0,0,0,0,
AL122015,KATE,20,20151111,0,,HU,33.1,-71.3,65,990,80,80,60,20,20,30,0,0,0,20,0,0,
AL122015,KATE,20,20151111,600,,HU,35.2,-67.6,70,985,80,100,100,20,30,60,0,0,0,20,0,0,
AL012016,ALEX,42,20160107,0,,EX,26.6,-75.3,40,1010,150,0,150,170,0,0,0,0,0,0,0,0,
AL012016,ALEX,42,20160107,600,,EX,27.6,-74.7,45,1003,200,90,120,170,0,0,0,0,0,0,0,0,
AL012016,ALEX,42,20160107,1200,,EX,28.7,-73.8,50,997,250,120,100,170,0,0,70,70,0,0,0,0,
AL012016,ALEX,42,20160107,1800,,EX,30.0,-72.5,55,987,250,130,120,190,0,60,70,70,0,0,0,0,
AL012016,ALEX,42,20160108,0,,EX,31.4,-70.6,55,986,250,150,150,240,0,70,0,50,0,0,0,0,
AL012016,ALEX,42,20160108,600,,EX,32.4,-68.8,55,986,270,150,150,240,0,70,0,50,0,0,0,0,
AL022016,BONNIE,56,20160527,600,,LO,27.2,-72.1,30,1010,0,0,0,0,0,0,0,0,0,0,0,0,
AL022016,BONNIE,56,20160527,1200,,LO,27.7,-73.1,30,1009,0,0,0,0,0,0,0,0,0,0,0,0,
AL022016,BONNIE,56,20160527,1800,,TD,28.3,-74.4,30,1009,0,0,0,0,0,0,0,0,0,0,0,0,
AL022016,BONNIE,56,20160528,0,,TD,28.8,-75.5,30,1009,0,0,0,0,0,0,0,0,0,0,0,0,
AL022016,BONNIE,56,20160528,600,,TD,29.4,-76.7,30,1009,0,0,0,0,0,0,0,0,0,0,0,0,
AL022016,BONNIE,56,20160528,1200,,TS,30.0,-78.0,35,1008,0,0,0,50,0,0,0,0,0,0,0,0,
AL022016,BONNIE,56,20160528,1800,,TS,30.7,-79.1,40,1008,0,0,0,50,0,0,0,0,0,0,0,0,
AL022016,BONNIE,56,20160529,0,,TS,31.0,-79.4,40,1007,0,0,20,50,0,0,0,0,0,0,0,0,
AL022016,BONNIE,56,20160529,600,,TS,31.7,-79.4,35,1007,0,0,0,30,0,0,0,0,0,0,0,0,
AL022016,BONNIE,56,20160529,1200,,TD,32.7,-79.7,30,1007,0,0,0,0,0,0,0,0,0,0,0,0,
AL022016,BONNIE,56,20160529,1230,L,TD,32.8,-79.8,30,1007,0,0,0,0,0,0,0,0,0,0,0,0,
AL022016,BONNIE,56,20160529,1800,,TD,33.0,-80.3,30,1010,0,0,0,0,0,0,0,0,0,0,0,0,
AL022016,BONNIE,56,20160530,0,,TD,32.7,-80.3,25,1011,0,0,0,0,0,0,0,0,0,0,0,0,
AL022016,BONNIE,56,20160530,600,,TD,33.1,-80.0,25,1011,0,0,0,0,0,0,0,0,0,0,0,0,
AL022016,BONNIE,56,20160530,1200,,LO,33.3,-79.8,25,1012,0,0,0,0,0,0,0,0,0,0,0,0,
AL022016,BONNIE,56,20160530,1800,,LO,33.4,-79.6,25,1011,0,0,0,0,0,0,0,0,0,0,0,0,
AL022016,BONNIE,56,20160531,0,,LO,33.2,-79.3,25,1009,0,0,0,0,0,0,0,0,0,0,0,0,
AL022016,BONNIE,56,20160531,600,,LO,33.1,-78.8,25,1007,0,0,0,0,0,0,0,0,0,0,0,0,
AL022016,BONNIE,56,20160531,1200,,LO,33.2,-78.4,25,1007,0,0,0,0,0,0,0,0,0,0,0,0,
AL022016,BONNIE,56,20160531,1800,,LO,33.3,-78.0,25,1007,0,0,0,0,0,0,0,0,0,0,0,0,
AL022016,BONNIE,56,20160601,0,,LO,33.4,-77.7,20,1008,0,0,0,0,0,0,0,0,0,0,0,0,
AL022016,BONNIE,56,20160601,600,,LO,33.4,-77.3,20,1009,0,0,0,0,0,0,0,0,0,0,0,0,
AL022016,BONNIE,56,20160601,1200,,LO,33.4,-76.9,20,1009,0,0,0,0,0,0,0,0,0,0,0,0,
AL022016,BONNIE,56,20160601,1800,,LO,33.5,-76.4,20,1010,0,0,0,0,0,0,0,0,0,0,0,0,
AL022016,BONNIE,56,20160602,0,,TD,34.1,-76.0,20,1010,0,0,0,0,0,0,0,0,0,0,0,0,
AL022016,BONNIE,56,20160602,600,,TD,34.7,-75.7,25,1010,0,0,0,0,0,0,0,0,0,0,0,0,
AL022016,BONNIE,56,20160602,1200,,TD,35.1,-75.4,25,1009,0,0,0,0,0,0,0,0,0,0,0,0,
AL022016,BONNIE,56,20160602,1800,,TD,35.4,-75.0,30,1008,0,0,0,0,0,0,0,0,0,0,0,0,
AL022016,BONNIE,56,20160603,0,,TD,35.6,-74.5,30,1006,0,0,0,0,0,0,0,0,0,0,0,0,
AL022016,BONNIE,56,20160603,600,,TD,35.7,-73.7,30,1006,0,0,0,0,0,0,0,0,0,0,0,0,
AL022016,BONNIE,56,20160603,1200,,TS,35.9,-72.6,35,1006,0,30,0,0,0,0,0,0,0,0,0,0,
AL022016,BONNIE,56,20160603,1800,,TS,35.9,-71.4,35,1006,0,30,0,0,0,0,0,0,0,0,0,0,
AL022016,BONNIE,56,20160604,0,,TS,35.9,-70.2,35,1006,0,30,0,0,0,0,0,0,0,0,0,0,
AL022016,BONNIE,56,20160604,600,,TS,35.9,-68.9,35,1006,0,30,0,0,0,0,0,0,0,0,0,0,
AL022016,BONNIE,56,20160604,1200,,TD,35.6,-67.3,30,1007,0,0,0,0,0,0,0,0,0,0,0,0,
AL032016,COLIN,15,20160606,600,,TS,24.6,-87.6,40,1004,160,160,0,0,0,0,0,0,0,0,0,0,
AL032016,COLIN,15,20160606,1200,,TS,26.4,-87.3,45,1004,100,200,0,0,0,0,0,0,0,0,0,0,
AL032016,COLIN,15,20160606,1800,,TS,28.1,-86.1,45,1003,100,200,0,0,0,0,0,0,0,0,0,0,
AL032016,COLIN,15,20160607,0,,TS,29.4,-84.3,45,1001,100,200,0,0,0,0,0,0,0,0,0,0,
AL032016,COLIN,15,20160607,200,L,TS,29.8,-83.6,45,1001,100,200,0,0,0,0,0,0,0,0,0,0,
AL032016,COLIN,15,20160607,600,,TS,30.7,-82.1,45,1003,100,200,0,0,0,0,0,0,0,0,0,0,
AL032016,COLIN,15,20160607,1200,,EX,33.2,-78.5,45,1000,60,200,0,0,0,0,0,0,0,0,0,0,
AL032016,COLIN,15,20160607,1800,,EX,35.5,-74.4,50,996,60,210,0,0,0,100,0,0,0,0,0,0,
AL032016,COLIN,15,20160608,0,,EX,38.0,-70.0,50,994,60,240,120,0,0,100,0,0,0,0,0,0,
AL082016,EIGHT,21,20160828,1200,,TD,31.5,-69.6,30,1010,0,0,0,0,0,0,0,0,0,0,0,0,
AL082016,EIGHT,21,20160828,1800,,TD,31.7,-70.6,30,1010,0,0,0,0,0,0,0,0,0,0,0,0,
AL082016,EIGHT,21,20160829,0,,TD,32.0,-71.7,30,1010,0,0,0,0,0,0,0,0,0,0,0,0,
AL082016,EIGHT,21,20160829,600,,TD,32.4,-72.6,30,1010,0,0,0,0,0,0,0,0,0,0,0,0,
AL082016,EIGHT,21,20160829,1200,,TD,32.9,-73.2,30,1011,0,0,0,0,0,0,0,0,0,0,0,0,
AL082016,EIGHT,21,20160829,1800,,TD,33.4,-73.8,30,1012,0,0,0,0,0,0,0,0,0,0,0,0,
AL082016,EIGHT,21,20160830,0,,TD,33.7,-74.5,30,1012,0,0,0,0,0,0,0,0,0,0,0,0,
AL082016,EIGHT,21,20160830,600,,TD,33.9,-75.0,30,1011,0,0,0,0,0,0,0,0,0,0,0,0,
AL082016,EIGHT,21,20160830,1200,,TD,34.2,-75.0,30,1011,0,0,0,0,0,0,0,0,0,0,0,0,
AL082016,EIGHT,21,20160830,1800,,TD,34.4,-74.9,30,1011,0,0,0,0,0,0,0,0,0,0,0,0,
AL082016,EIGHT,21,20160831,0,,TD,34.6,-74.7,30,1011,0,0,0,0,0,0,0,0,0,0,0,0,
AL082016,EIGHT,21,20160831,600,,TD,34.8,-74.5,30,1011,0,0,0,0,0,0,0,0,0,0,0,0,
AL082016,EIGHT,21,20160831,1200,,TD,35.2,-73.8,30,1010,0,0,0,0,0,0,0,0,0,0,0,0,
AL082016,EIGHT,21,20160831,1800,,TD,35.9,-72.7,30,1010,0,0,0,0,0,0,0,0,0,0,0,0,
AL082016,EIGHT,21,20160901,0,,TD,36.8,-71.2,30,1010,0,0,0,0,0,0,0,0,0,0,0,0,
AL092016,HERMINE,47,20160828,1800,,TD,23.8,-81.4,30,1009,0,0,0,0,0,0,0,0,0,0,0,0,
AL092016,HERMINE,47,20160829,0,,TD,23.4,-82.4,30,1007,0,0,0,0,0,0,0,0,0,0,0,0,
AL092016,HERMINE,47,20160829,600,,TD,23.4,-83.3,30,1007,0,0,0,0,0,0,0,0,0,0,0,0,
AL092016,HERMINE,47,20160829,1200,,TD,23.5,-84.0,30,1007,0,0,0,0,0,0,0,0,0,0,0,0,
AL092016,HERMINE,47,20160829,1800,,TD,23.7,-84.6,30,1005,0,0,0,0,0,0,0,0,0,0,0,0,
AL092016,HERMINE,47,20160830,0,,TD,23.8,-85.4,30,1003,0,0,0,0,0,0,0,0,0,0,0,0,
AL092016,HERMINE,47,20160830,600,,TD,23.8,-86.2,30,1003,0,0,0,0,0,0,0,0,0,0,0,0,
AL092016,HERMINE,47,20160830,1200,,TD,23.9,-86.8,30,1003,0,0,0,0,0,0,0,0,0,0,0,0,
AL092016,HERMINE,47,20160830,1800,,TD,24.0,-87.3,30,1003,0,0,0,0,0,0,0,0,0,0,0,0,
AL092016,HERMINE,47,20160831,0,,TD,24.1,-87.8,30,1003,0,0,0,0,0,0,0,0,0,0,0,0,
AL092016,HERMINE,47,20160831,600,,TS,24.4,-88.0,35,1003,40,60,0,0,0,0,0,0,0,0,0,0,
AL092016,HERMINE,47,20160831,1200,,TS,24.8,-87.9,40,1003,70,90,0,0,0,0,0,0,0,0,0,0,
AL092016,HERMINE,47,20160831,1800,,TS,25.1,-87.7,45,1002,100,110,60,0,0,0,0,0,0,0,0,0,
AL092016,HERMINE,47,20160901,0,,TS,25.5,-87.2,50,999,120,120,90,0,20,20,0,0,0,0,0,0,
AL092016,HERMINE,47,20160901,600,,TS,26.0,-86.8,55,995,130,130,90,0,80,70,0,0,0,0,0,0,
AL092016,HERMINE,47,20160901,1200,,TS,26.9,-86.2,60,991,130,140,80,60,100,100,30,30,0,0,0,0,
AL092016,HERMINE,47,20160901,1800,,HU,27.9,-85.5,65,988,130,150,60,60,90,110,30,40,40,40,0,0,
AL092016,HERMINE,47,20160902,0,,HU,29.0,-84.8,70,983,130,150,60,60,70,110,40,30,40,40,30,0,
AL092016,HERMINE,47,20160902,530,L,HU,30.1,-84.1,70,981,130,150,60,60,70,110,40,30,30,40,30,0,20.0
AL092016,HERMINE,47,20160902,600,,HU,30.3,-84.0,65,982,130,150,60,40,40,110,30,20,20,30,0,0,
AL092016,HERMINE,47,20160902,800,R,TS,30.6,-83.8,60,984,130,150,60,40,40,110,30,20,0,0,0,0,
AL092016,HERMINE,47,20160902,1200,,TS,31.4,-82.8,50,989,130,160,30,30,20,100,0,0,0,0,0,0,
AL092016,HERMINE,47,20160902,1800,,TS,32.4,-81.2,50,990,130,160,20,20,0,100,0,0,0,0,0,0,
AL092016,HERMINE,47,20160903,0,,TS,33.6,-79.2,50,991,140,160,0,0,0,90,0,0,0,0,0,0,
AL092016,HERMINE,47,20160903,600,,TS,34.9,-77.2,55,993,140,160,0,0,20,80,0,0,0,0,0,0,
AL092016,HERMINE,47,20160903,1200,,EX,35.8,-75.5,60,995,150,160,70,70,40,60,0,40,0,0,0,0,
AL092016,HERMINE,47,20160903,1800,,EX,36.0,-74.1,60,997,170,170,90,100,60,50,60,60,0,0,0,0,
AL092016,HERMINE,47,20160904,0,,EX,36.3,-72.6,60,998,180,170,110,130,90,30,60,80,0,0,0,0,
AL092016,HERMINE,47,20160904,600,,EX,36.7,-71.3,60,998,190,170,130,160,110,20,0,90,0,0,0,0,
AL092016,HERMINE,47,20160904,1200,,EX,36.9,-70.1,60,998,190,170,150,180,130,0,0,100,0,0,0,0,
AL092016,HERMINE,47,20160904,1800,,EX,37.0,-69.0,60,998,200,170,160,200,150,0,0,110,0,0,0,0,
AL092016,HERMINE,47,20160905,0,,EX,37.2,-68.4,60,997,200,160,170,200,150,0,0,120,0,0,0,0,
AL092016,HERMINE,47,20160905,600,,EX,37.8,-68.2,60,996,200,160,170,200,150,0,0,130,0,0,0,0,
AL092016,HERMINE,47,20160905,1200,,EX,38.6,-68.5,55,995,190,150,160,190,140,0,0,140,0,0,0,0,
AL092016,HERMINE,47,20160905,1800,,EX,39.2,-69.3,55,995,180,150,150,170,120,0,0,140,0,0,0,0,
AL092016,HERMINE,47,20160906,0,,EX,39.5,-70.3,55,995,160,140,140,150,100,0,0,120,0,0,0,0,
AL092016,HERMINE,47,20160906,600,,EX,39.6,-71.2,50,996,130,130,130,130,80,0,0,80,0,0,0,0,
AL092016,HERMINE,47,20160906,1200,,EX,39.5,-71.8,45,997,110,120,120,100,0,0,0,0,0,0,0,0,
AL092016,HERMINE,47,20160906,1800,,EX,39.5,-72.3,40,998,80,110,100,90,0,0,0,0,0,0,0,0,
AL092016,HERMINE,47,20160907,0,,EX,39.2,-72.5,35,1000,60,90,90,70,0,0,0,0,0,0,0,0,
AL092016,HERMINE,47,20160907,600,,EX,39.0,-72.4,35,1002,50,70,80,50,0,0,0,0,0,0,0,0,
AL092016,HERMINE,47,20160907,1200,,EX,39.3,-72.3,30,1004,0,0,0,0,0,0,0,0,0,0,0,0,
AL092016,HERMINE,47,20160907,1800,,EX,39.5,-72.1,30,1007,0,0,0,0,0,0,0,0,0,0,0,0,
AL092016,HERMINE,47,20160908,0,,EX,39.6,-71.8,25,1008,0,0,0,0,0,0,0,0,0,0,0,0,
AL092016,HERMINE,47,20160908,600,,EX,39.9,-71.3,25,1009,0,0,0,0,0,0,0,0,0,0,0,0,
AL092016,HERMINE,47,20160908,1200,,EX,40.6,-70.7,25,1010,0,0,0,0,0,0,0,0,0,0,0,0,
AL092016,HERMINE,47,20160908,1800,,EX,41.7,-70.0,20,1010,0,0,0,0,0,0,0,0,0,0,0,0,
AL112016,JULIA,33,20160913,600,L,TD,27.3,-80.2,30,1010,0,0,0,0,0,0,0,0,0,0,0,0,
AL112016,JULIA,33,20160913,1200,,TS,28.0,-80.7,35,1010,40,40,0,0,0,0,0,0,0,0,0,0,
AL112016,JULIA,33,20160913,1800,,TS,29.0,-81.2,45,1010,50,50,0,0,0,0,0,0,0,0,0,0,
AL112016,JULIA,33,20160914,0,,TS,29.8,-81.5,45,1010,50,50,0,0,0,0,0,0,0,0,0,0,
AL112016,JULIA,33,20160914,600,,TS,30.5,-81.7,40,1011,70,0,0,0,0,0,0,0,0,0,0,0,
AL112016,JULIA,33,20160914,1200,,TS,31.3,-81.5,40,1011,100,0,0,0,0,0,0,0,0,0,0,0,
AL112016,JULIA,33,20160914,1800,,TS,31.8,-80.7,40,1009,100,0,0,60,0,0,0,0,0,0,0,0,
AL112016,JULIA,33,20160915,0,,TS,31.9,-80.1,40,1007,100,0,0,60,0,0,0,0,0,0,0,0,
AL112016,JULIA,33,20160915,600,,TS,31.9,-79.5,40,1007,70,0,0,0,0,0,0,0,0,0,0,0,
AL112016,JULIA,33,20160915,1200,,TS,31.9,-78.7,40,1007,70,0,0,0,0,0,0,0,0,0,0,0,
AL112016,JULIA,33,20160915,1800,,TS,31.9,-77.9,40,1007,70,0,0,0,0,0,0,0,0,0,0,0,
AL112016,JULIA,33,20160916,0,,TS,31.5,-77.2,40,1007,70,0,0,0,0,0,0,0,0,0,0,0,
AL112016,JULIA,33,20160916,600,,TS,31.2,-76.6,40,1008,60,0,0,0,0,0,0,0,0,0,0,0,
AL112016,JULIA,33,20160916,1200,,TS,31.1,-75.9,40,1008,60,0,0,30,0,0,0,0,0,0,0,0,
AL112016,JULIA,33,20160916,1800,,TS,30.9,-75.7,40,1008,30,0,0,30,0,0,0,0,0,0,0,0,
AL112016,JULIA,33,20160917,0,,TD,30.4,-76.0,30,1009,0,0,0,0,0,0,0,0,0,0,0,0,
AL112016,JULIA,33,20160917,600,,TD,30.3,-76.1,30,1009,0,0,0,0,0,0,0,0,0,0,0,0,
AL112016,JULIA,33,20160917,1200,,TD,30.2,-76.2,30,1010,0,0,0,0,0,0,0,0,0,0,0,0,
AL112016,JULIA,33,20160917,1800,,TD,30.4,-76.3,30,1010,0,0,0,0,0,0,0,0,0,0,0,0,
AL112016,JULIA,33,20160918,0,,TD,30.7,-76.4,30,1010,0,0,0,0,0,0,0,0,0,0,0,0,
AL112016,JULIA,33,20160918,600,,TD,31.1,-76.6,25,1010,0,0,0,0,0,0,0,0,0,0,0,0,
AL112016,JULIA,33,20160918,1200,,TD,31.7,-77.0,25,1010,0,0,0,0,0,0,0,0,0,0,0,0,
AL112016,JULIA,33,20160918,1800,,TD,32.0,-77.8,25,1010,0,0,0,0,0,0,0,0,0,0,0,0,
AL112016,JULIA,33,20160919,0,,LO,32.2,-78.3,30,1010,0,0,0,0,0,0,0,0,0,0,0,0,
AL112016,JULIA,33,20160919,600,,LO,32.4,-78.2,30,1011,0,0,0,0,0,0,0,0,0,0,0,0,
AL112016,JULIA,33,20160919,1200,,LO,32.8,-77.7,30,1011,0,0,0,0,0,0,0,0,0,0,0,0,
AL112016,JULIA,33,20160919,1800,,LO,33.2,-77.0,30,1011,0,0,0,0,0,0,0,0,0,0,0,0,
AL112016,JULIA,33,20160920,0,,EX,33.6,-76.5,30,1011,0,0,0,0,0,0,0,0,0,0,0,0,
AL112016,JULIA,33,20160920,600,,EX,34.3,-76.1,30,1011,0,0,0,0,0,0,0,0,0,0,0,0,
AL112016,JULIA,33,20160920,1200,,EX,35.0,-76.0,25,1011,0,0,0,0,0,0,0,0,0,0,0,0,
AL112016,JULIA,33,20160920,1800,,EX,35.5,-76.3,25,1011,0,0,0,0,0,0,0,0,0,0,0,0,
AL112016,JULIA,33,20160921,0,,EX,35.6,-76.9,25,1011,0,0,0,0,0,0,0,0,0,0,0,0,
AL112016,JULIA,33,20160921,600,,EX,35.4,-77.4,20,1012,0,0,0,0,0,0,0,0,0,0,0,0,
AL142016,MATTHEW,50,20161005,1800,,HU,22.2,-75.4,105,963,160,140,70,90,70,60,40,60,40,30,30,40,
AL142016,MATTHEW,50,20161006,0,,HU,23.0,-76.0,105,960,160,140,70,90,70,60,40,60,40,30,30,40,
AL142016,MATTHEW,50,20161006,600,,HU,23.8,-76.7,110,952,160,140,70,90,70,60,40,60,40,30,30,40,
AL142016,MATTHEW,50,20161006,1200,,HU,24.7,-77.5,120,937,160,140,70,100,70,60,40,60,40,40,30,40,
AL142016,MATTHEW,50,20161006,1800,,HU,25.7,-78.3,120,937,160,140,80,110,70,60,40,60,50,40,30,40,
AL142016,MATTHEW,50,20161007,0,L,HU,26.7,-79.0,115,937,170,150,80,120,70,70,50,60,50,40,30,40,
AL142016,MATTHEW,50,20161007,600,,HU,27.7,-79.7,110,939,170,150,80,120,70,70,50,60,50,40,30,40,
AL142016,MATTHEW,50,20161007,1200,,HU,28.9,-80.3,105,944,170,150,80,120,80,70,60,60,50,40,35,40,
AL142016,MATTHEW,50,20161007,1800,,HU,29.7,-80.7,100,946,170,150,80,120,80,70,60,60,50,40,35,40,
AL142016,MATTHEW,50,20161008,0,,HU,30.7,-80.6,95,949,180,150,80,120,80,70,50,50,50,50,30,35,
AL142016,MATTHEW,50,20161008,600,,HU,31.6,-80.6,85,953,180,160,90,130,80,70,50,40,40,40,25,30,
AL142016,MATTHEW,50,20161008,900,T,HU,32.1,-80.5,85,957,180,160,90,130,80,70,50,40,40,40,25,30,
AL142016,MATTHEW,50,20161008,1200,,HU,32.5,-79.9,80,963,190,160,90,140,70,70,60,30,30,25,20,0,
AL142016,MATTHEW,50,20161008,1500,L,HU,33.0,-79.5,75,967,190,160,90,140,70,70,60,30,30,25,20,0,
AL142016,MATTHEW,50,20161008,1800,,HU,33.5,-79.0,70,973,190,170,100,150,60,80,30,20,25,25,25,0,
AL142016,MATTHEW,50,20161009,0,,HU,33.9,-77.3,70,981,190,170,120,160,70,80,90,60,0,0,40,0,
AL142016,MATTHEW,50,20161009,600,,HU,34.7,-76.0,70,983,200,170,150,170,60,80,110,60,0,0,50,0,
AL142016,MATTHEW,50,20161009,1200,,EX,35.0,-74.5,65,984,200,180,180,190,50,60,90,90,0,0,50,0,
AL142016,MATTHEW,50,20161009,1800,,EX,35.2,-72.8,60,987,210,180,180,210,60,60,100,120,0,0,0,0,
AL142016,MATTHEW,50,20161010,0,,EX,35.3,-71.1,55,990,210,180,180,210,70,70,100,120,0,0,0,0,
AL032017,CINDY,20,20170620,0,,DB,24.0,-89.2,35,1000,180,0,0,0,0,0,0,0,0,0,0,0,
AL032017,CINDY,20,20170620,600,,DB,24.4,-89.8,35,999,180,0,0,0,0,0,0,0,0,0,0,0,
AL032017,CINDY,20,20170620,1200,,DB,25.0,-90.3,40,997,180,180,0,0,0,0,0,0,0,0,0,0,
AL032017,CINDY,20,20170620,1800,,TS,25.6,-90.6,45,996,210,150,0,60,0,0,0,0,0,0,0,0,
AL032017,CINDY,20,20170621,0,,TS,26.2,-90.9,50,995,240,120,50,120,0,0,0,80,0,0,0,0,
AL032017,CINDY,20,20170621,600,,TS,26.8,-91.5,50,994,240,120,50,120,0,0,0,80,0,0,0,0,
AL032017,CINDY,20,20170621,1200,,TS,27.3,-92.3,50,993,180,100,50,100,0,0,0,60,0,0,0,0,
AL032017,CINDY,20,20170621,1800,,TS,27.8,-93.0,45,993,120,100,50,100,0,0,0,0,0,0,0,0,
AL032017,CINDY,20,20170622,0,,TS,28.5,-93.4,45,992,100,100,50,100,0,0,0,0,0,0,0,0,
AL032017,CINDY,20,20170622,600,,TS,29.4,-93.6,45,991,100,100,60,60,0,0,0,0,0,0,0,0,
AL032017,CINDY,20,20170622,700,L,TS,29.8,-93.7,45,991,80,100,60,50,0,0,0,0,0,0,0,0,
AL032017,CINDY,20,20170622,1200,,TS,30.5,-93.8,40,993,0,60,80,0,0,0,0,0,0,0,0,0,
AL032017,CINDY,20,20170622,1800,,TS,31.6,-93.8,35,996,0,30,50,0,0,0,0,0,0,0,0,0,
AL032017,CINDY,20,20170623,0,,TD,32.8,-93.6,30,999,0,0,0,0,0,0,0,0,0,0,0,0,
AL032017,CINDY,20,20170623,600,,TD,34.2,-92.8,30,1000,0,0,0,0,0,0,0,0,0,0,0,0,
AL032017,CINDY,20,20170623,1200,,TD,35.5,-90.8,30,1001,0,0,0,0,0,0,0,0,0,0,0,0,
AL032017,CINDY,20,20170623,1800,,LO,36.7,-88.1,25,1002,0,0,0,0,0,0,0,0,0,0,0,0,
AL032017,CINDY,20,20170624,0,,LO,37.7,-84.4,25,1003,0,0,0,0,0,0,0,0,0,0,0,0,
AL032017,CINDY,20,20170624,600,,LO,38.9,-78.5,25,1003,0,0,0,0,0,0,0,0,0,0,0,0,
AL062017,EMILY,11,20170730,1800,,TD,28.4,-85.4,30,1009,0,0,0,0,0,0,0,0,0,0,0,0,
AL062017,EMILY,11,20170731,0,,TS,28.0,-84.6,35,1008,0,30,0,0,0,0,0,0,0,0,0,0,
AL062017,EMILY,11,20170731,600,,TS,27.7,-83.9,40,1006,20,40,40,0,0,0,0,0,0,0,0,0,
AL062017,EMILY,11,20170731,1200,,TS,27.5,-83.1,45,1003,20,50,40,0,0,0,0,0,0,0,0,0,
AL062017,EMILY,11,20170731,1445,L,TS,27.5,-82.7,50,1001,20,50,40,0,0,20,20,0,0,0,0,0,
AL062017,EMILY,11,20170731,1800,,TS,27.5,-82.2,35,1005,0,50,40,0,0,0,0,0,0,0,0,0,
AL062017,EMILY,11,20170801,0,,TD,27.5,-81.3,30,1006,0,0,0,0,0,0,0,0,0,0,0,0,
AL062017,EMILY,11,20170801,600,,TD,27.8,-80.4,30,1008,0,0,0,0,0,0,0,0,0,0,0,0,
AL062017,EMILY,11,20170801,1200,,TD,28.7,-79.5,30,1010,0,0,0,0,0,0,0,0,0,0,0,0,
AL062017,EMILY,11,20170801,1800,,TD,29.7,-78.6,30,1010,0,0,0,0,0,0,0,0,0,0,0,0,
AL062017,EMILY,11,20170802,0,,LO,30.7,-78.1,30,1011,0,0,0,0,0,0,0,0,0,0,0,0,
AL082017,GERT,28,20170813,1200,,TS,26.8,-71.2,35,1012,70,0,0,0,0,0,0,0,0,0,0,0,
AL082017,GERT,28,20170813,1800,,TS,27.7,-71.6,35,1012,70,0,0,0,0,0,0,0,0,0,0,0,
AL082017,GERT,28,20170814,0,,TS,28.5,-71.9,40,1009,80,60,0,0,0,0,0,0,0,0,0,0,
AL082017,GERT,28,20170814,600,,TS,29.2,-72.1,45,1006,80,60,0,0,0,0,0,0,0,0,0,0,
AL082017,GERT,28,20170814,1200,,TS,29.7,-72.2,50,1002,80,60,0,0,40,30,0,0,0,0,0,0,
AL082017,GERT,28,20170814,1800,,TS,30.2,-72.3,55,996,90,80,30,50,50,40,0,30,0,0,0,0,
AL082017,GERT,28,20170815,0,,TS,30.8,-72.3,60,992,90,80,40,50,50,40,0,30,0,0,0,0,
AL082017,GERT,28,20170815,600,,HU,31.5,-72.3,65,986,90,80,50,50,50,40,0,30,20,20,0,0,
AL082017,GERT,28,20170815,1200,,HU,32.3,-72.1,70,982,90,90,60,50,50,50,0,30,20,20,0,0,
AL082017,GERT,28,20170815,1800,,HU,33.2,-71.8,70,980,100,100,60,50,50,50,0,30,20,20,0,0,
AL082017,GERT,28,20170816,0,,HU,34.2,-71.0,75,976,100,100,60,50,50,50,0,30,20,20,0,0,
AL082017,GERT,28,20170816,600,,HU,35.4,-69.5,80,973,110,110,70,40,50,50,40,20,30,30,20,10,
AL082017,GERT,28,20170816,1200,,HU,36.8,-67.1,85,969,120,120,70,40,50,50,40,20,30,30,20,10,
AL092017,HARVEY,74,20170824,1800,,HU,24.4,-93.6,70,978,80,40,30,60,30,20,20,30,20,0,0,0,
AL092017,HARVEY,74,20170825,0,,HU,25.0,-94.4,80,973,90,50,40,60,30,20,20,30,20,10,10,10,
AL092017,HARVEY,74,20170825,600,,HU,25.6,-95.1,90,966,120,50,40,90,30,30,20,30,20,20,10,20,
AL092017,HARVEY,74,20170825,1200,,HU,26.3,-95.8,95,949,120,90,80,100,50,40,40,30,30,20,10,20,
AL092017,HARVEY,74,20170825,1800,,HU,27.1,-96.3,105,943,120,90,80,100,50,40,40,40,30,25,20,25,
AL092017,HARVEY,74,20170826,0,,HU,27.8,-96.8,115,941,120,90,80,70,60,40,40,40,35,25,20,25,
AL092017,HARVEY,74,20170826,300,L,HU,28.0,-96.9,115,937,120,90,80,70,60,40,40,40,35,25,20,25,10.0
AL092017,HARVEY,74,20170826,600,L,HU,28.2,-97.1,105,948,120,100,70,70,50,50,30,40,30,25,20,25,10.0
AL092017,HARVEY,74,20170826,1200,,HU,28.7,-97.3,65,978,120,100,70,70,50,50,30,40,25,20,15,20,
AL092017,HARVEY,74,20170826,1800,,TS,29.0,-97.5,50,991,75,100,30,50,40,40,20,30,0,0,0,0,
AL092017,HARVEY,74,20170827,0,,TS,29.2,-97.4,45,995,50,100,30,50,0,0,0,0,0,0,0,0,
AL092017,HARVEY,74,20170827,600,,TS,29.3,-97.6,40,998,50,100,30,50,0,0,0,0,0,0,0,0,
AL092017,HARVEY,74,20170827,1200,,TS,29.1,-97.5,35,998,150,60,0,30,0,0,0,0,0,0,0,0,
AL092017,HARVEY,74,20170827,1800,,TS,29.0,-97.2,35,998,120,60,30,60,0,0,0,0,0,0,0,0,
AL092017,HARVEY,74,20170828,0,,TS,28.8,-96.8,35,997,120,60,30,60,0,0,0,0,0,0,0,0,
AL092017,HARVEY,74,20170828,600,,TS,28.6,-96.5,40,997,150,150,30,60,0,0,0,0,0,0,0,0,
AL092017,HARVEY,74,20170828,1200,,TS,28.5,-96.2,40,997,150,150,30,0,0,0,0,0,0,0,0,0,
AL092017,HARVEY,74,20170828,1800,,TS,28.4,-95.9,40,997,150,150,60,0,0,0,0,0,0,0,0,0,
AL092017,HARVEY,74,20170829,0,,TS,28.2,-95.4,40,996,150,150,60,60,0,0,0,0,0,0,0,0,
AL092017,HARVEY,74,20170829,600,,TS,28.1,-95.0,40,996,150,150,60,60,0,0,0,0,0,0,0,0,
AL092017,HARVEY,74,20170829,1200,,TS,28.2,-94.6,40,995,140,140,60,60,0,0,0,0,0,0,0,0,
AL092017,HARVEY,74,20170829,1800,,TS,28.5,-94.2,45,993,100,140,60,60,0,0,0,0,0,0,0,0,
AL092017,HARVEY,74,20170830,0,,TS,28.9,-93.8,45,994,100,140,60,60,0,0,0,0,0,0,0,0,
AL092017,HARVEY,74,20170830,600,,TS,29.4,-93.6,40,990,70,70,70,70,0,0,0,0,0,0,0,0,
AL092017,HARVEY,74,20170830,800,L,TS,29.8,-93.5,40,991,60,60,70,70,0,0,0,0,0,0,0,0,
AL092017,HARVEY,74,20170830,1200,,TS,30.1,-93.4,40,992,40,60,70,40,0,0,0,0,0,0,0,0,
AL092017,HARVEY,74,20170830,1800,,TS,30.6,-93.1,35,996,0,60,70,0,0,0,0,0,0,0,0,0,
AL092017,HARVEY,74,20170831,0,,TD,31.3,-92.6,30,998,0,0,0,0,0,0,0,0,0,0,0,0,
AL092017,HARVEY,74,20170831,600,,TD,31.9,-92.2,25,999,0,0,0,0,0,0,0,0,0,0,0,0,
AL092017,HARVEY,74,20170831,1200,,TD,32.5,-91.7,20,1001,0,0,0,0,0,0,0,0,0,0,0,0,
AL092017,HARVEY,74,20170831,1800,,TD,33.4,-90.9,25,1001,0,0,0,0,0,0,0,0,0,0,0,0,
AL092017,HARVEY,74,20170901,0,,TD,34.1,-89.6,30,1000,0,0,0,0,0,0,0,0,0,0,0,0,
AL092017,HARVEY,74,20170901,600,,EX,34.9,-88.2,30,1002,0,0,0,0,0,0,0,0,0,0,0,0,
AL092017,HARVEY,74,20170901,1200,,EX,36.0,-87.1,25,1002,0,0,0,0,0,0,0,0,0,0,0,0,
AL092017,HARVEY,74,20170901,1800,,EX,36.5,-86.4,20,1004,0,0,0,0,0,0,0,0,0,0,0,0,
AL092017,HARVEY,74,20170902,0,,EX,37.2,-85.6,20,1007,0,0,0,0,0,0,0,0,0,0,0,0,
AL092017,HARVEY,74,20170902,600,,EX,37.9,-84.9,20,1009,0,0,0,0,0,0,0,0,0,0,0,0,
AL092017,HARVEY,74,20170902,1200,,EX,38.2,-84.7,15,1013,0,0,0,0,0,0,0,0,0,0,0,0,
AL112017,IRMA,66,20170908,500,L,HU,21.5,-73.0,135,924,160,120,90,150,100,80,50,80,60,50,30,55,
AL112017,IRMA,66,20170908,600,,HU,21.5,-73.2,135,925,160,120,90,150,100,80,50,80,60,50,30,55,
AL112017,IRMA,66,20170908,1200,,HU,21.8,-74.7,135,927,160,120,100,150,100,90,50,80,60,50,30,55,
AL112017,IRMA,66,20170909,1200,,HU,22.7,-79.3,110,941,160,160,120,170,100,90,60,90,60,60,30,60,
AL112017,IRMA,66,20170909,1800,,HU,23.1,-80.2,95,938,180,160,120,180,100,90,70,90,60,60,30,60,
AL112017,IRMA,66,20170910,0,,HU,23.4,-80.9,100,932,210,170,120,180,100,100,70,90,60,60,30,60,
AL112017,IRMA,66,20170910,600,,HU,23.7,-81.3,115,930,240,170,140,190,110,110,70,100,70,60,30,50,
AL112017,IRMA,66,20170910,1200,,HU,24.5,-81.5,115,931,270,180,140,210,120,120,70,100,70,60,30,50,
AL112017,IRMA,66,20170910,1300,L,HU,24.7,-81.5,115,931,270,180,140,210,120,120,80,110,70,60,30,50,10.0
AL112017,IRMA,66,20170910,1800,,HU,25.6,-81.7,100,936,300,190,140,220,130,130,80,110,70,60,30,50,
AL112017,IRMA,66,20170910,1930,L,HU,25.9,-81.7,100,936,330,190,140,220,130,130,80,110,70,60,30,50,15.0
AL112017,IRMA,66,20170911,0,,HU,26.8,-81.7,80,942,360,200,150,240,140,140,90,120,60,60,30,50,
AL112017,IRMA,66,20170911,600,,HU,28.2,-82.2,65,961,360,210,150,240,140,140,90,120,30,30,20,50,
AL112017,IRMA,66,20170911,1200,,TS,29.6,-82.7,50,970,360,230,150,240,140,140,90,120,0,0,0,0,
AL112017,IRMA,66,20170911,1800,,TS,30.9,-83.5,45,980,360,250,150,240,0,0,0,0,0,0,0,0,
AL112017,IRMA,66,20170912,0,,TS,31.9,-84.4,35,986,360,270,0,0,0,0,0,0,0,0,0,0,
AL112017,IRMA,66,20170912,600,,LO,32.9,-85.6,25,997,0,0,0,0,0,0,0,0,0,0,0,0,
AL112017,IRMA,66,20170912,1200,,LO,33.8,-86.9,20,1000,0,0,0,0,0,0,0,0,0,0,0,0,
AL112017,IRMA,66,20170912,1800,,LO,34.8,-88.1,15,1003,0,0,0,0,0,0,0,0,0,0,0,0,
AL112017,IRMA,66,20170913,0,,LO,35.6,-88.9,15,1004,0,0,0,0,0,0,0,0,0,0,0,0,
AL112017,IRMA,66,20170913,600,,LO,36.2,-89.5,15,1004,0,0,0,0,0,0,0,0,0,0,0,0,
AL112017,IRMA,66,20170913,1200,,LO,36.8,-90.1,15,1005,0,0,0,0,0,0,0,0,0,0,0,0,
AL122017,JOSE,85,20170916,0,,HU,27.2,-70.7,65,983,130,120,80,90,60,60,30,40,30,15,0,20,
AL122017,JOSE,85,20170916,600,,HU,27.7,-71.4,65,983,130,130,80,90,70,70,30,50,30,15,0,20,
AL122017,JOSE,85,20170916,1200,,HU,28.2,-71.8,65,980,140,140,80,100,70,70,30,50,35,15,0,20,
AL122017,JOSE,85,20170916,1800,,HU,28.6,-72.0,65,973,150,140,90,100,80,70,40,60,35,20,15,20,
AL122017,JOSE,85,20170917,0,,HU,29.1,-72.0,70,971,150,150,90,110,80,80,40,60,40,25,15,20,
AL122017,JOSE,85,20170917,600,,HU,29.8,-72.0,75,969,160,150,90,120,90,80,40,70,40,30,15,25,
AL122017,JOSE,85,20170917,1200,,HU,30.5,-71.9,80,967,170,160,100,120,90,80,40,80,40,40,20,35,
AL122017,JOSE,85,20170917,1800,,HU,31.2,-71.8,80,967,180,170,100,130,90,80,50,80,45,45,20,40,
AL122017,JOSE,85,20170918,0,,HU,31.9,-71.6,80,972,180,170,110,140,100,80,50,80,45,40,20,50,
AL122017,JOSE,85,20170918,600,,HU,32.7,-71.4,75,974,190,180,120,140,100,80,50,90,50,30,20,50,
AL122017,JOSE,85,20170918,1200,,HU,33.5,-71.2,70,976,200,180,120,150,100,80,60,90,50,0,0,50,
AL122017,JOSE,85,20170918,1800,,HU,34.2,-71.2,65,975,200,190,130,150,100,70,60,90,50,0,0,45,
AL122017,JOSE,85,20170919,0,,HU,34.9,-71.4,65,972,210,190,140,160,110,70,70,100,45,0,0,40,
AL122017,JOSE,85,20170919,600,,HU,35.6,-71.6,65,971,210,190,140,170,110,70,70,100,40,0,0,40,
AL122017,JOSE,85,20170919,1200,,TS,36.3,-71.7,60,973,210,190,150,170,100,70,70,100,0,0,0,0,
AL122017,JOSE,85,20170919,1800,,TS,37.0,-71.5,60,973,210,200,160,170,100,60,80,100,0,0,0,0,
AL122017,JOSE,85,20170920,0,,TS,37.6,-71.2,60,973,210,200,160,180,90,60,80,100,0,0,0,0,
AL122017,JOSE,85,20170920,600,,TS,38.1,-70.8,60,975,210,190,170,180,80,60,80,90,0,0,0,0,
AL122017,JOSE,85,20170920,1200,,TS,38.7,-70.2,60,976,200,190,170,180,70,70,90,90,0,0,0,0,
AL122017,JOSE,85,20170920,1800,,TS,39.2,-69.4,60,976,200,190,180,180,60,70,90,90,0,0,0,0,
AL122017,JOSE,85,20170921,0,,TS,39.4,-68.5,55,979,190,180,180,180,50,80,90,90,0,0,0,0,
AL122017,JOSE,85,20170921,600,,TS,39.7,-68.1,55,982,180,170,180,180,0,0,90,80,0,0,0,0,
AL122017,JOSE,85,20170921,1200,,TS,39.7,-68.0,55,984,170,170,180,170,0,0,90,80,0,0,0,0,
AL122017,JOSE,85,20170921,1800,,TS,39.5,-68.0,50,984,160,150,180,170,0,0,90,80,0,0,0,0,
AL122017,JOSE,85,20170922,0,,TS,39.5,-68.2,45,986,150,140,170,160,0,0,0,0,0,0,0,0,
AL122017,JOSE,85,20170922,600,,TS,39.6,-68.6,45,989,150,130,160,150,0,0,0,0,0,0,0,0,
AL122017,JOSE,85,20170922,1200,,TS,39.7,-69.0,40,992,140,120,140,140,0,0,0,0,0,0,0,0,
AL122017,JOSE,85,20170922,1800,,LO,39.7,-69.1,40,996,0,0,130,130,0,0,0,0,0,0,0,0,
AL122017,JOSE,85,20170923,0,,LO,39.7,-69.3,35,999,0,0,110,120,0,0,0,0,0,0,0,0,
AL122017,JOSE,85,20170923,600,,LO,39.5,-69.6,35,1002,0,0,100,110,0,0,0,0,0,0,0,0,
AL122017,JOSE,85,20170923,1200,,LO,39.1,-69.7,30,1004,0,0,0,0,0,0,0,0,0,0,0,0,
AL122017,JOSE,85,20170923,1800,,LO,38.7,-69.1,30,1007,0,0,0,0,0,0,0,0,0,0,0,0,
AL122017,JOSE,85,20170924,0,,LO,38.7,-68.7,25,1009,0,0,0,0,0,0,0,0,0,0,0,0,
AL122017,JOSE,85,20170924,600,,LO,38.9,-68.4,25,1010,0,0,0,0,0,0,0,0,0,0,0,0,
AL122017,JOSE,85,20170924,1200,,LO,38.9,-68.0,20,1011,0,0,0,0,0,0,0,0,0,0,0,0,
AL122017,JOSE,85,20170924,1800,,LO,38.7,-68.2,15,1011,0,0,0,0,0,0,0,0,0,0,0,0,
AL122017,JOSE,85,20170925,0,,LO,38.7,-68.7,15,1012,0,0,0,0,0,0,0,0,0,0,0,0,
AL122017,JOSE,85,20170925,600,,LO,38.7,-69.2,15,1013,0,0,0,0,0,0,0,0,0,0,0,0,
AL152017,MARIA,68,20170923,0,,HU,23.7,-71.6,105,953,160,130,100,120,80,60,60,70,50,40,35,30,
AL152017,MARIA,68,20170923,600,,HU,24.4,-71.9,100,952,170,170,100,120,90,90,60,70,50,40,35,30,
AL152017,MARIA,68,20170923,1200,,HU,25.1,-72.1,100,952,170,170,100,150,90,90,60,70,50,40,35,40,
AL152017,MARIA,68,20170923,1800,,HU,25.9,-72.3,100,952,210,200,100,150,90,80,60,80,50,40,35,45,
AL152017,MARIA,68,20170924,0,,HU,26.6,-72.4,100,945,210,200,100,150,100,80,60,80,50,40,35,45,
AL152017,MARIA,68,20170924,600,,HU,27.5,-72.6,95,942,210,200,120,160,100,80,60,80,50,40,35,45,
AL152017,MARIA,68,20170924,1200,,HU,28.4,-72.8,95,947,210,200,120,160,100,80,60,80,50,40,35,45,
AL152017,MARIA,68,20170924,1800,,HU,29.1,-72.9,90,943,200,200,140,160,100,100,70,90,50,40,35,45,
AL152017,MARIA,68,20170925,0,,HU,29.7,-72.9,85,947,200,200,140,160,100,100,70,90,50,40,35,45,
AL152017,MARIA,68,20170925,600,,HU,30.3,-72.9,75,954,200,200,160,170,100,100,90,90,60,60,0,0,
AL152017,MARIA,68,20170925,1200,,HU,30.8,-73.0,70,961,200,200,160,160,120,120,90,90,80,80,0,0,
AL152017,MARIA,68,20170925,1800,,HU,31.4,-73.1,70,966,180,180,160,160,120,120,90,90,90,90,0,0,
AL152017,MARIA,68,20170926,0,,HU,32.0,-73.1,70,966,180,180,160,160,120,120,90,90,90,90,0,0,
AL152017,MARIA,68,20170926,600,,HU,32.6,-73.1,65,970,200,210,160,160,120,120,90,90,90,90,0,0,
AL152017,MARIA,68,20170926,1200,,HU,33.3,-73.1,65,970,200,210,160,160,120,120,90,90,90,90,0,0,
AL152017,MARIA,68,20170926,1800,,HU,33.9,-73.1,65,975,200,200,160,160,120,120,80,100,90,90,0,90,
AL152017,MARIA,68,20170927,0,,HU,34.4,-73.0,65,975,200,200,160,160,120,120,80,100,90,90,0,90,
AL152017,MARIA,68,20170927,600,,HU,34.9,-72.9,65,976,200,200,160,150,120,120,0,100,90,0,0,90,
AL152017,MARIA,68,20170927,1200,,HU,35.4,-72.8,65,977,200,200,160,150,120,120,0,100,90,0,0,90,
AL152017,MARIA,68,20170927,1800,,HU,36.0,-72.6,65,979,200,200,160,150,120,120,0,100,90,0,0,90,
AL152017,MARIA,68,20170928,0,,HU,36.6,-72.2,65,979,200,200,160,150,120,120,0,100,90,0,0,90,
AL152017,MARIA,68,20170928,600,,TS,36.7,-71.3,60,982,180,210,160,150,90,90,70,80,0,0,0,0,
AL152017,MARIA,68,20170928,1200,,TS,36.8,-70.0,60,982,180,210,160,150,90,90,70,80,0,0,0,0,
AL152017,MARIA,68,20170928,1800,,TS,36.8,-68.6,55,985,180,210,160,150,90,90,70,80,0,0,0,0,
AL152017,MARIA,68,20170929,0,,TS,36.9,-66.8,55,985,180,200,160,150,90,90,70,80,0,0,0,0,
AL162017,NATE,32,20171007,1200,,HU,25.7,-87.9,80,986,110,90,50,40,60,50,0,0,30,30,0,0,
AL162017,NATE,32,20171007,1800,,HU,27.6,-88.9,80,981,110,100,50,80,60,60,0,30,35,35,0,0,
AL162017,NATE,32,20171008,0,L,HU,29.1,-89.2,75,983,110,100,40,70,50,50,0,20,30,30,0,0,15.0
AL162017,NATE,32,20171008,520,L,HU,30.4,-89.0,65,984,90,100,40,70,40,50,0,0,25,30,0,0,20.0
AL162017,NATE,32,20171008,600,,TS,30.5,-88.9,60,984,60,100,0,0,20,30,0,0,0,0,0,0,
AL162017,NATE,32,20171008,1200,,TS,32.2,-88.0,35,993,0,40,0,0,0,0,0,0,0,0,0,0,
AL162017,NATE,32,20171008,1800,,TD,34.1,-87.1,25,996,0,0,0,0,0,0,0,0,0,0,0,0,
AL162017,NATE,32,20171009,0,,LO,36.2,-85.7,20,999,0,0,0,0,0,0,0,0,0,0,0,0,
AL162017,NATE,32,20171009,600,,EX,39.1,-83.4,20,1004,0,0,0,0,0,0,0,0,0,0,0,0,
AL162017,NATE,32,20171009,1200,,EX,41.5,-80.5,25,1005,0,0,0,0,0,0,0,0,0,0,0,0,
AL162017,NATE,32,20171009,1800,,EX,43.1,-76.3,25,1005,0,0,0,0,0,0,0,0,0,0,0,0,
AL162017,NATE,32,20171010,0,,EX,44.2,-72.0,25,1006,0,0,0,0,0,0,0,0,0,0,0,0,
AL162017,NATE,32,20171010,600,,EX,45.6,-67.6,25,1006,0,0,0,0,0,0,0,0,0,0,0,0,
AL162017,NATE,32,20171010,1200,,EX,46.1,-63.9,25,1007,0,0,0,0,0,0,0,0,0,0,0,0,
AL012018,ALBERTO,26,20180527,0,,SS,23.6,-84.8,35,1000,120,100,0,0,0,0,0,0,0,0,0,0,
AL012018,ALBERTO,26,20180527,600,,SS,24.9,-84.3,35,998,120,100,0,0,0,0,0,0,0,0,0,0,
AL012018,ALBERTO,26,20180527,1200,,SS,26.6,-84.4,40,995,110,90,0,60,0,0,0,0,0,0,0,0,
AL012018,ALBERTO,26,20180527,1800,,SS,27.6,-85.0,45,992,100,80,40,70,0,0,0,0,0,0,0,0,
AL012018,ALBERTO,26,20180528,0,,TS,28.2,-85.8,55,991,100,70,40,80,40,40,0,0,0,0,0,0,
AL012018,ALBERTO,26,20180528,600,,TS,28.6,-86.0,55,990,90,70,50,90,40,40,0,0,0,0,0,0,
AL012018,ALBERTO,26,20180528,1200,,TS,29.1,-85.9,50,991,90,70,50,80,40,40,0,0,0,0,0,0,
AL012018,ALBERTO,26,20180528,1800,,TS,29.8,-85.9,45,991,80,60,40,70,0,0,0,0,0,0,0,0,
AL012018,ALBERTO,26,20180528,2100,L,TS,30.3,-86.0,40,992,80,60,40,60,0,0,0,0,0,0,0,0,
AL012018,ALBERTO,26,20180529,0,,TD,30.9,-86.1,30,993,0,0,0,0,0,0,0,0,0,0,0,0,
AL012018,ALBERTO,26,20180529,600,,TD,31.9,-86.6,30,994,0,0,0,0,0,0,0,0,0,0,0,0,
AL012018,ALBERTO,26,20180529,1200,,TD,33.0,-87.0,30,996,0,0,0,0,0,0,0,0,0,0,0,0,
AL012018,ALBERTO,26,20180529,1800,,TD,34.2,-87.3,30,997,0,0,0,0,0,0,0,0,0,0,0,0,
AL012018,ALBERTO,26,20180530,0,,TD,35.4,-87.6,30,998,0,0,0,0,0,0,0,0,0,0,0,0,
AL012018,ALBERTO,26,20180530,600,,TD,36.7,-87.9,30,998,0,0,0,0,0,0,0,0,0,0,0,0,
AL012018,ALBERTO,26,20180530,1200,,TD,38.2,-87.7,30,998,0,0,0,0,0,0,0,0,0,0,0,0,
AL012018,ALBERTO,26,20180530,1800,,TD,39.9,-87.0,30,998,0,0,0,0,0,0,0,0,0,0,0,0,
AL012018,ALBERTO,26,20180531,0,,TD,41.5,-86.0,30,997,0,0,0,0,0,0,0,0,0,0,0,0,
AL012018,ALBERTO,26,20180531,600,,LO,43.5,-84.6,30,995,0,0,0,0,0,0,0,0,0,0,0,0,
AL012018,ALBERTO,26,20180531,1200,,LO,46.0,-83.3,30,995,0,0,0,0,0,0,0,0,0,0,0,0,
AL022018,BERYL,52,20180711,0,,DB,21.3,-73.0,25,1013,0,0,0,0,0,0,0,0,0,0,0,0,
AL022018,BERYL,52,20180711,600,,DB,22.4,-73.6,25,1013,0,0,0,0,0,0,0,0,0,0,0,0,
AL022018,BERYL,52,20180711,1200,,DB,23.7,-73.8,25,1013,0,0,0,0,0,0,0,0,0,0,0,0,
AL022018,BERYL,52,20180711,1800,,DB,25.2,-73.8,25,1013,0,0,0,0,0,0,0,0,0,0,0,0,
AL022018,BERYL,52,20180712,0,,DB,26.7,-73.6,25,1013,0,0,0,0,0,0,0,0,0,0,0,0,
AL022018,BERYL,52,20180712,600,,DB,28.2,-73.1,25,1013,0,0,0,0,0,0,0,0,0,0,0,0,
AL022018,BERYL,52,20180712,1200,,DB,29.6,-72.4,25,1013,0,0,0,0,0,0,0,0,0,0,0,0,
AL022018,BERYL,52,20180712,1800,,DB,30.8,-71.6,25,1013,0,0,0,0,0,0,0,0,0,0,0,0,
AL022018,BERYL,52,20180713,0,,DB,31.9,-70.7,25,1013,0,0,0,0,0,0,0,0,0,0,0,0,
AL022018,BERYL,52,20180713,600,,DB,32.6,-70.1,25,1013,0,0,0,0,0,0,0,0,0,0,0,0,
AL022018,BERYL,52,20180713,1200,,LO,33.3,-69.4,25,1013,0,0,0,0,0,0,0,0,0,0,0,0,
AL022018,BERYL,52,20180713,1800,,LO,33.9,-68.6,25,1013,0,0,0,0,0,0,0,0,0,0,0,0,
AL022018,BERYL,52,20180714,0,,LO,34.5,-68.0,25,1013,0,0,0,0,0,0,0,0,0,0,0,0,
AL032018,CHRIS,50,20180705,1200,,LO,30.7,-69.7,20,1021,0,0,0,0,0,0,0,0,0,0,0,0,
AL032018,CHRIS,50,20180705,1800,,LO,30.8,-70.7,20,1020,0,0,0,0,0,0,0,0,0,0,0,0,
AL032018,CHRIS,50,20180706,0,,LO,30.9,-71.7,25,1019,0,0,0,0,0,0,0,0,0,0,0,0,
AL032018,CHRIS,50,20180706,600,,LO,31.2,-72.6,25,1018,0,0,0,0,0,0,0,0,0,0,0,0,
AL032018,CHRIS,50,20180706,1200,,TD,31.5,-73.1,25,1016,0,0,0,0,0,0,0,0,0,0,0,0,
AL032018,CHRIS,50,20180706,1800,,TD,31.8,-73.6,25,1016,0,0,0,0,0,0,0,0,0,0,0,0,
AL032018,CHRIS,50,20180707,0,,TD,32.2,-74.2,25,1015,0,0,0,0,0,0,0,0,0,0,0,0,
AL032018,CHRIS,50,20180707,600,,TD,32.6,-74.6,25,1015,0,0,0,0,0,0,0,0,0,0,0,0,
AL032018,CHRIS,50,20180707,1200,,TD,32.7,-74.9,25,1015,0,0,0,0,0,0,0,0,0,0,0,0,
AL032018,CHRIS,50,20180707,1800,,TD,32.8,-75.2,30,1014,0,0,0,0,0,0,0,0,0,0,0,0,
AL032018,CHRIS,50,20180708,0,,TD,32.9,-75.3,30,1012,0,0,0,0,0,0,0,0,0,0,0,0,
AL032018,CHRIS,50,20180708,600,,TS,33.1,-75.4,35,1010,0,50,0,0,0,0,0,0,0,0,0,0,
AL032018,CHRIS,50,20180708,1200,,TS,33.1,-75.0,35,1008,50,50,0,0,0,0,0,0,0,0,0,0,
AL032018,CHRIS,50,20180708,1800,,TS,32.8,-74.8,40,1007,50,50,0,30,0,0,0,0,0,0,0,0,
AL032018,CHRIS,50,20180709,0,,TS,32.6,-74.6,45,1005,50,60,30,40,0,0,0,0,0,0,0,0,
AL032018,CHRIS,50,20180709,600,,TS,32.4,-74.5,45,1001,60,60,40,50,0,0,0,0,0,0,0,0,
AL032018,CHRIS,50,20180709,1200,,TS,32.2,-74.6,50,999,60,60,50,60,30,20,20,30,0,0,0,0,
AL032018,CHRIS,50,20180709,1800,,TS,32.1,-74.4,55,996,60,60,60,60,30,30,30,30,0,0,0,0,
AL032018,CHRIS,50,20180710,0,,TS,32.2,-74.3,60,994,60,60,60,60,30,30,30,30,0,0,0,0,
AL032018,CHRIS,50,20180710,600,,TS,32.4,-74.1,60,992,60,60,60,60,30,30,30,30,0,0,0,0,
AL032018,CHRIS,50,20180710,1200,,HU,32.9,-73.5,65,990,60,60,60,60,30,30,30,30,15,0,0,0,
AL032018,CHRIS,50,20180710,1800,,HU,33.4,-72.8,75,983,80,80,60,60,50,50,30,30,15,15,0,0,
AL032018,CHRIS,50,20180711,0,,HU,33.9,-71.9,90,969,80,80,60,60,50,50,30,30,20,20,15,15,
AL032018,CHRIS,50,20180711,600,,HU,34.6,-70.7,90,969,80,80,60,60,50,50,30,30,20,20,15,15,
AL032018,CHRIS,50,20180711,1200,,HU,35.6,-69.1,85,973,100,110,80,70,50,60,30,30,20,25,20,15,
AL032018,CHRIS,50,20180711,1800,,HU,37.0,-66.8,80,976,120,140,110,80,60,70,50,30,25,30,30,0,
AL062018,FLORENCE,79,20180912,1200,,HU,29.4,-70.7,115,945,150,140,110,130,90,80,60,70,60,60,40,50,
AL062018,FLORENCE,79,20180912,1800,,HU,30.4,-71.9,110,949,170,140,110,140,90,80,60,70,60,60,40,50,
AL062018,FLORENCE,79,20180913,0,,HU,31.5,-73.2,105,955,170,140,110,140,110,80,70,80,70,60,50,60,
AL062018,FLORENCE,79,20180913,600,,HU,32.4,-74.2,100,955,170,150,110,140,100,90,70,80,70,60,50,60,
AL062018,FLORENCE,79,20180913,1200,,HU,33.1,-75.1,95,954,170,150,120,140,100,90,80,80,70,60,50,60,
AL062018,FLORENCE,79,20180913,1800,,HU,33.6,-76.0,90,953,170,150,120,140,100,90,80,80,70,60,50,60,
AL062018,FLORENCE,79,20180914,0,,HU,34.0,-76.5,90,952,170,150,130,100,100,80,80,70,70,60,50,50,
AL062018,FLORENCE,79,20180914,600,,HU,34.2,-77.2,85,952,170,150,130,100,100,80,80,70,70,60,60,50,
AL062018,FLORENCE,79,20180914,1115,L,HU,34.2,-77.8,80,956,170,150,140,90,100,80,80,60,70,60,60,40,25.0
AL062018,FLORENCE,79,20180914,1200,,HU,34.1,-77.9,80,957,170,150,140,80,100,80,80,40,60,60,60,20,
AL062018,FLORENCE,79,20180914,1800,,HU,34.0,-78.4,65,969,150,130,120,70,90,70,60,30,0,30,30,0,
AL062018,FLORENCE,79,20180915,0,,TS,33.9,-78.8,60,978,150,150,100,60,70,70,50,30,0,0,0,0,
AL062018,FLORENCE,79,20180915,600,,TS,33.7,-79.3,55,986,150,150,90,50,70,70,0,0,0,0,0,0,
AL062018,FLORENCE,79,20180915,1200,,TS,33.6,-79.5,55,992,150,130,80,40,60,100,0,0,0,0,0,0,
AL062018,FLORENCE,79,20180915,1800,,TS,33.6,-79.8,50,997,140,130,0,0,0,110,0,0,0,0,0,0,
AL062018,FLORENCE,79,20180916,0,,TS,33.6,-80.2,45,998,130,130,0,0,0,0,0,0,0,0,0,0,
AL062018,FLORENCE,79,20180916,600,,TS,33.6,-80.8,40,999,130,130,0,0,0,0,0,0,0,0,0,0,
AL062018,FLORENCE,79,20180916,1200,,TS,33.6,-81.5,35,1002,0,140,0,0,0,0,0,0,0,0,0,0,
AL062018,FLORENCE,79,20180916,1800,,TD,34.1,-82.1,30,1006,0,0,0,0,0,0,0,0,0,0,0,0,
AL062018,FLORENCE,79,20180917,0,,TD,35.0,-82.2,25,1007,0,0,0,0,0,0,0,0,0,0,0,0,
AL062018,FLORENCE,79,20180917,600,,TD,36.4,-82.6,25,1008,0,0,0,0,0,0,0,0,0,0,0,0,
AL062018,FLORENCE,79,20180917,1200,,EX,37.8,-82.2,25,1008,0,0,0,0,0,0,0,0,0,0,0,0,
AL062018,FLORENCE,79,20180917,1800,,EX,38.8,-82.0,25,1008,0,0,0,0,0,0,0,0,0,0,0,0,
AL062018,FLORENCE,79,20180918,0,,EX,39.5,-80.5,25,1008,0,0,0,0,0,0,0,0,0,0,0,0,
AL062018,FLORENCE,79,20180918,600,,EX,41.3,-76.8,25,1007,0,0,0,0,0,0,0,0,0,0,0,0,
AL062018,FLORENCE,79,20180918,1200,,EX,42.2,-73.3,25,1006,0,0,0,0,0,0,0,0,0,0,0,0,
AL072018,GORDON,25,20180902,1800,,DB,22.4,-77.0,25,1012,0,0,0,0,0,0,0,0,0,0,0,0,
AL072018,GORDON,25,20180903,0,,DB,23.3,-78.2,25,1011,0,0,0,0,0,0,0,0,0,0,0,0,
AL072018,GORDON,25,20180903,600,,TD,24.2,-79.4,30,1009,0,0,0,0,0,0,0,0,0,0,0,0,
AL072018,GORDON,25,20180903,900,R,TS,24.6,-80.0,35,1008,40,40,0,0,0,0,0,0,0,0,0,0,
AL072018,GORDON,25,20180903,1115,L,TS,25.0,-80.5,45,1006,40,40,0,0,0,0,0,0,0,0,0,0,
AL072018,GORDON,25,20180903,1200,,TS,25.1,-80.7,45,1006,40,40,0,0,0,0,0,0,0,0,0,0,
AL072018,GORDON,25,20180903,1315,L,TS,25.2,-80.9,45,1006,40,40,0,0,0,0,0,0,0,0,0,0,
AL072018,GORDON,25,20180903,1800,,TS,25.8,-81.9,50,1004,40,40,20,20,10,0,0,10,0,0,0,0,
AL072018,GORDON,25,20180904,0,,TS,26.6,-83.3,55,1003,40,50,20,50,10,0,0,10,0,0,0,0,
AL072018,GORDON,25,20180904,600,,TS,27.2,-84.9,55,1002,40,50,20,50,20,0,0,10,0,0,0,0,
AL072018,GORDON,25,20180904,1200,,TS,28.1,-86.2,55,1001,70,50,20,60,20,0,0,0,0,0,0,0,
AL072018,GORDON,25,20180904,1800,,TS,28.9,-87.2,60,1000,70,50,20,60,20,0,0,0,0,0,0,0,
AL072018,GORDON,25,20180905,0,,TS,29.8,-88.0,60,999,70,50,20,50,20,0,0,0,0,0,0,0,
AL072018,GORDON,25,20180905,315,L,TS,30.4,-88.5,60,996,70,50,20,50,20,0,0,0,0,0,0,0,
AL072018,GORDON,25,20180905,600,,TS,30.9,-88.9,45,1002,50,50,20,50,0,0,0,0,0,0,0,0,
AL072018,GORDON,25,20180905,1200,,TD,31.9,-89.8,30,1007,0,0,0,0,0,0,0,0,0,0,0,0,
AL072018,GORDON,25,20180905,1800,,TD,32.5,-90.4,25,1012,0,0,0,0,0,0,0,0,0,0,0,0,
AL072018,GORDON,25,20180906,0,,TD,33.0,-90.9,20,1013,0,0,0,0,0,0,0,0,0,0,0,0,
AL072018,GORDON,25,20180906,600,,TD,33.5,-91.4,20,1014,0,0,0,0,0,0,0,0,0,0,0,0,
AL072018,GORDON,25,20180906,1200,,TD,33.9,-91.7,15,1014,0,0,0,0,0,0,0,0,0,0,0,0,
AL072018,GORDON,25,20180906,1800,,LO,34.2,-91.9,15,1014,0,0,0,0,0,0,0,0,0,0,0,0,
AL072018,GORDON,25,20180907,0,,LO,34.4,-92.0,15,1014,0,0,0,0,0,0,0,0,0,0,0,0,
AL072018,GORDON,25,20180907,600,,LO,34.6,-92.1,15,1014,0,0,0,0,0,0,0,0,0,0,0,0,
AL072018,GORDON,25,20180907,1200,,LO,35.0,-92.2,15,1014,0,0,0,0,0,0,0,0,0,0,0,0,
AL072018,GORDON,25,20180907,1800,,LO,35.5,-92.3,15,1014,0,0,0,0,0,0,0,0,0,0,0,0,
AL142018,MICHAEL,38,20181009,600,,HU,23.7,-85.8,85,973,170,140,70,140,70,50,30,50,35,30,20,30,
AL142018,MICHAEL,38,20181009,1200,,HU,24.6,-86.2,90,968,160,140,70,140,70,50,30,50,30,30,20,30,
AL142018,MICHAEL,38,20181009,1800,,HU,25.6,-86.4,100,961,160,140,70,140,70,50,30,50,40,30,20,30,
AL142018,MICHAEL,38,20181010,0,,HU,26.6,-86.5,110,952,160,140,70,140,70,60,30,50,40,30,20,30,
AL142018,MICHAEL,38,20181010,600,,HU,27.7,-86.6,120,945,160,140,70,140,80,80,30,50,40,30,20,30,
AL142018,MICHAEL,38,20181010,1200,,HU,29.0,-86.3,125,934,150,140,80,120,80,80,40,50,40,35,25,30,
AL142018,MICHAEL,38,20181010,1730,L,HU,30.0,-85.5,140,919,90,140,100,80,60,80,50,50,35,35,25,25,10.0
AL142018,MICHAEL,38,20181010,1800,,HU,30.2,-85.4,135,920,90,140,100,80,60,80,50,50,35,35,25,25,
AL142018,MICHAEL,38,20181011,0,,HU,31.5,-84.5,80,957,60,140,60,40,40,40,30,20,25,25,0,0,
AL142018,MICHAEL,38,20181011,600,,TS,32.8,-83.2,50,979,50,140,50,0,0,20,0,0,0,0,0,0,
AL142018,MICHAEL,38,20181011,1200,,TS,34.1,-81.7,45,987,0,160,0,0,0,0,0,0,0,0,0,0,
AL142018,MICHAEL,38,20181011,1800,,TS,35.6,-80.0,45,991,0,200,0,0,0,0,0,0,0,0,0,0,
AL142018,MICHAEL,38,20181012,0,,EX,36.5,-77.7,50,988,90,240,0,60,0,120,0,0,0,0,0,0,
AL142018,MICHAEL,38,20181012,600,,EX,37.3,-75.0,60,983,90,240,80,80,0,50,50,50,0,0,0,0,
AL142018,MICHAEL,38,20181012,1200,,EX,39.1,-70.6,60,980,90,240,80,60,0,50,50,0,0,0,0,0,
AL142018,MICHAEL,38,20181012,1800,,EX,41.1,-66.1,60,977,90,320,230,60,0,90,90,0,0,0,0,0,
AL022019,BARRY,25,20190710,1200,,DB,28.5,-86.5,25,1009,0,0,0,0,0,0,0,0,0,0,0,0,
AL022019,BARRY,25,20190710,1800,,DB,28.1,-87.1,30,1009,0,0,0,0,0,0,0,0,0,0,0,0,
AL022019,BARRY,25,20190711,0,,TD,27.8,-87.6,30,1008,0,0,0,0,0,0,0,0,0,0,0,0,
AL022019,BARRY,25,20190711,600,,TS,27.7,-88.0,35,1007,0,0,100,0,0,0,0,0,0,0,0,0,
AL022019,BARRY,25,20190711,1200,,TS,27.7,-88.4,35,1005,0,100,100,0,0,0,0,0,0,0,0,0,
AL022019,BARRY,25,20190711,1800,,TS,27.7,-88.8,40,1005,70,120,100,0,0,0,0,0,0,0,0,0,
AL022019,BARRY,25,20190712,0,,TS,27.8,-89.2,45,1001,70,140,100,0,0,0,0,0,0,0,0,0,
AL022019,BARRY,25,20190712,600,,TS,27.9,-89.7,45,1001,70,150,110,0,0,0,0,0,0,0,0,0,
AL022019,BARRY,25,20190712,1200,,TS,28.1,-90.2,50,998,70,150,120,0,0,90,0,0,0,0,0,0,
AL022019,BARRY,25,20190712,1800,,TS,28.4,-90.7,55,993,90,150,130,70,60,90,0,0,0,0,0,0,
AL022019,BARRY,25,20190713,0,,TS,28.6,-91.1,60,993,90,150,130,70,60,90,0,0,0,0,0,0,
AL022019,BARRY,25,20190713,600,,TS,28.9,-91.5,60,993,90,150,130,70,60,90,0,0,0,0,0,0,
AL022019,BARRY,25,20190713,1200,,HU,29.3,-91.9,65,993,90,150,130,70,60,90,0,0,40,40,0,0,
AL022019,BARRY,25,20190713,1500,L,HU,29.6,-92.2,65,993,90,150,130,70,60,90,0,0,40,40,0,0,40.0
AL022019,BARRY,25,20190713,1800,,TS,29.9,-92.4,60,996,0,150,130,0,0,90,0,0,0,0,0,0,
AL022019,BARRY,25,20190714,0,,TS,30.4,-92.8,50,999,0,180,0,0,0,90,0,0,0,0,0,0,
AL022019,BARRY,25,20190714,600,,TS,31.0,-93.2,40,1003,0,180,0,0,0,0,0,0,0,0,0,0,
AL022019,BARRY,25,20190714,1200,,TS,31.6,-93.5,35,1005,0,180,0,0,0,0,0,0,0,0,0,0,
AL022019,BARRY,25,20190714,1800,,TS,32.3,-93.6,35,1007,0,180,0,0,0,0,0,0,0,0,0,0,
AL022019,BARRY,25,20190715,0,,TD,33.0,-93.6,25,1008,0,0,0,0,0,0,0,0,0,0,0,0,
AL022019,BARRY,25,20190715,600,,TD,33.9,-93.6,25,1008,0,0,0,0,0,0,0,0,0,0,0,0,
AL022019,BARRY,25,20190715,1200,,LO,34.7,-93.6,20,1008,0,0,0,0,0,0,0,0,0,0,0,0,
AL022019,BARRY,25,20190715,1800,,LO,35.5,-93.5,20,1008,0,0,0,0,0,0,0,0,0,0,0,0,
AL022019,BARRY,25,20190716,0,,LO,36.3,-93.3,15,1009,0,0,0,0,0,0,0,0,0,0,0,0,
AL022019,BARRY,25,20190716,600,,LO,37.2,-92.9,15,1010,0,0,0,0,0,0,0,0,0,0,0,0,
AL032019,THREE,5,20190722,1200,,TD,24.6,-77.4,25,1013,0,0,0,0,0,0,0,0,0,0,0,0,
AL032019,THREE,5,20190722,1800,,TD,25.0,-78.4,25,1013,0,0,0,0,0,0,0,0,0,0,0,0,
AL032019,THREE,5,20190723,0,,TD,25.7,-79.3,25,1013,0,0,0,0,0,0,0,0,0,0,0,0,
AL032019,THREE,5,20190723,600,,TD,26.9,-79.6,30,1013,0,0,0,0,0,0,0,0,0,0,0,0,
AL032019,THREE,5,20190723,1200,,TD,28.6,-80.0,30,1014,0,0,0,0,0,0,0,0,0,0,0,0,
AL052019,DORIAN,70,20190831,0,,HU,25.3,-71.1,115,949,90,90,60,80,50,50,40,40,25,25,15,20,
AL052019,DORIAN,70,20190831,600,,HU,25.6,-72.1,120,947,90,90,60,80,50,50,40,40,25,25,15,20,
AL052019,DORIAN,70,20190831,1200,,HU,25.9,-73.0,125,944,100,100,60,90,50,50,40,50,25,25,15,25,
AL052019,DORIAN,70,20190831,1800,,HU,26.1,-74.0,130,942,100,100,60,90,50,50,40,50,25,25,20,25,
AL052019,DORIAN,70,20190901,0,,HU,26.3,-74.7,135,939,110,110,60,90,50,50,40,50,30,25,20,25,
AL052019,DORIAN,70,20190901,600,,HU,26.4,-75.6,145,934,110,110,70,90,50,50,40,50,30,25,20,25,
AL052019,DORIAN,70,20190901,1200,,HU,26.5,-76.5,155,927,110,110,70,90,60,50,50,50,35,30,25,25,
AL052019,DORIAN,70,20190901,1640,L,HU,26.5,-77.0,160,910,110,110,70,90,60,50,50,50,35,30,25,25,
AL052019,DORIAN,70,20190901,1800,,HU,26.5,-77.1,160,910,120,120,70,90,60,50,50,50,35,30,25,25,
AL052019,DORIAN,70,20190902,0,,HU,26.6,-77.7,155,914,120,120,80,100,70,60,50,50,40,30,25,25,
AL052019,DORIAN,70,20190902,215,L,HU,26.6,-77.8,155,914,120,120,80,100,70,60,50,50,40,30,25,25,
AL052019,DORIAN,70,20190902,600,,HU,26.6,-78.0,145,916,130,120,80,100,70,60,50,50,40,30,25,25,
AL052019,DORIAN,70,20190902,1200,,HU,26.7,-78.3,135,927,130,120,80,100,80,70,50,50,40,30,25,25,
AL052019,DORIAN,70,20190902,1800,,HU,26.8,-78.4,125,938,140,130,90,100,80,70,50,50,40,30,25,30,
AL052019,DORIAN,70,20190903,0,,HU,26.9,-78.5,115,944,140,130,90,110,80,70,50,60,40,30,25,40,
AL052019,DORIAN,70,20190903,600,,HU,27.0,-78.5,105,950,140,130,90,120,90,80,60,60,45,35,25,40,
AL052019,DORIAN,70,20190903,1200,,HU,27.1,-78.5,100,954,150,130,90,130,90,80,60,70,45,35,25,40,
AL052019,DORIAN,70,20190903,1800,,HU,27.6,-78.6,95,959,150,130,100,130,90,80,60,80,50,40,30,45,
AL052019,DORIAN,70,20190904,0,,HU,28.1,-78.8,90,959,150,130,100,140,100,80,60,90,50,40,30,50,
AL052019,DORIAN,70,20190904,600,,HU,28.8,-79.2,90,964,150,130,100,140,100,80,60,90,50,40,30,50,
AL052019,DORIAN,70,20190904,1200,,HU,29.5,-79.6,90,963,150,130,100,140,100,80,60,90,50,40,40,50,
AL052019,DORIAN,70,20190904,1800,,HU,30.1,-79.7,95,960,160,140,100,140,100,90,70,90,50,40,40,50,
AL052019,DORIAN,70,20190905,0,,HU,30.7,-79.7,100,955,160,150,100,120,100,90,70,90,50,50,50,50,
AL052019,DORIAN,70,20190905,600,,HU,31.4,-79.6,100,958,170,150,100,90,100,90,70,70,50,50,50,50,
AL052019,DORIAN,70,20190905,1200,,HU,32.1,-79.2,100,958,170,150,100,90,100,90,70,60,50,50,50,50,
AL052019,DORIAN,70,20190905,1800,,HU,32.7,-78.9,95,958,170,190,130,90,100,90,80,60,50,50,50,40,
AL052019,DORIAN,70,20190906,0,,HU,33.4,-77.9,90,956,170,190,140,80,100,100,80,70,50,50,50,50,
AL052019,DORIAN,70,20190906,600,,HU,34.1,-76.9,90,956,180,190,140,80,100,110,80,70,50,60,50,50,
AL052019,DORIAN,70,20190906,1200,,HU,35.1,-75.7,85,956,190,190,150,80,110,120,80,70,50,60,50,40,
AL052019,DORIAN,70,20190906,1230,L,HU,35.2,-75.6,85,956,190,190,150,80,110,120,80,70,50,60,50,40,20.0
AL052019,DORIAN,70,20190906,1800,,HU,36.2,-73.7,85,956,210,200,160,100,110,130,90,80,50,50,40,50,
AL052019,DORIAN,70,20190907,0,,HU,37.4,-71.2,85,956,220,200,170,130,110,140,90,80,50,40,50,50,
AL052019,DORIAN,70,20190907,600,,HU,38.9,-68.9,85,955,230,240,180,150,120,150,90,90,60,90,60,0,
AL052019,DORIAN,70,20190907,1200,,HU,40.8,-66.9,85,954,250,240,190,150,120,150,90,90,60,90,70,0,
AL052019,DORIAN,70,20190907,1800,,LO,42.8,-64.6,80,954,270,240,200,150,130,150,100,90,0,100,80,0,
AL052019,DORIAN,70,20190908,0,,LO,45.2,-62.9,80,956,290,240,210,150,140,150,100,100,0,100,80,0,
AL052019,DORIAN,70,20190908,600,,EX,47.6,-61.9,75,960,300,300,210,160,140,150,100,100,0,80,80,0,
AL062019,ERIN,14,20190826,1200,,TD,31.7,-72.7,30,1010,0,0,0,0,0,0,0,0,0,0,0,0,
AL062019,ERIN,14,20190826,1800,,TD,31.5,-72.5,30,1010,0,0,0,0,0,0,0,0,0,0,0,0,
AL062019,ERIN,14,20190827,0,,TD,31.2,-72.2,30,1010,0,0,0,0,0,0,0,0,0,0,0,0,
AL062019,ERIN,14,20190827,600,,TD,30.9,-71.7,30,1010,0,0,0,0,0,0,0,0,0,0,0,0,
AL062019,ERIN,14,20190827,1200,,TD,30.9,-71.1,30,1008,0,0,0,0,0,0,0,0,0,0,0,0,
AL062019,ERIN,14,20190827,1800,,TS,31.3,-71.6,35,1005,60,80,0,0,0,0,0,0,0,0,0,0,
AL062019,ERIN,14,20190828,0,,TS,31.7,-72.0,35,1004,70,90,0,0,0,0,0,0,0,0,0,0,
AL062019,ERIN,14,20190828,600,,TS,32.2,-72.4,35,1002,70,90,0,0,0,0,0,0,0,0,0,0,
AL062019,ERIN,14,20190828,1200,,TS,33.0,-72.9,35,1002,50,100,0,0,0,0,0,0,0,0,0,0,
AL062019,ERIN,14,20190828,1800,,TD,33.9,-73.0,30,1003,0,0,0,0,0,0,0,0,0,0,0,0,
AL062019,ERIN,14,20190829,0,,TD,34.8,-72.6,30,1003,0,0,0,0,0,0,0,0,0,0,0,0,
AL062019,ERIN,14,20190829,600,,TD,35.6,-72.1,30,1003,0,0,0,0,0,0,0,0,0,0,0,0,
AL062019,ERIN,14,20190829,1200,,EX,36.9,-70.9,35,1002,60,0,0,0,0,0,0,0,0,0,0,0,
AL062019,ERIN,14,20190829,1800,,EX,38.5,-68.5,35,1002,60,60,0,0,0,0,0,0,0,0,0,0,
AL072019,FERNAND,9,20190905,0,,TD,24.7,-98.6,25,1007,0,0,0,0,0,0,0,0,0,0,0,0,
AL092019,HUMBERTO,34,20190912,1200,,LO,23.0,-74.2,25,1010,0,0,0,0,0,0,0,0,0,0,0,0,
AL092019,HUMBERTO,34,20190912,1800,,LO,23.4,-74.3,25,1010,0,0,0,0,0,0,0,0,0,0,0,0,
AL092019,HUMBERTO,34,20190913,0,,LO,23.8,-74.3,25,1009,0,0,0,0,0,0,0,0,0,0,0,0,
AL092019,HUMBERTO,34,20190913,600,,LO,24.2,-74.4,25,1009,0,0,0,0,0,0,0,0,0,0,0,0,
AL092019,HUMBERTO,34,20190913,1200,,LO,24.7,-74.5,30,1008,0,0,0,0,0,0,0,0,0,0,0,0,
AL092019,HUMBERTO,34,20190913,1800,,TD,25.2,-74.7,30,1008,0,0,0,0,0,0,0,0,0,0,0,0,
AL092019,HUMBERTO,34,20190914,0,,TS,25.6,-75.2,35,1007,60,80,0,60,0,0,0,0,0,0,0,0,
AL092019,HUMBERTO,34,20190914,600,,TS,26.0,-75.9,35,1006,70,90,0,60,0,0,0,0,0,0,0,0,
AL092019,HUMBERTO,34,20190914,1200,,TS,26.5,-76.5,40,1004,80,100,0,60,0,0,0,0,0,0,0,0,
AL092019,HUMBERTO,34,20190914,1800,,TS,27.0,-77.0,45,1003,90,110,0,60,0,0,0,0,0,0,0,0,
AL092019,HUMBERTO,34,20190915,0,,TS,27.5,-77.3,50,998,100,110,0,60,0,50,0,0,0,0,0,0,
AL092019,HUMBERTO,34,20190915,600,,TS,28.0,-77.6,50,997,100,120,0,60,50,50,0,0,0,0,0,0,
AL092019,HUMBERTO,34,20190915,1200,,TS,28.6,-77.9,55,995,100,120,0,60,60,60,0,30,0,0,0,0,
AL092019,HUMBERTO,34,20190915,1800,,TS,29.1,-78.1,60,993,100,130,40,60,60,60,0,30,0,0,0,0,
AL092019,HUMBERTO,34,20190916,0,,HU,29.2,-77.8,65,987,100,130,40,60,60,60,0,30,25,25,0,0,
AL092019,HUMBERTO,34,20190916,600,,HU,29.5,-77.3,70,982,110,130,50,70,60,60,20,30,25,25,0,15,
AL092019,HUMBERTO,34,20190916,1200,,HU,29.8,-76.7,75,979,110,130,50,70,60,60,30,40,25,25,0,20,
AL092019,HUMBERTO,34,20190916,1800,,HU,30.1,-76.1,75,975,120,140,60,70,60,60,30,40,25,25,20,20,
AL092019,HUMBERTO,34,20190917,0,,HU,30.3,-75.4,80,966,120,140,60,80,70,70,40,50,30,30,20,20,
AL092019,HUMBERTO,34,20190917,600,,HU,30.5,-74.7,85,964,120,140,70,90,70,70,50,60,30,30,20,30,
AL092019,HUMBERTO,34,20190917,1200,,HU,30.7,-73.8,90,961,130,150,80,100,80,80,60,70,40,40,30,40,
AL092019,HUMBERTO,34,20190917,1800,,HU,30.9,-72.9,95,956,130,150,110,120,80,80,60,80,40,50,40,40,
AL092019,HUMBERTO,34,20190918,0,,HU,31.2,-71.6,100,952,140,160,120,120,90,90,70,80,50,60,50,50,
AL092019,HUMBERTO,34,20190918,600,,HU,31.5,-70.3,105,951,140,160,130,130,90,90,80,80,50,60,60,50,
AL092019,HUMBERTO,34,20190918,1200,,HU,32.0,-68.8,105,951,150,170,150,140,100,100,90,90,60,70,70,60,
AL102019,JERRY,45,20190924,1800,,LO,30.9,-69.1,45,993,160,150,40,60,0,0,0,0,0,0,0,0,
AL102019,JERRY,45,20190925,0,,LO,31.3,-68.9,40,996,140,120,40,40,0,0,0,0,0,0,0,0,
AL112019,IMELDA,9,20190917,1200,,TD,28.3,-95.7,30,1008,0,0,0,0,0,0,0,0,0,0,0,0,
AL112019,IMELDA,9,20190917,1500,S,TS,28.6,-95.5,35,1006,0,40,0,0,0,0,0,0,0,0,0,0,
AL112019,IMELDA,9,20190917,1745,L,TS,28.9,-95.4,40,1003,0,40,0,0,0,0,0,0,0,0,0,0,
AL112019,IMELDA,9,20190917,1800,,TS,29.0,-95.4,40,1003,0,40,0,0,0,0,0,0,0,0,0,0,
AL112019,IMELDA,9,20190918,0,,TD,29.5,-95.5,30,1007,0,0,0,0,0,0,0,0,0,0,0,0,
AL112019,IMELDA,9,20190918,600,,TD,29.9,-95.6,30,1007,0,0,0,0,0,0,0,0,0,0,0,0,
AL112019,IMELDA,9,20190918,1200,,TD,30.4,-95.5,30,1007,0,0,0,0,0,0,0,0,0,0,0,0,
AL112019,IMELDA,9,20190918,1800,,TD,30.6,-95.0,30,1007,0,0,0,0,0,0,0,0,0,0,0,0,
AL112019,IMELDA,9,20190919,0,,TD,31.1,-94.8,25,1009,0,0,0,0,0,0,0,0,0,0,0,0,
AL142019,MELISSA,25,20191008,1800,,EX,35.0,-74.1,40,1009,240,0,0,0,0,0,0,0,0,0,0,0,
AL142019,MELISSA,25,20191009,0,,EX,36.1,-72.4,40,1009,240,90,0,180,0,0,0,0,0,0,0,0,
AL142019,MELISSA,25,20191009,600,,EX,37.0,-70.4,45,1008,210,120,0,180,0,0,0,0,0,0,0,0,
AL142019,MELISSA,25,20191009,1200,,EX,37.7,-68.8,45,1007,180,150,90,180,0,0,0,0,0,0,0,0,
AL142019,MELISSA,25,20191009,1800,,EX,38.4,-68.1,50,1006,180,120,120,180,90,0,0,60,0,0,0,0,
AL142019,MELISSA,25,20191010,0,,EX,38.9,-68.2,55,1004,180,90,150,180,120,0,0,90,0,0,0,0,
AL142019,MELISSA,25,20191010,600,,EX,38.9,-68.7,55,1002,210,60,150,210,120,0,0,120,0,0,0,0,
AL142019,MELISSA,25,20191010,1200,,EX,38.6,-69.2,55,1000,240,0,150,240,150,0,0,150,0,0,0,0,
AL142019,MELISSA,25,20191010,1800,,EX,38.0,-69.2,55,998,270,0,150,240,180,0,0,180,0,0,0,0,
AL142019,MELISSA,25,20191011,0,,EX,37.9,-68.4,55,996,300,0,150,270,0,0,0,150,0,0,0,0,
AL142019,MELISSA,25,20191011,600,,SS,38.4,-68.7,55,994,330,0,150,270,0,0,0,120,0,0,0,0,
AL142019,MELISSA,25,20191011,1200,,SS,38.6,-69.4,50,995,300,0,180,240,0,0,0,120,0,0,0,0,
AL142019,MELISSA,25,20191011,1800,,SS,38.2,-69.7,50,996,270,0,180,210,0,0,90,120,0,0,0,0,
AL142019,MELISSA,25,20191012,0,,SS,37.8,-69.1,50,997,240,0,150,210,0,0,90,120,0,0,0,0,
AL142019,MELISSA,25,20191012,600,,SS,37.9,-68.4,45,998,180,0,150,180,0,0,0,0,0,0,0,0,
AL142019,MELISSA,25,20191012,1200,,TS,38.0,-67.5,45,998,150,60,120,120,0,0,0,0,0,0,0,0,
AL142019,MELISSA,25,20191012,1800,,TS,38.2,-66.3,45,998,0,60,90,60,0,0,0,0,0,0,0,0,
AL162019,NESTOR,15,20191018,1200,,DB,25.2,-91.2,50,1001,120,150,0,0,0,70,0,0,0,0,0,0,
AL162019,NESTOR,15,20191018,1800,,TS,26.4,-89.4,50,1000,90,160,0,0,0,70,0,0,0,0,0,0,
AL162019,NESTOR,15,20191019,0,,TS,27.8,-87.8,50,996,90,160,0,0,0,70,0,0,0,0,0,0,
AL162019,NESTOR,15,20191019,600,,TS,28.6,-87.1,50,996,90,140,0,0,0,70,0,0,0,0,0,0,
AL162019,NESTOR,15,20191019,1200,,EX,29.3,-86.4,40,996,90,140,0,0,0,0,0,0,0,0,0,0,
AL162019,NESTOR,15,20191019,1800,,EX,30.2,-85.4,40,999,210,0,0,0,0,0,0,0,0,0,0,0,
AL162019,NESTOR,15,20191020,0,,EX,31.2,-84.2,35,1000,240,240,0,0,0,0,0,0,0,0,0,0,
AL162019,NESTOR,15,20191020,600,,EX,33.1,-81.7,40,1002,210,240,0,0,0,0,0,0,0,0,0,0,
AL162019,NESTOR,15,20191020,1200,,EX,35.1,-79.1,40,1002,200,240,0,0,0,0,0,0,0,0,0,0,
AL162019,NESTOR,15,20191020,1800,,EX,37.0,-76.7,40,1002,150,240,0,0,0,0,0,0,0,0,0,0,
AL162019,NESTOR,15,20191021,0,,EX,37.5,-74.5,40,1001,180,240,0,0,0,0,0,0,0,0,0,0,
AL172019,OLGA,10,20191025,1200,,TS,24.7,-94.8,35,1004,80,0,0,0,0,0,0,0,0,0,0,0,
AL172019,OLGA,10,20191025,1800,,TS,25.9,-93.6,40,998,80,0,0,0,0,0,0,0,0,0,0,0,
AL172019,OLGA,10,20191026,0,,EX,27.0,-92.5,45,996,20,20,120,120,0,0,0,0,0,0,0,0,
AL172019,OLGA,10,20191026,600,,EX,28.8,-91.2,45,994,20,20,120,120,0,0,0,0,0,0,0,0,
AL172019,OLGA,10,20191026,1200,,EX,31.7,-90.0,45,993,20,20,120,120,0,0,0,0,0,0,0,0,
AL172019,OLGA,10,20191026,1800,,EX,36.2,-89.3,40,993,20,20,120,120,0,0,0,0,0,0,0,0,
AL172019,OLGA,10,20191027,0,,EX,40.1,-88.0,30,992,0,0,0,0,0,0,0,0,0,0,0,0,
AL172019,OLGA,10,20191027,600,,EX,42.5,-87.0,30,992,0,0,0,0,0,0,0,0,0,0,0,0,
AL172019,OLGA,10,20191027,1200,,EX,44.5,-84.7,30,994,0,0,0,0,0,0,0,0,0,0,0,0,
AL172019,OLGA,10,20191027,1800,,EX,46.0,-80.3,30,998,0,0,0,0,0,0,0,0,0,0,0,0,
AL012020,ARTHUR,18,20200516,1800,,TD,28.0,-78.7,30,1008,0,0,0,0,0,0,0,0,0,0,0,0,
AL012020,ARTHUR,18,20200517,0,,TS,28.9,-78.0,35,1006,70,70,0,0,0,0,0,0,0,0,0,0,
AL012020,ARTHUR,18,20200517,600,,TS,29.6,-77.6,35,1004,70,70,0,0,0,0,0,0,0,0,0,0,
AL012020,ARTHUR,18,20200517,1200,,TS,30.3,-77.5,35,1003,90,90,0,0,0,0,0,0,0,0,0,0,
AL012020,ARTHUR,18,20200517,1800,,TS,31.0,-77.3,40,1003,90,90,0,0,0,0,0,0,0,0,0,0,
AL012020,ARTHUR,18,20200518,0,,TS,31.9,-77.0,40,1003,90,90,0,0,0,0,0,0,0,0,0,0,
AL012020,ARTHUR,18,20200518,600,,TS,33.1,-76.7,40,1002,90,90,0,0,0,0,0,0,0,0,0,0,
AL012020,ARTHUR,18,20200518,1200,,TS,34.4,-75.9,45,1000,110,90,0,0,0,0,0,0,0,0,0,0,
AL012020,ARTHUR,18,20200518,1800,,TS,35.5,-74.7,45,993,110,100,0,40,0,0,0,0,0,0,0,0,
AL012020,ARTHUR,18,20200519,0,,TS,36.2,-73.1,50,991,110,110,90,90,0,0,0,60,0,0,0,0,
AL012020,ARTHUR,18,20200519,600,,TS,36.8,-71.4,50,990,200,110,110,90,0,0,0,60,0,0,0,0,
AL012020,ARTHUR,18,20200519,1200,,EX,37.0,-69.5,55,989,300,120,100,210,90,0,0,60,0,0,0,0,
AL012020,ARTHUR,18,20200519,1800,,EX,36.9,-67.8,50,991,300,120,100,210,90,0,0,50,0,0,0,0,
AL022020,BERTHA,7,20200527,600,,TS,31.5,-78.8,40,1006,20,20,0,0,0,0,0,0,0,0,0,0,
AL022020,BERTHA,7,20200527,1200,,TS,32.6,-79.5,45,1005,20,20,0,0,0,0,0,0,0,0,0,0,
AL022020,BERTHA,7,20200527,1330,L,TS,32.9,-79.7,45,1005,20,20,0,0,0,0,0,0,0,0,0,0,
AL022020,BERTHA,7,20200527,1800,,TD,33.7,-80.1,30,1007,0,0,0,0,0,0,0,0,0,0,0,0,
AL022020,BERTHA,7,20200528,0,,TD,34.9,-80.7,25,1008,0,0,0,0,0,0,0,0,0,0,0,0,
AL022020,BERTHA,7,20200528,600,,EX,37.1,-81.1,20,1011,0,0,0,0,0,0,0,0,0,0,0,0,
AL022020,BERTHA,7,20200528,1200,,EX,39.9,-80.6,20,1011,0,0,0,0,0,0,0,0,0,0,0,0,
AL032020,CRISTOBAL,45,20200606,1800,,TS,24.8,-90.2,45,992,210,180,90,140,0,0,0,0,0,0,0,0,
AL032020,CRISTOBAL,45,20200607,0,,TS,25.8,-90.1,45,992,210,180,90,140,0,0,0,0,0,0,0,0,
AL032020,CRISTOBAL,45,20200607,600,,TS,26.9,-90.0,45,992,180,180,90,140,0,0,0,0,0,0,0,0,
AL032020,CRISTOBAL,45,20200607,1200,,TS,28.0,-89.9,45,991,180,180,90,140,0,0,0,0,0,0,0,0,
AL032020,CRISTOBAL,45,20200607,1800,,TS,29.0,-89.8,45,990,180,180,90,140,0,0,0,0,0,0,0,0,
AL032020,CRISTOBAL,45,20200607,2200,L,TS,29.3,-89.8,45,990,180,180,90,140,0,0,0,0,0,0,0,0,
AL032020,CRISTOBAL,45,20200608,0,,TS,29.8,-89.9,45,990,160,180,80,60,0,0,0,0,0,0,0,0,
AL032020,CRISTOBAL,45,20200608,600,,TS,30.6,-90.6,35,991,0,180,0,0,0,0,0,0,0,0,0,0,
AL032020,CRISTOBAL,45,20200608,1200,,TD,31.7,-91.5,30,993,0,0,0,0,0,0,0,0,0,0,0,0,
AL032020,CRISTOBAL,45,20200608,1800,,TD,32.9,-92.0,30,994,0,0,0,0,0,0,0,0,0,0,0,0,
AL032020,CRISTOBAL,45,20200609,0,,TD,34.2,-92.1,25,994,0,0,0,0,0,0,0,0,0,0,0,0,
AL032020,CRISTOBAL,45,20200609,600,,TD,35.8,-92.2,25,993,0,0,0,0,0,0,0,0,0,0,0,0,
AL032020,CRISTOBAL,45,20200609,1200,,TD,38.0,-92.1,25,991,0,0,0,0,0,0,0,0,0,0,0,0,
AL032020,CRISTOBAL,45,20200609,1800,,TD,40.3,-91.7,30,988,0,0,0,0,0,0,0,0,0,0,0,0,
AL032020,CRISTOBAL,45,20200610,0,,EX,42.6,-90.8,30,986,0,0,0,0,0,0,0,0,0,0,0,0,
AL032020,CRISTOBAL,45,20200610,600,,EX,45.0,-89.3,35,983,0,120,0,0,0,0,0,0,0,0,0,0,
AL032020,CRISTOBAL,45,20200610,1200,,EX,47.5,-87.4,35,982,0,150,0,0,0,0,0,0,0,0,0,0,
AL032020,CRISTOBAL,45,20200610,1800,,EX,49.8,-85.1,35,982,0,0,180,0,0,0,0,0,0,0,0,0,
AL032020,CRISTOBAL,45,20200611,0,,EX,51.7,-82.6,30,983,0,0,0,0,0,0,0,0,0,0,0,0,
AL042020,DOLLY,12,20200622,600,,LO,38.6,-67.1,30,1010,0,0,0,0,0,0,0,0,0,0,0,0,
AL042020,DOLLY,12,20200622,1200,,SD,38.4,-66.9,30,1009,0,0,0,0,0,0,0,0,0,0,0,0,
AL042020,DOLLY,12,20200622,1800,,SD,38.1,-66.2,30,1008,0,0,0,0,0,0,0,0,0,0,0,0,
AL052020,EDOUARD,22,20200704,600,,LO,30.4,-71.2,30,1009,0,0,0,0,0,0,0,0,0,0,0,0,
AL052020,EDOUARD,22,20200704,1200,,TD,30.9,-69.4,30,1009,0,0,0,0,0,0,0,0,0,0,0,0,
AL062020,FAY,27,20200705,1200,,LO,27.7,-88.8,20,1012,0,0,0,0,0,0,0,0,0,0,0,0,
AL062020,FAY,27,20200705,1800,,LO,28.1,-87.7,25,1010,0,0,0,0,0,0,0,0,0,0,0,0,
AL062020,FAY,27,20200706,0,,LO,28.9,-86.2,30,1008,0,0,0,0,0,0,0,0,0,0,0,0,
AL062020,FAY,27,20200706,600,,LO,29.9,-85.4,30,1008,0,0,0,0,0,0,0,0,0,0,0,0,
AL062020,FAY,27,20200706,1200,,LO,30.8,-85.0,20,1011,0,0,0,0,0,0,0,0,0,0,0,0,
AL062020,FAY,27,20200706,1800,,LO,31.5,-84.6,20,1013,0,0,0,0,0,0,0,0,0,0,0,0,
AL062020,FAY,27,20200707,0,,LO,32.2,-84.2,20,1013,0,0,0,0,0,0,0,0,0,0,0,0,
AL062020,FAY,27,20200707,600,,LO,32.8,-83.7,20,1014,0,0,0,0,0,0,0,0,0,0,0,0,
AL062020,FAY,27,20200707,1200,,LO,33.3,-83.2,20,1014,0,0,0,0,0,0,0,0,0,0,0,0,
AL062020,FAY,27,20200707,1800,,LO,33.3,-82.5,20,1014,0,0,0,0,0,0,0,0,0,0,0,0,
AL062020,FAY,27,20200708,0,,LO,33.3,-81.6,20,1013,0,0,0,0,0,0,0,0,0,0,0,0,
AL062020,FAY,27,20200708,600,,LO,33.3,-80.5,20,1012,0,0,0,0,0,0,0,0,0,0,0,0,
AL062020,FAY,27,20200708,1200,,LO,33.3,-79.2,20,1011,0,0,0,0,0,0,0,0,0,0,0,0,
AL062020,FAY,27,20200708,1800,,LO,33.7,-77.9,25,1010,0,0,0,0,0,0,0,0,0,0,0,0,
AL062020,FAY,27,20200709,0,,LO,33.9,-77.1,25,1009,0,0,0,0,0,0,0,0,0,0,0,0,
AL062020,FAY,27,20200709,600,,LO,34.1,-76.8,25,1008,0,0,0,0,0,0,0,0,0,0,0,0,
AL062020,FAY,27,20200709,1200,,LO,34.1,-76.8,30,1007,0,0,0,0,0,0,0,0,0,0,0,0,
AL062020,FAY,27,20200709,1800,,TS,35.4,-74.9,40,1006,100,120,0,0,0,0,0,0,0,0,0,0,
AL062020,FAY,27,20200710,0,,TS,36.0,-74.8,40,1005,100,120,0,0,0,0,0,0,0,0,0,0,
AL062020,FAY,27,20200710,600,,TS,36.8,-74.8,45,1004,120,120,0,0,0,0,0,0,0,0,0,0,
AL062020,FAY,27,20200710,1200,,TS,37.7,-74.7,50,998,120,120,0,70,90,0,0,0,0,0,0,0,
AL062020,FAY,27,20200710,1800,,TS,38.9,-74.4,50,998,120,120,40,40,90,0,0,0,0,0,0,0,
AL062020,FAY,27,20200710,2000,L,TS,39.4,-74.4,45,999,120,120,40,40,0,0,0,0,0,0,0,0,
AL062020,FAY,27,20200711,0,,TS,40.2,-74.3,35,1000,120,120,0,0,0,0,0,0,0,0,0,0,
AL062020,FAY,27,20200711,600,,LO,41.5,-74.2,30,1001,0,0,0,0,0,0,0,0,0,0,0,0,
AL062020,FAY,27,20200711,1200,,LO,43.4,-74.0,25,1001,0,0,0,0,0,0,0,0,0,0,0,0,
AL062020,FAY,27,20200711,1800,,LO,45.4,-73.8,20,999,0,0,0,0,0,0,0,0,0,0,0,0,
AL082020,HANNA,18,20200723,0,,TD,25.7,-88.3,25,1009,0,0,0,0,0,0,0,0,0,0,0,0,
AL082020,HANNA,18,20200723,600,,TD,25.8,-89.0,25,1009,0,0,0,0,0,0,0,0,0,0,0,0,
AL082020,HANNA,18,20200723,1200,,TD,25.9,-89.7,30,1009,0,0,0,0,0,0,0,0,0,0,0,0,
AL082020,HANNA,18,20200723,1800,,TD,26.0,-90.4,30,1006,0,0,0,0,0,0,0,0,0,0,0,0,
AL082020,HANNA,18,20200724,0,,TS,26.2,-91.1,35,1002,30,0,0,0,0,0,0,0,0,0,0,0,
AL082020,HANNA,18,20200724,600,,TS,26.6,-92.0,40,1001,40,40,0,0,0,0,0,0,0,0,0,0,
AL082020,HANNA,18,20200724,1200,,TS,27.1,-92.8,45,1000,50,50,0,0,0,0,0,0,0,0,0,0,
AL082020,HANNA,18,20200724,1800,,TS,27.2,-93.7,50,997,50,50,0,0,20,20,0,0,0,0,0,0,
AL082020,HANNA,18,20200725,0,,TS,27.1,-94.5,55,993,60,60,20,40,30,30,0,0,0,0,0,0,
AL082020,HANNA,18,20200725,600,,TS,27.1,-95.3,60,988,80,80,20,70,40,30,0,30,0,0,0,0,
AL082020,HANNA,18,20200725,1200,,HU,27.1,-96.0,70,981,90,100,50,80,40,30,20,40,20,0,0,20,
AL082020,HANNA,18,20200725,1800,,HU,26.9,-96.8,80,973,100,100,50,80,50,40,30,50,25,20,20,25,
AL082020,HANNA,18,20200725,2200,L,HU,26.8,-97.3,80,973,100,100,50,80,50,30,30,50,25,20,20,25,20.0
AL082020,HANNA,18,20200725,2315,L,HU,26.7,-97.5,80,974,100,100,50,70,50,30,30,50,25,20,20,25,20.0
AL082020,HANNA,18,20200726,0,,HU,26.7,-97.6,75,976,100,100,40,60,50,40,20,30,25,20,0,0,
AL082020,HANNA,18,20200726,600,,TS,26.5,-98.5,55,987,100,100,40,40,30,20,20,20,0,0,0,0,
AL082020,HANNA,18,20200726,1200,,TS,26.2,-99.3,40,996,60,90,30,30,0,0,0,0,0,0,0,0,
AL082020,HANNA,18,20200726,1800,,TD,25.8,-100.3,30,1000,0,0,0,0,0,0,0,0,0,0,0,0,
AL092020,ISAIAS,36,20200731,1800,,HU,22.1,-75.1,70,990,150,70,30,130,80,30,0,50,30,20,0,20,
AL092020,ISAIAS,36,20200801,0,,HU,22.9,-75.9,75,987,150,70,30,130,80,30,0,50,30,20,0,20,
AL092020,ISAIAS,36,20200801,600,,HU,23.6,-76.7,75,987,150,70,30,130,80,30,0,50,30,20,0,20,
AL092020,ISAIAS,36,20200801,1200,,HU,24.3,-77.5,70,987,100,70,30,100,70,30,0,30,20,15,0,20,
AL092020,ISAIAS,36,20200801,1300,L,HU,24.4,-77.7,70,989,100,70,30,100,60,30,0,30,20,15,0,20,
AL092020,ISAIAS,36,20200801,1800,,TS,24.8,-78.3,60,993,100,70,0,90,50,30,0,30,0,0,0,0,
AL092020,ISAIAS,36,20200802,0,,TS,25.3,-78.9,60,995,100,70,0,90,50,30,0,30,0,0,0,0,
AL092020,ISAIAS,36,20200802,600,,TS,25.9,-79.2,55,996,100,80,0,60,50,30,0,20,0,0,0,0,
AL092020,ISAIAS,36,20200802,1200,,TS,26.6,-79.5,55,995,100,80,0,60,50,30,0,20,0,0,0,0,
AL092020,ISAIAS,36,20200802,1800,,TS,27.4,-79.6,60,995,100,80,0,60,50,30,0,20,0,0,0,0,
AL092020,ISAIAS,36,20200803,0,,TS,28.2,-79.7,60,995,100,80,0,60,50,30,0,20,0,0,0,0,
AL092020,ISAIAS,36,20200803,600,,TS,29.1,-79.9,60,995,100,110,0,60,50,40,0,20,0,0,0,0,
AL092020,ISAIAS,36,20200803,1200,,TS,30.1,-80.0,60,995,100,110,0,60,50,50,0,20,0,0,0,0,
AL092020,ISAIAS,36,20200803,1800,,HU,31.2,-79.7,65,991,110,110,40,60,50,50,0,20,20,20,0,0,
AL092020,ISAIAS,36,20200804,0,,HU,32.8,-79.1,80,986,110,110,40,60,50,50,30,30,20,20,20,0,
AL092020,ISAIAS,36,20200804,310,L,HU,33.9,-78.5,80,986,110,110,40,60,50,50,30,30,20,20,20,0,25.0
AL092020,ISAIAS,36,20200804,600,,TS,35.0,-78.1,60,992,110,120,40,40,50,50,0,0,0,0,0,0,
AL092020,ISAIAS,36,20200804,1200,,TS,37.7,-76.8,60,993,110,120,40,40,60,60,0,0,0,0,0,0,
AL092020,ISAIAS,36,20200804,1800,,TS,40.9,-75.1,55,994,110,150,40,40,60,80,0,0,0,0,0,0,
AL092020,ISAIAS,36,20200805,0,,EX,44.0,-73.1,45,998,60,150,0,0,0,0,0,0,0,0,0,0,
AL092020,ISAIAS,36,20200805,600,,EX,46.7,-71.8,35,1000,90,90,0,0,0,0,0,0,0,0,0,0,
AL122020,KYLE,7,20200814,1200,,TS,36.6,-74.2,35,1008,0,90,0,0,0,0,0,0,0,0,0,0,
AL122020,KYLE,7,20200814,1800,,TS,37.4,-72.6,35,1007,0,90,0,0,0,0,0,0,0,0,0,0,
AL122020,KYLE,7,20200815,0,,TS,38.0,-71.0,40,1005,0,90,0,0,0,0,0,0,0,0,0,0,
AL122020,KYLE,7,20200815,600,,TS,38.4,-69.1,45,1003,70,70,0,0,0,0,0,0,0,0,0,0,
AL122020,KYLE,7,20200815,1200,,TS,38.8,-66.7,45,1000,70,70,0,0,0,0,0,0,0,0,0,0,
AL132020,LAURA,42,20200825,1800,,HU,24.1,-87.5,70,990,150,140,60,90,60,60,20,40,40,0,0,0,
AL132020,LAURA,42,20200826,0,,HU,24.9,-88.9,75,983,150,140,60,90,60,60,30,60,40,40,0,40,
AL132020,LAURA,42,20200826,600,,HU,25.6,-90.2,90,978,150,140,60,90,100,90,30,60,60,50,20,40,
AL132020,LAURA,42,20200826,1200,,HU,26.4,-91.4,100,963,160,140,70,90,100,90,30,60,60,50,20,40,
AL132020,LAURA,42,20200826,1800,,HU,27.3,-92.5,120,952,180,150,80,100,90,90,50,60,50,50,30,40,
AL132020,LAURA,42,20200827,0,,HU,28.5,-93.0,130,937,160,150,80,100,90,90,50,60,50,50,30,40,
AL132020,LAURA,42,20200827,600,L,HU,29.8,-93.3,130,939,120,150,80,80,60,70,40,40,40,50,30,30,15.0
AL132020,LAURA,42,20200827,1200,,HU,31.2,-93.3,85,970,80,120,50,60,50,40,30,30,30,30,15,20,
AL132020,LAURA,42,20200827,1800,,TS,32.8,-92.9,55,988,80,80,30,40,30,30,0,0,0,0,0,0,
AL132020,LAURA,42,20200828,0,,TS,34.4,-92.5,35,993,80,80,30,40,0,0,0,0,0,0,0,0,
AL132020,LAURA,42,20200828,600,,TD,35.4,-92.0,25,998,0,0,0,0,0,0,0,0,0,0,0,0,
AL132020,LAURA,42,20200828,1200,,TD,36.1,-91.2,25,1000,0,0,0,0,0,0,0,0,0,0,0,0,
AL132020,LAURA,42,20200828,1800,,TD,37.0,-90.0,25,1003,0,0,0,0,0,0,0,0,0,0,0,0,
AL132020,LAURA,42,20200829,0,,TD,37.5,-88.0,25,1004,0,0,0,0,0,0,0,0,0,0,0,0,
AL132020,LAURA,42,20200829,600,,LO,38.3,-84.8,20,1004,0,0,0,0,0,0,0,0,0,0,0,0,
AL142020,MARCO,21,20200823,1200,,HU,24.3,-87.2,65,991,70,60,20,40,30,30,0,20,15,15,0,0,
AL142020,MARCO,21,20200823,1800,,HU,25.3,-87.4,65,992,90,70,30,60,30,30,0,20,15,15,0,0,
AL142020,MARCO,21,20200824,0,,TS,26.4,-87.6,55,997,90,50,30,50,30,30,0,20,0,0,0,0,
AL142020,MARCO,21,20200824,600,,TS,27.3,-87.9,50,1003,90,30,0,40,30,0,0,0,0,0,0,0,
AL142020,MARCO,21,20200824,1200,,TS,28.1,-88.3,45,1006,90,30,0,0,0,0,0,0,0,0,0,0,
AL142020,MARCO,21,20200824,1800,,TS,28.7,-88.6,40,1007,70,0,0,0,0,0,0,0,0,0,0,0,
AL142020,MARCO,21,20200825,0,,TS,28.9,-89.3,35,1006,70,0,0,0,0,0,0,0,0,0,0,0,
AL142020,MARCO,21,20200825,600,,LO,28.7,-90.5,25,1008,0,0,0,0,0,0,0,0,0,0,0,0,
AL142020,MARCO,21,20200825,1200,,LO,28.6,-91.4,20,1009,0,0,0,0,0,0,0,0,0,0,0,0,
AL142020,MARCO,21,20200825,1800,,LO,29.1,-92.3,20,1009,0,0,0,0,0,0,0,0,0,0,0,0,
AL152020,OMAR,27,20200830,1800,,LO,30.2,-80.7,25,1011,0,0,0,0,0,0,0,0,0,0,0,0,
AL152020,OMAR,27,20200831,0,,LO,30.2,-79.4,25,1010,0,0,0,0,0,0,0,0,0,0,0,0,
AL152020,OMAR,27,20200831,600,,TD,30.6,-78.2,30,1009,0,0,0,0,0,0,0,0,0,0,0,0,
AL152020,OMAR,27,20200831,1200,,TD,31.5,-77.4,30,1009,0,0,0,0,0,0,0,0,0,0,0,0,
AL152020,OMAR,27,20200831,1800,,TD,32.2,-76.9,30,1008,0,0,0,0,0,0,0,0,0,0,0,0,
AL152020,OMAR,27,20200901,0,,TD,32.9,-76.2,30,1007,0,0,0,0,0,0,0,0,0,0,0,0,
AL152020,OMAR,27,20200901,600,,TD,33.8,-75.0,30,1005,0,0,0,0,0,0,0,0,0,0,0,0,
AL152020,OMAR,27,20200901,1200,,TS,34.6,-73.7,35,1003,0,70,0,0,0,0,0,0,0,0,0,0,
AL152020,OMAR,27,20200901,1800,,TS,35.2,-72.2,35,1003,0,70,0,0,0,0,0,0,0,0,0,0,
AL152020,OMAR,27,20200902,0,,TS,35.8,-70.7,35,1003,0,70,0,0,0,0,0,0,0,0,0,0,
AL152020,OMAR,27,20200902,600,,TS,36.1,-69.3,35,1003,0,70,0,0,0,0,0,0,0,0,0,0,
AL152020,OMAR,27,20200902,1200,,TS,36.2,-68.0,35,1003,0,70,0,0,0,0,0,0,0,0,0,0,
AL192020,SALLY,28,20200911,1800,,TD,25.4,-78.6,30,1007,0,0,0,0,0,0,0,0,0,0,0,0,
AL192020,SALLY,28,20200912,0,,TD,25.6,-79.4,30,1004,0,0,0,0,0,0,0,0,0,0,0,0,
AL192020,SALLY,28,20200912,600,L,TD,25.6,-80.2,30,1003,0,0,0,0,0,0,0,0,0,0,0,0,
AL192020,SALLY,28,20200912,1200,,TS,25.5,-80.8,35,1003,60,60,0,0,0,0,0,0,0,0,0,0,
AL192020,SALLY,28,20200912,1800,,TS,25.6,-81.6,35,1003,0,70,0,0,0,0,0,0,0,0,0,0,
AL192020,SALLY,28,20200913,0,,TS,26.0,-82.5,35,1003,30,80,0,0,0,0,0,0,0,0,0,0,
AL192020,SALLY,28,20200913,600,,TS,26.7,-83.5,45,1001,50,80,0,20,0,0,0,0,0,0,0,0,
AL192020,SALLY,28,20200913,1200,,TS,27.2,-84.5,50,996,70,90,0,30,30,0,0,0,0,0,0,0,
AL192020,SALLY,28,20200913,1800,,TS,27.6,-85.4,50,996,80,100,0,50,30,0,0,0,0,0,0,0,
AL192020,SALLY,28,20200914,0,,TS,27.9,-86.0,50,996,90,100,0,70,30,0,0,0,0,0,0,0,
AL192020,SALLY,28,20200914,600,,TS,28.2,-86.5,55,996,100,110,20,100,40,30,0,30,0,0,0,0,
AL192020,SALLY,28,20200914,1200,,HU,28.4,-86.9,65,991,110,110,20,100,50,30,0,30,20,0,0,0,
AL192020,SALLY,28,20200914,1800,,HU,28.6,-87.3,75,986,110,110,30,90,60,30,0,30,30,15,0,15,
AL192020,SALLY,28,20200915,0,,HU,28.7,-87.7,75,986,110,110,30,90,70,40,0,30,35,20,0,15,
AL192020,SALLY,28,20200915,600,,HU,28.8,-88.0,70,984,110,110,40,90,70,40,0,30,40,25,0,20,
AL192020,SALLY,28,20200915,1200,,HU,29.0,-88.1,70,982,110,110,50,90,70,40,0,40,40,25,0,25,
AL192020,SALLY,28,20200915,1800,,HU,29.3,-88.1,70,981,110,110,60,80,70,40,0,40,40,20,0,25,
AL192020,SALLY,28,20200916,0,,HU,29.6,-88.0,75,975,110,110,70,80,70,40,30,50,35,20,20,25,
AL192020,SALLY,28,20200916,600,,HU,29.9,-87.9,95,967,100,110,80,80,70,40,30,50,35,20,20,25,
AL192020,SALLY,28,20200916,945,L,HU,30.3,-87.7,95,965,90,110,80,70,70,40,30,50,35,20,20,25,15.0
AL192020,SALLY,28,20200916,1200,,HU,30.5,-87.6,85,967,80,130,80,60,60,40,30,40,30,25,20,20,
AL192020,SALLY,28,20200916,1800,,TS,31.1,-87.2,60,982,70,150,80,50,40,30,30,20,0,0,0,0,
AL192020,SALLY,28,20200917,0,,TS,31.6,-86.7,35,994,60,90,80,0,0,0,0,0,0,0,0,0,
AL192020,SALLY,28,20200917,600,,TD,32.1,-86.1,30,1000,0,0,0,0,0,0,0,0,0,0,0,0,
AL192020,SALLY,28,20200917,1200,,EX,32.6,-85.2,30,1003,0,0,0,0,0,0,0,0,0,0,0,0,
AL192020,SALLY,28,20200917,1800,,EX,33.2,-83.8,30,1004,0,0,0,0,0,0,0,0,0,0,0,0,
AL192020,SALLY,28,20200918,0,,EX,33.7,-82.3,30,1004,0,0,0,0,0,0,0,0,0,0,0,0,
AL192020,SALLY,28,20200918,600,,EX,34.1,-80.8,30,1005,0,0,0,0,0,0,0,0,0,0,0,0,
AL222020,BETA,34,20200919,0,,TS,25.2,-92.3,50,1000,150,40,40,90,80,0,0,50,0,0,0,0,
AL222020,BETA,34,20200919,600,,TS,25.8,-92.3,50,996,150,40,40,90,80,0,0,50,0,0,0,0,
AL222020,BETA,34,20200919,1200,,TS,26.4,-92.4,50,994,150,40,40,90,60,0,0,50,0,0,0,0,
AL222020,BETA,34,20200919,1800,,TS,26.6,-92.2,50,995,150,40,40,140,60,0,0,50,0,0,0,0,
AL222020,BETA,34,20200920,0,,TS,26.8,-92.1,50,997,160,40,40,140,80,0,0,0,0,0,0,0,
AL222020,BETA,34,20200920,600,,TS,26.9,-92.5,50,998,170,30,40,140,80,0,0,0,0,0,0,0,
AL222020,BETA,34,20200920,1200,,TS,27.1,-92.8,50,996,170,30,40,140,80,0,0,0,0,0,0,0,
AL222020,BETA,34,20200920,1800,,TS,27.5,-93.6,55,996,170,30,40,140,80,0,0,0,0,0,0,0,
AL222020,BETA,34,20200921,0,,TS,27.5,-94.1,50,993,170,30,40,130,80,0,0,0,0,0,0,0,
AL222020,BETA,34,20200921,600,,TS,27.6,-94.8,45,995,150,0,40,120,0,0,0,0,0,0,0,0,
AL222020,BETA,34,20200921,1200,,TS,27.8,-95.5,45,997,150,0,40,120,0,0,0,0,0,0,0,0,
AL222020,BETA,34,20200921,1800,,TS,28.1,-96.0,40,999,150,0,40,80,0,0,0,0,0,0,0,0,
AL222020,BETA,34,20200922,0,,TS,28.3,-96.3,45,998,110,0,40,60,0,0,0,0,0,0,0,0,
AL222020,BETA,34,20200922,245,L,TS,28.4,-96.4,45,997,110,0,40,60,0,0,0,0,0,0,0,0,
AL222020,BETA,34,20200922,600,,TS,28.6,-96.6,40,999,90,40,30,40,0,0,0,0,0,0,0,0,
AL222020,BETA,34,20200922,1200,,TS,28.8,-96.8,35,1002,90,50,20,30,0,0,0,0,0,0,0,0,
AL222020,BETA,34,20200922,1800,,TD,28.9,-96.5,25,1006,0,0,0,0,0,0,0,0,0,0,0,0,
AL222020,BETA,34,20200923,0,,EX,29.0,-95.8,25,1007,0,0,0,0,0,0,0,0,0,0,0,0,
AL222020,BETA,34,20200923,600,,EX,29.4,-95.4,25,1007,0,0,0,0,0,0,0,0,0,0,0,0,
AL222020,BETA,34,20200923,1200,,EX,30.0,-94.6,25,1007,0,0,0,0,0,0,0,0,0,0,0,0,
AL222020,BETA,34,20200923,1800,,EX,30.3,-93.8,25,1006,0,0,0,0,0,0,0,0,0,0,0,0,
AL222020,BETA,34,20200924,0,,EX,30.8,-92.4,25,1005,0,0,0,0,0,0,0,0,0,0,0,0,
AL222020,BETA,34,20200924,600,,EX,31.6,-91.5,25,1004,0,0,0,0,0,0,0,0,0,0,0,0,
AL222020,BETA,34,20200924,1200,,EX,32.4,-90.6,25,1003,0,0,0,0,0,0,0,0,0,0,0,0,
AL222020,BETA,34,20200924,1800,,EX,33.0,-89.1,20,1008,0,0,0,0,0,0,0,0,0,0,0,0,
AL222020,BETA,34,20200925,0,,EX,33.6,-87.6,20,1009,0,0,0,0,0,0,0,0,0,0,0,0,
AL222020,BETA,34,20200925,600,,EX,34.1,-86.5,15,1010,0,0,0,0,0,0,0,0,0,0,0,0,
AL262020,DELTA,31,20201008,1800,,HU,24.5,-93.1,100,960,140,130,80,110,50,40,40,50,30,25,20,25,
AL262020,DELTA,31,20201009,0,,HU,25.3,-93.5,105,953,140,130,80,110,50,40,40,50,35,30,25,25,
AL262020,DELTA,31,20201009,600,,HU,26.3,-93.7,105,953,140,130,80,110,50,40,40,50,35,30,25,25,
AL262020,DELTA,31,20201009,1200,,HU,27.5,-93.8,100,958,140,130,80,110,50,40,40,50,35,30,25,25,
AL262020,DELTA,31,20201009,1800,,HU,28.7,-93.6,90,966,140,140,80,110,50,40,40,50,35,30,25,25,
AL262020,DELTA,31,20201009,2300,L,HU,29.8,-93.1,85,970,140,140,80,110,50,40,40,50,35,30,25,25,15.0
AL262020,DELTA,31,20201010,0,,HU,30.1,-92.9,75,971,120,140,80,100,40,40,40,40,20,20,20,20,
AL262020,DELTA,31,20201010,600,,TS,31.4,-92.2,50,985,90,120,60,90,0,40,0,0,0,0,0,0,
AL262020,DELTA,31,20201010,1200,,TS,32.5,-91.4,35,993,60,60,0,0,0,0,0,0,0,0,0,0,
AL262020,DELTA,31,20201010,1800,,EX,33.3,-90.6,25,998,0,0,0,0,0,0,0,0,0,0,0,0,
AL262020,DELTA,31,20201011,0,,EX,33.9,-89.6,25,1002,0,0,0,0,0,0,0,0,0,0,0,0,
AL262020,DELTA,31,20201011,600,,EX,34.4,-88.6,25,1004,0,0,0,0,0,0,0,0,0,0,0,0,
AL262020,DELTA,31,20201011,1200,,EX,34.8,-87.5,20,1005,0,0,0,0,0,0,0,0,0,0,0,0,
AL262020,DELTA,31,20201011,1800,,EX,35.1,-86.3,20,1007,0,0,0,0,0,0,0,0,0,0,0,0,
AL282020,ZETA,25,20201028,600,,HU,24.4,-91.5,65,984,120,130,40,60,60,60,20,20,30,30,0,0,
AL282020,ZETA,25,20201028,1200,,HU,26.0,-91.7,80,978,120,130,40,60,60,60,20,20,30,30,0,0,
AL282020,ZETA,25,20201028,1800,,HU,28.0,-91.1,95,973,130,130,40,60,70,70,20,20,30,30,0,0,
AL282020,ZETA,25,20201028,2100,L,HU,29.2,-90.6,100,970,130,130,40,60,70,70,20,20,35,35,0,0,20.0
AL282020,ZETA,25,20201029,0,,HU,30.2,-89.9,85,973,90,130,40,30,70,70,20,20,40,40,0,0,
AL282020,ZETA,25,20201029,600,,TS,32.8,-87.5,60,986,70,150,40,0,0,50,0,0,0,0,0,0,
AL282020,ZETA,25,20201029,1200,,TS,35.3,-83.6,45,990,70,180,60,0,0,0,0,0,0,0,0,0,
AL282020,ZETA,25,20201029,1800,,EX,37.8,-78.2,45,992,0,270,0,0,0,0,0,0,0,0,0,0,
AL282020,ZETA,25,20201030,0,,EX,39.5,-71.7,45,993,0,270,290,180,0,0,0,0,0,0,0,0,
AL292020,ETA,58,20201108,1800,,TS,23.5,-79.2,55,993,180,100,30,140,40,40,0,30,0,0,0,0,
AL292020,ETA,58,20201109,0,,TS,24.5,-80.1,55,993,220,100,30,140,40,40,0,30,0,0,0,0,
AL292020,ETA,58,20201109,400,L,TS,24.9,-80.7,55,993,220,100,30,140,40,40,0,30,0,0,0,0,
AL292020,ETA,58,20201109,600,,TS,25.0,-81.4,55,992,160,60,30,140,40,40,0,30,0,0,0,0,
AL292020,ETA,58,20201109,1200,,TS,24.9,-82.9,50,992,140,40,30,120,30,20,0,10,0,0,0,0,
AL292020,ETA,58,20201109,1800,,TS,24.2,-84.1,45,995,120,40,30,100,0,0,0,0,0,0,0,0,
AL292020,ETA,58,20201111,600,,TS,24.5,-84.2,60,987,100,100,40,40,60,30,0,0,0,0,0,0,
AL292020,ETA,58,20201111,1200,,HU,25.8,-83.9,65,983,100,100,40,40,70,50,0,0,50,0,0,0,
AL292020,ETA,58,20201111,1800,,TS,26.8,-83.7,60,990,100,100,30,90,40,40,0,0,0,0,0,0,
AL292020,ETA,58,20201112,0,,TS,27.9,-83.5,55,992,100,100,30,90,40,40,0,0,0,0,0,0,
AL292020,ETA,58,20201112,600,,TS,28.7,-83.2,50,994,90,100,20,60,30,30,0,0,0,0,0,0,
AL292020,ETA,58,20201112,920,L,TS,29.2,-82.9,45,996,60,100,40,60,0,0,0,0,0,0,0,0,
AL292020,ETA,58,20201112,1200,,TS,29.7,-82.5,40,1001,60,100,40,60,0,0,0,0,0,0,0,0,
AL292020,ETA,58,20201112,1800,,TS,30.9,-81.3,35,1003,60,100,20,60,0,0,0,0,0,0,0,0,
AL292020,ETA,58,20201113,0,,TS,31.9,-79.9,40,1004,60,100,0,60,0,0,0,0,0,0,0,0,
AL292020,ETA,58,20201113,600,,TS,32.7,-78.0,40,1004,60,100,0,60,0,0,0,0,0,0,0,0,
AL292020,ETA,58,20201113,1200,,EX,34.0,-75.3,40,1004,60,100,0,60,0,0,0,0,0,0,0,0,
AL292020,ETA,58,20201113,1800,,EX,35.1,-72.5,40,1005,60,100,0,60,0,0,0,0,0,0,0,0,
AL292020,ETA,58,20201114,0,,EX,35.7,-69.2,35,1006,60,100,0,60,0,0,0,0,0,0,0,0,
AL022021,BILL,10,20210613,1800,,LO,31.9,-78.1,20,1008,0,0,0,0,0,0,0,0,0,0,0,0,60.0
AL022021,BILL,10,20210614,0,,LO,32.5,-77.1,20,1007,0,0,0,0,0,0,0,0,0,0,0,0,40.0
AL022021,BILL,10,20210614,600,,TD,33.2,-75.9,25,1006,0,0,0,0,0,0,0,0,0,0,0,0,40.0
AL022021,BILL,10,20210614,1200,,TD,34.0,-74.5,30,1005,0,0,0,0,0,0,0,0,0,0,0,0,35.0
AL022021,BILL,10,20210614,1800,,TS,34.9,-72.8,35,1003,0,60,0,0,0,0,0,0,0,0,0,0,35.0
AL022021,BILL,10,20210615,0,,TS,36.0,-70.8,40,1000,0,80,0,0,0,0,0,0,0,0,0,0,35.0
AL022021,BILL,10,20210615,600,,TS,37.6,-67.8,50,996,40,80,0,0,0,40,0,0,0,0,0,0,30.0
AL032021,CLAUDETTE,23,20210618,600,,DB,24.6,-91.4,35,1007,150,150,0,0,0,0,0,0,0,0,0,0,130.0
AL032021,CLAUDETTE,23,20210618,1200,,DB,25.9,-91.2,35,1007,150,150,0,0,0,0,0,0,0,0,0,0,120.0
AL032021,CLAUDETTE,23,20210618,1800,,DB,27.2,-91.1,40,1006,180,180,0,0,0,0,0,0,0,0,0,0,120.0
AL032021,CLAUDETTE,23,20210619,0,,TS,28.4,-91.2,40,1005,180,180,0,0,0,0,0,0,0,0,0,0,120.0
AL032021,CLAUDETTE,23,20210619,430,L,TS,29.2,-91.0,40,1003,180,180,0,0,0,0,0,0,0,0,0,0,120.0
AL032021,CLAUDETTE,23,20210619,600,,TS,29.5,-90.8,40,1003,180,180,0,0,0,0,0,0,0,0,0,0,120.0
AL032021,CLAUDETTE,23,20210619,1200,,TS,30.6,-89.9,35,1004,0,180,0,0,0,0,0,0,0,0,0,0,120.0
AL032021,CLAUDETTE,23,20210619,1800,,TD,31.5,-88.8,30,1005,0,0,0,0,0,0,0,0,0,0,0,0,120.0
AL032021,CLAUDETTE,23,20210620,0,,TD,32.4,-87.8,25,1005,0,0,0,0,0,0,0,0,0,0,0,0,120.0
AL032021,CLAUDETTE,23,20210620,600,,TD,33.1,-86.5,25,1006,0,0,0,0,0,0,0,0,0,0,0,0,120.0
AL032021,CLAUDETTE,23,20210620,1200,,TD,33.5,-84.8,25,1007,0,0,0,0,0,0,0,0,0,0,0,0,120.0
AL032021,CLAUDETTE,23,20210620,1800,,TD,33.8,-83.1,25,1008,0,0,0,0,0,0,0,0,0,0,0,0,120.0
AL032021,CLAUDETTE,23,20210621,0,,TD,34.2,-81.2,30,1007,0,0,0,0,0,0,0,0,0,0,0,0,120.0
AL032021,CLAUDETTE,23,20210621,600,,TS,35.0,-79.1,40,1006,0,110,0,0,0,0,0,0,0,0,0,0,110.0
AL032021,CLAUDETTE,23,20210621,1200,,TS,36.0,-76.5,40,1005,0,130,0,0,0,0,0,0,0,0,0,0,110.0
AL032021,CLAUDETTE,23,20210621,1800,,TS,37.0,-73.5,40,1004,0,130,0,0,0,0,0,0,0,0,0,0,110.0
AL032021,CLAUDETTE,23,20210622,0,,TS,38.4,-70.7,40,1004,0,150,0,0,0,0,0,0,0,0,0,0,100.0
AL032021,CLAUDETTE,23,20210622,600,,EX,39.7,-67.8,40,1004,0,170,120,0,0,0,0,0,0,0,0,0,100.0
AL032021,CLAUDETTE,23,20210622,1200,,EX,41.2,-65.2,40,1004,0,170,120,0,0,0,0,0,0,0,0,0,100.0
AL042021,DANNY,7,20210627,1800,,TD,29.8,-72.8,30,1013,0,0,0,0,0,0,0,0,0,0,0,0,40.0
AL042021,DANNY,7,20210628,0,,TD,30.1,-74.5,30,1013,0,0,0,0,0,0,0,0,0,0,0,0,40.0
AL042021,DANNY,7,20210628,600,,TS,30.7,-76.1,35,1011,40,0,0,30,0,0,0,0,0,0,0,0,40.0
AL042021,DANNY,7,20210628,1200,,TS,31.5,-77.6,35,1011,40,0,30,30,0,0,0,0,0,0,0,0,30.0
AL042021,DANNY,7,20210628,1800,,TS,32.0,-79.5,40,1009,40,0,30,30,0,0,0,0,0,0,0,0,30.0
AL042021,DANNY,7,20210628,2320,L,TS,32.3,-80.5,35,1010,40,0,0,0,0,0,0,0,0,0,0,0,30.0
AL042021,DANNY,7,20210629,0,,TD,32.4,-80.7,30,1011,0,0,0,0,0,0,0,0,0,0,0,0,30.0
AL052021,ELSA,43,20210706,600,,TS,23.7,-82.4,50,1005,60,50,0,50,30,0,0,0,0,0,0,0,20.0
AL052021,ELSA,43,20210706,1200,,TS,24.6,-82.7,55,1003,60,60,0,50,30,0,0,0,0,0,0,0,20.0
AL052021,ELSA,43,20210706,1800,,TS,25.5,-82.9,60,997,70,70,0,60,30,40,0,20,0,0,0,0,20.0
AL052021,ELSA,43,20210707,0,,HU,26.6,-83.2,65,996,70,80,0,60,30,40,0,20,20,0,0,0,20.0
AL052021,ELSA,43,20210707,600,,TS,27.8,-83.5,55,998,70,80,0,60,30,30,0,0,0,0,0,0,20.0
AL052021,ELSA,43,20210707,1200,,TS,29.1,-83.6,55,999,70,80,0,50,30,30,0,0,0,0,0,0,25.0
AL052021,ELSA,43,20210707,1430,L,TS,29.8,-83.5,55,1000,70,80,0,50,30,30,0,0,0,0,0,0,25.0
AL052021,ELSA,43,20210707,1800,,TS,30.3,-83.4,45,1002,60,60,0,30,0,0,0,0,0,0,0,0,40.0
AL052021,ELSA,43,20210708,0,,TS,31.5,-82.7,45,1005,0,100,0,0,0,0,0,0,0,0,0,0,60.0
AL052021,ELSA,43,20210708,600,,TS,32.8,-81.8,40,1006,0,100,0,0,0,0,0,0,0,0,0,0,75.0
AL052021,ELSA,43,20210708,1200,,TS,34.2,-80.5,40,1006,0,120,0,0,0,0,0,0,0,0,0,0,90.0
AL052021,ELSA,43,20210708,1800,,TS,35.5,-79.0,45,1004,0,140,0,0,0,0,0,0,0,0,0,0,90.0
AL052021,ELSA,43,20210709,0,,TS,36.8,-77.4,45,1003,0,140,0,0,0,0,0,0,0,0,0,0,90.0
AL052021,ELSA,43,20210709,600,,TS,38.4,-75.5,50,1001,70,140,0,0,0,80,0,0,0,0,0,0,75.0
AL052021,ELSA,43,20210709,1200,,TS,40.3,-73.1,50,999,70,140,0,0,0,80,0,0,0,0,0,0,70.0
AL052021,ELSA,43,20210709,1500,L,TS,40.9,-72.3,50,999,70,140,0,0,0,80,0,0,0,0,0,0,70.0
AL052021,ELSA,43,20210709,1630,L,TS,41.4,-71.7,50,999,70,140,0,0,0,80,0,0,0,0,0,0,70.0
AL052021,ELSA,43,20210709,1800,,EX,42.0,-71.0,45,999,70,120,0,0,0,0,0,0,0,0,0,0,70.0
AL052021,ELSA,43,20210710,0,,EX,44.0,-68.3,40,997,70,120,0,0,0,0,0,0,0,0,0,0,70.0
AL052021,ELSA,43,20210710,600,,EX,46.8,-64.4,35,999,70,120,0,0,0,0,0,0,0,0,0,0,70.0
AL062021,FRED,45,20210815,0,,DB,24.1,-84.1,35,1011,130,0,0,0,0,0,0,0,0,0,0,0,60.0
AL062021,FRED,45,20210815,600,,DB,25.0,-84.4,35,1010,110,0,0,0,0,0,0,0,0,0,0,0,60.0
AL062021,FRED,45,20210815,1200,,TS,25.7,-84.7,35,1008,90,0,0,0,0,0,0,0,0,0,0,0,60.0
AL062021,FRED,45,20210815,1800,,TS,26.4,-85.2,40,1005,80,60,0,0,0,0,0,0,0,0,0,0,60.0
AL062021,FRED,45,20210816,0,,TS,27.0,-85.8,50,999,80,60,0,0,40,30,0,0,0,0,0,0,60.0
AL062021,FRED,45,20210816,600,,TS,27.8,-85.9,50,996,90,80,0,0,40,40,0,0,0,0,0,0,50.0
AL062021,FRED,45,20210816,1200,,TS,28.7,-85.7,50,993,100,100,30,40,50,50,0,20,0,0,0,0,40.0
AL062021,FRED,45,20210816,1800,,TS,29.5,-85.4,55,991,100,100,30,40,50,50,0,20,0,0,0,0,30.0
AL062021,FRED,45,20210816,1900,L,TS,29.7,-85.4,55,991,100,100,30,40,50,50,0,20,0,0,0,0,30.0
AL062021,FRED,45,20210817,0,,TS,30.6,-85.4,45,998,60,80,20,40,0,0,0,0,0,0,0,0,30.0
AL062021,FRED,45,20210817,600,,TS,31.7,-85.4,35,1004,40,30,0,0,0,0,0,0,0,0,0,0,50.0
AL062021,FRED,45,20210817,1200,,TD,32.8,-85.2,25,1006,0,0,0,0,0,0,0,0,0,0,0,0,60.0
AL062021,FRED,45,20210817,1800,,TD,34.0,-84.7,25,1008,0,0,0,0,0,0,0,0,0,0,0,0,70.0
AL062021,FRED,45,20210818,0,,LO,35.9,-83.6,25,1009,0,0,0,0,0,0,0,0,0,0,0,0,70.0
AL062021,FRED,45,20210818,600,,LO,37.7,-82.3,20,1010,0,0,0,0,0,0,0,0,0,0,0,0,80.0
AL062021,FRED,45,20210818,1200,,LO,39.2,-81.1,20,1011,0,0,0,0,0,0,0,0,0,0,0,0,90.0
AL062021,FRED,45,20210818,1800,,LO,40.4,-79.7,20,1013,0,0,0,0,0,0,0,0,0,0,0,0,100.0
AL062021,FRED,45,20210819,0,,EX,41.2,-78.2,20,1012,0,0,0,0,0,0,0,0,0,0,0,0,100.0
AL062021,FRED,45,20210819,600,,EX,41.9,-76.7,20,1011,0,0,0,0,0,0,0,0,0,0,0,0,100.0
AL062021,FRED,45,20210819,1200,,EX,42.4,-75.1,20,1011,0,0,0,0,0,0,0,0,0,0,0,0,100.0
AL062021,FRED,45,20210819,1800,,EX,42.7,-73.5,25,1010,0,0,0,0,0,0,0,0,0,0,0,0,100.0
AL062021,FRED,45,20210820,0,,EX,42.7,-72.2,25,1009,0,0,0,0,0,0,0,0,0,0,0,0,100.0
AL062021,FRED,45,20210820,600,,EX,42.6,-71.0,25,1008,0,0,0,0,0,0,0,0,0,0,0,0,100.0
AL082021,HENRI,42,20210819,1200,,TS,29.5,-70.0,60,995,70,70,40,70,40,40,0,20,0,0,0,0,25.0
AL082021,HENRI,42,20210819,1800,,TS,29.6,-71.0,55,999,80,70,40,70,40,40,0,0,0,0,0,0,25.0
AL082021,HENRI,42,20210820,0,,TS,29.7,-72.0,55,997,80,70,40,70,50,40,0,0,0,0,0,0,30.0
AL082021,HENRI,42,20210820,600,,TS,29.9,-72.9,55,995,80,70,40,70,50,40,0,0,0,0,0,0,30.0
AL082021,HENRI,42,20210820,1200,,TS,30.1,-73.6,55,995,90,100,50,70,50,50,0,0,0,0,0,0,30.0
AL082021,HENRI,42,20210820,1800,,TS,30.8,-73.8,60,994,90,100,50,70,50,50,0,0,0,0,0,0,30.0
AL082021,HENRI,42,20210821,0,,TS,31.6,-73.7,60,993,90,100,50,70,50,50,0,0,0,0,0,0,30.0
AL082021,HENRI,42,20210821,600,,TS,32.5,-73.4,60,993,90,100,50,70,50,50,0,0,0,0,0,0,30.0
AL082021,HENRI,42,20210821,1200,,HU,33.6,-72.7,65,991,100,130,100,50,60,80,0,0,0,40,0,0,30.0
AL082021,HENRI,42,20210821,1800,,HU,35.4,-71.8,65,990,100,130,100,50,60,80,0,0,0,40,0,0,30.0
AL082021,HENRI,42,20210822,0,,HU,37.6,-70.9,65,988,100,130,100,50,60,80,30,0,0,30,0,0,25.0
AL082021,HENRI,42,20210822,600,,HU,39.4,-71.0,65,986,80,110,80,50,50,70,0,0,0,30,0,0,25.0
AL082021,HENRI,42,20210822,1200,,TS,40.7,-71.3,55,986,80,90,60,50,40,50,0,0,0,0,0,0,25.0
AL082021,HENRI,42,20210822,1520,L,TS,41.2,-71.6,55,987,50,60,40,40,40,50,0,0,0,0,0,0,25.0
AL082021,HENRI,42,20210822,1615,L,TS,41.3,-71.8,55,988,50,60,40,40,40,50,0,0,0,0,0,0,25.0
AL082021,HENRI,42,20210822,1800,,TS,41.5,-72.0,40,991,30,40,30,20,0,0,0,0,0,0,0,0,25.0
AL082021,HENRI,42,20210823,0,,TD,41.8,-73.0,30,1000,0,0,0,0,0,0,0,0,0,0,0,0,30.0
AL082021,HENRI,42,20210823,600,,TD,41.7,-74.4,25,1005,0,0,0,0,0,0,0,0,0,0,0,0,30.0
AL082021,HENRI,42,20210823,1200,,TD,41.6,-74.2,25,1005,0,0,0,0,0,0,0,0,0,0,0,0,30.0
AL082021,HENRI,42,20210823,1800,,LO,41.5,-73.8,25,1005,0,0,0,0,0,0,0,0,0,0,0,0,30.0
AL082021,HENRI,42,20210824,0,,LO,41.4,-72.7,20,1006,0,0,0,0,0,0,0,0,0,0,0,0,30.0
AL082021,HENRI,42,20210824,600,,LO,41.9,-71.2,20,1006,0,0,0,0,0,0,0,0,0,0,0,0,30.0
AL082021,HENRI,42,20210824,1200,,LO,42.2,-69.6,20,1007,0,0,0,0,0,0,0,0,0,0,0,0,30.0
AL082021,HENRI,42,20210824,1800,,LO,42.3,-67.3,25,1008,0,0,0,0,0,0,0,0,0,0,0,0,30.0
AL092021,IDA,40,20210828,1200,,HU,24.4,-85.7,70,986,110,80,60,100,50,40,20,30,25,20,0,0,20.0
AL092021,IDA,40,20210828,1800,,HU,25.6,-86.6,80,976,110,100,70,100,50,40,20,40,25,20,10,20,20.0
AL092021,IDA,40,20210829,0,,HU,26.7,-87.6,90,967,120,100,80,110,70,60,40,60,35,30,20,30,20.0
AL092021,IDA,40,20210829,600,,HU,27.6,-88.7,115,950,120,100,80,110,70,60,40,60,35,30,20,30,15.0
AL092021,IDA,40,20210829,1200,,HU,28.5,-89.6,130,929,130,110,80,110,70,60,40,60,45,35,20,30,10.0
AL092021,IDA,40,20210829,1655,L,HU,29.1,-90.2,130,931,130,110,80,110,70,60,40,60,45,35,20,30,10.0
AL092021,IDA,40,20210829,1800,,HU,29.2,-90.4,125,932,130,120,80,80,70,60,40,40,45,35,20,25,10.0
AL092021,IDA,40,20210830,0,,HU,29.9,-90.6,105,944,80,120,80,70,50,60,40,40,30,30,20,20,10.0
AL092021,IDA,40,20210830,600,,HU,30.6,-90.8,65,978,80,130,80,40,50,50,0,0,30,30,0,0,30.0
AL092021,IDA,40,20210830,1200,,TS,31.5,-90.9,40,992,50,160,60,30,0,0,0,0,0,0,0,0,40.0
AL092021,IDA,40,20210830,1800,,TS,32.2,-90.5,35,996,0,160,0,0,0,0,0,0,0,0,0,0,80.0
AL092021,IDA,40,20210831,0,,TD,33.0,-90.0,30,996,0,0,0,0,0,0,0,0,0,0,0,0,250.0
AL092021,IDA,40,20210831,600,,TD,33.8,-89.4,25,996,0,0,0,0,0,0,0,0,0,0,0,0,210.0
AL092021,IDA,40,20210831,1200,,TD,34.4,-88.4,25,996,0,0,0,0,0,0,0,0,0,0,0,0,250.0
AL092021,IDA,40,20210831,1800,,TD,35.1,-87.1,20,999,0,0,0,0,0,0,0,0,0,0,0,0,250.0
AL092021,IDA,40,20210901,0,,TD,35.8,-85.5,20,1000,0,0,0,0,0,0,0,0,0,0,0,0,270.0
AL092021,IDA,40,20210901,600,,TD,36.7,-83.6,20,1000,0,0,0,0,0,0,0,0,0,0,0,0,270.0
AL092021,IDA,40,20210901,1200,,EX,37.7,-81.5,25,1000,0,0,0,0,0,0,0,0,0,0,0,0,300.0
AL092021,IDA,40,20210901,1800,,EX,39.0,-78.5,30,999,0,0,0,0,0,0,0,0,0,0,0,0,210.0
AL092021,IDA,40,20210902,0,,EX,39.8,-75.6,35,997,0,150,0,0,0,0,0,0,0,0,0,0,150.0
AL092021,IDA,40,20210902,600,,EX,40.6,-72.8,40,997,0,150,150,0,0,0,0,0,0,0,0,0,150.0
AL092021,IDA,40,20210902,1200,,EX,41.4,-69.7,40,997,180,150,0,0,0,0,0,0,0,0,0,0,150.0
AL092021,IDA,40,20210902,1800,,EX,43.3,-67.2,40,996,0,150,0,0,0,0,0,0,0,0,0,0,150.0
AL092021,IDA,40,20210903,0,,EX,45.4,-64.7,40,995,150,150,0,0,0,0,0,0,0,0,0,0,150.0
AL092021,IDA,40,20210903,600,,EX,46.6,-63.6,45,992,150,150,60,150,0,0,0,0,0,0,0,0,120.0
AL092021,IDA,40,20210903,1200,,EX,47.5,-62.7,45,991,120,150,90,90,0,0,0,0,0,0,0,0,90.0
AL092021,IDA,40,20210904,1200,,EX,47.6,-63.9,35,996,120,0,0,120,0,0,0,0,0,0,0,0,90.0
AL092021,IDA,40,20210904,1800,,EX,46.6,-63.5,30,999,0,0,0,0,0,0,0,0,0,0,0,0,90.0
AL132021,MINDY,10,20210908,1800,,TS,28.4,-86.8,35,1006,0,30,0,0,0,0,0,0,0,0,0,0,30.0
AL132021,MINDY,10,20210909,0,,TS,29.5,-85.4,45,1001,0,40,0,0,0,0,0,0,0,0,0,0,30.0
AL132021,MINDY,10,20210909,115,L,TS,29.7,-85.1,50,1000,0,40,0,0,0,30,0,0,0,0,0,0,30.0
AL132021,MINDY,10,20210909,600,,TS,30.5,-83.9,35,1001,0,40,0,0,0,0,0,0,0,0,0,0,30.0
AL132021,MINDY,10,20210909,1200,,TD,31.2,-81.8,30,1005,0,0,0,0,0,0,0,0,0,0,0,0,40.0
AL132021,MINDY,10,20210909,1800,,TD,31.7,-79.4,30,1005,0,0,0,0,0,0,0,0,0,0,0,0,40.0
AL132021,MINDY,10,20210910,0,,LO,32.1,-76.8,30,1005,0,0,0,0,0,0,0,0,0,0,0,0,40.0
AL132021,MINDY,10,20210910,600,,LO,32.6,-74.0,30,1005,0,0,0,0,0,0,0,0,0,0,0,0,40.0
AL132021,MINDY,10,20210910,1200,,LO,33.2,-71.8,30,1005,0,0,0,0,0,0,0,0,0,0,0,0,40.0
AL132021,MINDY,10,20210910,1800,,LO,33.7,-69.8,30,1006,0,0,0,0,0,0,0,0,0,0,0,0,40.0
AL142021,NICHOLAS,21,20210913,600,,TS,24.8,-96.5,50,1001,100,80,0,0,30,0,0,0,0,0,0,0,30.0
AL142021,NICHOLAS,21,20210913,1200,,TS,25.9,-96.7,50,1000,100,80,0,30,30,0,0,0,0,0,0,0,30.0
AL142021,NICHOLAS,21,20210913,1800,,TS,27.0,-96.6,55,998,100,100,0,40,30,0,0,0,0,0,0,0,30.0
AL142021,NICHOLAS,21,20210914,0,,HU,28.0,-96.2,65,988,100,120,40,50,50,40,0,30,0,0,0,0,25.0
AL142021,NICHOLAS,21,20210914,530,L,HU,28.7,-95.7,65,991,100,120,40,50,50,40,0,30,25,25,0,20,20.0
AL142021,NICHOLAS,21,20210914,600,,HU,28.8,-95.7,65,991,110,140,40,50,60,40,0,20,25,25,0,0,20.0
AL142021,NICHOLAS,21,20210914,1200,,TS,29.3,-95.4,50,999,120,160,0,30,80,80,0,0,0,0,0,0,50.0
AL142021,NICHOLAS,21,20210914,1800,,TS,29.6,-94.9,35,1003,120,160,0,0,0,0,0,0,0,0,0,0,80.0
AL142021,NICHOLAS,21,20210915,0,,TD,29.9,-94.4,30,1003,0,0,0,0,0,0,0,0,0,0,0,0,80.0
AL142021,NICHOLAS,21,20210915,600,,TD,30.2,-93.8,30,1004,0,0,0,0,0,0,0,0,0,0,0,0,100.0
AL142021,NICHOLAS,21,20210915,1200,,TD,30.3,-93.1,25,1006,0,0,0,0,0,0,0,0,0,0,0,0,100.0
AL142021,NICHOLAS,21,20210915,1800,,LO,30.2,-92.4,25,1006,0,0,0,0,0,0,0,0,0,0,0,0,100.0
AL142021,NICHOLAS,21,20210916,0,,LO,29.9,-91.8,25,1006,0,0,0,0,0,0,0,0,0,0,0,0,100.0
AL142021,NICHOLAS,21,20210916,600,,LO,29.3,-91.6,20,1007,0,0,0,0,0,0,0,0,0,0,0,0,100.0
AL142021,NICHOLAS,21,20210916,1200,,LO,29.7,-91.7,20,1007,0,0,0,0,0,0,0,0,0,0,0,0,100.0
AL142021,NICHOLAS,21,20210916,1800,,LO,29.9,-92.2,20,1009,0,0,0,0,0,0,0,0,0,0,0,0,100.0
AL142021,NICHOLAS,21,20210917,0,,LO,30.3,-92.6,15,1009,0,0,0,0,0,0,0,0,0,0,0,0,100.0
AL142021,NICHOLAS,21,20210917,600,,LO,30.8,-93.0,15,1010,0,0,0,0,0,0,0,0,0,0,0,0,100.0
AL152021,ODETTE,43,20210916,600,,LO,30.4,-74.3,30,1011,0,0,0,0,0,0,0,0,0,0,0,0,120.0
AL152021,ODETTE,43,20210916,1200,,LO,31.4,-74.8,30,1011,0,0,0,0,0,0,0,0,0,0,0,0,120.0
AL152021,ODETTE,43,20210916,1800,,LO,32.3,-75.2,30,1011,0,0,0,0,0,0,0,0,0,0,0,0,120.0
AL152021,ODETTE,43,20210917,0,,LO,33.3,-75.3,30,1011,0,0,0,0,0,0,0,0,0,0,0,0,120.0
AL152021,ODETTE,43,20210917,600,,LO,34.1,-74.9,30,1011,0,0,0,0,0,0,0,0,0,0,0,0,120.0
AL152021,ODETTE,43,20210917,1200,,LO,35.0,-73.9,30,1011,0,0,0,0,0,0,0,0,0,0,0,0,100.0
AL152021,ODETTE,43,20210917,1800,,TS,35.9,-72.7,35,1010,140,120,0,60,0,0,0,0,0,0,0,0,80.0
AL152021,ODETTE,43,20210918,0,,TS,36.8,-71.4,40,1008,150,120,0,60,0,0,0,0,0,0,0,0,90.0
AL152021,ODETTE,43,20210918,600,,TS,37.6,-70.1,40,1005,170,150,0,60,0,0,0,0,0,0,0,0,90.0
AL152021,ODETTE,43,20210918,1200,,EX,38.3,-68.3,40,1002,180,180,0,60,0,0,0,0,0,0,0,0,90.0
AL152021,ODETTE,43,20210918,1800,,EX,38.7,-66.2,40,1001,180,180,0,90,0,0,0,0,0,0,0,0,120.0
AL212021,WANDA,54,20211025,1800,,EX,32.5,-76.3,35,1006,0,60,0,0,0,0,0,0,0,0,0,0,40.0
AL212021,WANDA,54,20211026,0,,EX,34.2,-74.1,45,1002,180,90,0,0,0,0,0,0,0,0,0,0,60.0
AL212021,WANDA,54,20211026,600,,EX,35.9,-71.3,45,996,240,240,0,0,0,0,0,0,0,0,0,0,60.0
AL212021,WANDA,54,20211026,1200,,EX,37.7,-69.1,50,992,270,240,0,60,60,60,0,0,0,0,0,0,60.0
AL212021,WANDA,54,20211026,1800,,EX,39.5,-68.2,55,984,300,210,30,90,150,0,0,50,0,0,0,0,70.0
AL212021,WANDA,54,20211027,0,,EX,40.8,-67.6,60,979,300,120,60,210,150,0,0,100,0,0,0,0,80.0
AL212021,WANDA,54,20211027,600,,EX,41.4,-69.4,60,973,420,180,90,210,150,0,0,110,0,0,0,0,90.0
AL212021,WANDA,54,20211027,1200,,EX,39.9,-70.1,55,976,480,240,180,240,120,0,0,120,0,0,0,0,100.0
AL212021,WANDA,54,20211027,1800,,EX,38.7,-68.5,50,980,540,300,180,300,0,0,0,120,0,0,0,0,100.0
AL212021,WANDA,54,20211028,0,,EX,39.0,-65.9,45,981,540,210,240,360,0,0,0,0,0,0,0,0,200.0
AL012022,ALEX,17,20220604,0,,DB,23.9,-85.1,35,1003,0,210,0,0,0,0,0,0,0,0,0,0,180.0
AL012022,ALEX,17,20220604,600,,DB,25.0,-83.7,35,1003,0,210,0,0,0,0,0,0,0,0,0,0,180.0
AL012022,ALEX,17,20220604,1200,,DB,26.2,-82.0,35,1002,0,210,0,0,0,0,0,0,0,0,0,0,150.0
AL012022,ALEX,17,20220604,1800,,DB,27.2,-80.4,40,1001,90,210,0,0,0,0,0,0,0,0,0,0,120.0
AL012022,ALEX,17,20220605,0,,TS,28.0,-78.8,40,999,150,180,0,0,0,0,0,0,0,0,0,0,90.0
AL012022,ALEX,17,20220605,600,,TS,28.8,-77.2,45,995,150,180,0,30,0,0,0,0,0,0,0,0,80.0
AL012022,ALEX,17,20220605,1200,,TS,29.9,-75.0,50,993,150,180,0,40,0,90,0,0,0,0,0,0,80.0
AL012022,ALEX,17,20220605,1800,,TS,31.0,-72.5,60,985,160,180,60,80,0,90,30,40,0,0,0,0,60.0
AL012022,ALEX,17,20220606,0,,TS,32.1,-70.2,60,984,180,180,90,90,0,90,40,40,0,0,0,0,50.0
AL032022,COLIN,6,20220701,1800,,TD,31.8,-80.5,30,1014,0,0,0,0,0,0,0,0,0,0,0,0,50.0
AL032022,COLIN,6,20220701,2330,L,TS,32.4,-80.5,35,1011,40,60,0,0,0,0,0,0,0,0,0,0,50.0
AL032022,COLIN,6,20220702,0,,TS,32.5,-80.4,35,1011,40,60,0,0,0,0,0,0,0,0,0,0,50.0
AL032022,COLIN,6,20220702,600,,TS,33.0,-79.9,35,1011,40,60,0,0,0,0,0,0,0,0,0,0,50.0
AL032022,COLIN,6,20220702,1200,,TS,33.4,-79.4,35,1011,50,70,0,0,0,0,0,0,0,0,0,0,50.0
AL032022,COLIN,6,20220702,1800,,TD,33.8,-78.9,30,1015,0,0,0,0,0,0,0,0,0,0,0,0,50.0
AL072022,FIONA,61,20220921,0,,HU,22.9,-71.8,110,951,140,130,80,120,70,60,40,60,40,30,20,30,15.0
AL072022,FIONA,61,20220921,600,,HU,23.5,-71.8,120,939,140,130,80,120,70,60,40,60,40,30,20,30,15.0
AL072022,FIONA,61,20220921,1200,,HU,24.2,-71.7,115,937,140,170,80,120,70,90,40,60,40,40,20,30,15.0
AL072022,FIONA,61,20220921,1800,,HU,25.1,-71.6,115,937,140,170,80,120,70,90,40,60,40,40,20,30,15.0
AL072022,FIONA,61,20220922,0,,HU,26.0,-71.4,115,934,150,180,110,130,100,100,80,90,55,60,45,45,15.0
AL072022,FIONA,61,20220922,600,,HU,26.9,-71.1,115,934,150,180,130,150,100,100,80,100,55,60,45,45,15.0
AL072022,FIONA,61,20220922,1200,,HU,28.0,-70.6,115,936,150,180,130,150,100,100,80,100,55,60,45,45,20.0
AL072022,FIONA,61,20220922,1800,,HU,29.5,-70.0,115,936,180,240,130,150,110,110,80,100,60,60,45,50,20.0
AL072022,FIONA,61,20220923,0,,HU,30.9,-69.0,115,931,220,240,150,160,120,120,100,100,80,100,60,50,20.0
AL092022,IAN,40,20220927,1800,,HU,23.5,-83.3,105,951,120,120,100,120,60,60,50,60,35,35,20,20,15.0
AL092022,IAN,40,20220928,0,,HU,24.4,-83.0,105,947,120,120,100,120,60,60,50,60,35,35,20,20,20.0
AL092022,IAN,40,20220928,200,L,HU,24.6,-82.9,110,952,120,120,100,120,60,60,50,60,35,35,20,20,20.0
AL092022,IAN,40,20220928,600,,HU,25.2,-82.9,120,945,120,130,100,150,70,60,60,70,35,35,30,35,20.0
AL092022,IAN,40,20220928,1200,,HU,26.0,-82.7,140,937,120,140,100,150,70,60,70,80,40,40,30,40,20.0
AL092022,IAN,40,20220928,1800,,HU,26.6,-82.4,135,938,130,150,100,150,50,60,70,80,30,40,30,45,20.0
AL092022,IAN,40,20220928,1905,L,HU,26.7,-82.2,130,941,130,150,100,150,50,60,70,80,30,40,30,45,20.0
AL092022,IAN,40,20220928,2035,L,HU,26.8,-82.0,125,945,130,150,100,150,50,60,70,80,30,40,30,45,20.0
AL092022,IAN,40,20220929,0,,HU,27.2,-81.7,100,960,180,120,120,220,50,60,50,70,30,40,30,45,20.0
AL092022,IAN,40,20220929,600,,HU,27.7,-81.1,65,985,360,120,150,200,60,50,40,70,30,0,0,30,20.0
AL092022,IAN,40,20220929,1200,,TS,28.4,-80.6,60,987,360,120,150,200,60,50,40,70,0,0,0,0,40.0
AL092022,IAN,40,20220929,1800,,HU,28.9,-80.1,65,986,360,140,150,200,60,0,50,100,0,0,0,40,40.0
AL092022,IAN,40,20220930,0,,HU,29.6,-79.4,70,986,420,150,120,220,60,80,80,120,0,0,40,60,40.0
AL092022,IAN,40,20220930,600,,HU,30.3,-79.1,75,984,420,130,100,160,80,60,80,120,0,0,40,60,40.0
AL092022,IAN,40,20220930,1200,,HU,31.5,-79.0,75,980,240,130,120,140,80,60,80,80,40,0,40,60,40.0
AL092022,IAN,40,20220930,1800,,HU,33.3,-79.2,70,978,190,130,100,60,80,60,80,40,0,30,40,0,40.0
AL092022,IAN,40,20220930,1805,L,HU,33.3,-79.2,70,978,190,130,100,60,80,60,80,40,0,30,40,0,40.0
AL092022,IAN,40,20221001,0,,EX,34.4,-79.3,50,990,160,170,0,0,0,90,0,0,0,0,0,0,80.0
AL092022,IAN,40,20221001,600,,EX,35.3,-79.7,30,999,0,0,0,0,0,0,0,0,0,0,0,0,180.0
AL172022,NICOLE,26,20221108,0,,SS,26.8,-70.7,40,998,270,270,0,180,0,0,0,0,0,0,0,0,200.0
AL172022,NICOLE,26,20221108,600,,SS,27.5,-71.2,40,996,240,240,0,330,0,0,0,0,0,0,0,0,200.0
AL172022,NICOLE,26,20221108,1200,,SS,27.7,-72.1,45,993,240,240,0,330,0,0,0,0,0,0,0,0,80.0
AL172022,NICOLE,26,20221108,1800,,TS,27.6,-73.3,50,991,240,240,0,330,0,0,0,60,0,0,0,0,60.0
AL172022,NICOLE,26,20221109,0,,TS,27.2,-74.3,60,984,300,240,30,330,0,0,0,60,0,0,0,0,60.0
AL172022,NICOLE,26,20221109,600,,TS,26.8,-75.3,60,986,360,120,60,400,0,0,0,60,0,0,0,0,60.0
AL172022,NICOLE,26,20221109,1200,,TS,26.5,-76.2,55,985,360,120,60,400,20,0,20,50,0,0,0,0,20.0
AL172022,NICOLE,26,20221109,1700,L,TS,26.5,-77.1,60,985,360,120,60,400,20,0,20,50,0,0,0,0,20.0
AL172022,NICOLE,26,20221109,1800,,TS,26.5,-77.3,60,985,420,80,60,390,20,0,20,50,0,0,0,0,20.0
AL172022,NICOLE,26,20221109,2300,L,HU,26.6,-78.2,65,980,420,80,60,390,30,30,20,50,20,20,0,0,20.0
AL172022,NICOLE,26,20221110,0,,HU,26.7,-78.4,65,980,420,80,60,390,30,30,20,50,20,20,0,0,20.0
AL172022,NICOLE,26,20221110,600,,HU,27.3,-79.8,65,980,390,90,180,300,80,30,20,80,20,20,0,0,20.0
AL172022,NICOLE,26,20221110,745,L,HU,27.6,-80.3,65,980,390,90,180,300,80,30,20,80,20,20,0,0,20.0
AL172022,NICOLE,26,20221110,1200,,TS,28.0,-81.6,55,984,330,90,150,200,120,0,0,0,0,0,0,0,110.0
AL172022,NICOLE,26,20221110,1800,,TS,29.0,-82.8,40,989,200,60,100,130,0,0,0,0,0,0,0,0,70.0
AL172022,NICOLE,26,20221110,1900,L,TS,29.2,-83.0,40,989,200,60,100,130,0,0,0,0,0,0,0,0,70.0
AL172022,NICOLE,26,20221111,0,L,TS,30.1,-84.0,35,992,200,60,100,100,0,0,0,0,0,0,0,0,70.0
AL172022,NICOLE,26,20221111,600,,TD,31.2,-84.6,30,996,0,0,0,0,0,0,0,0,0,0,0,0,90.0
AL172022,NICOLE,26,20221111,1200,,TD,33.2,-84.6,25,999,0,0,0,0,0,0,0,0,0,0,0,0,250.0
AL172022,NICOLE,26,20221111,1800,,LO,35.4,-83.8,25,1000,0,0,0,0,0,0,0,0,0,0,0,0,400.0
AL012023,UNNAMED,15,20230115,0,,EX,36.4,-71.3,45,989,0,0,180,180,0,0,0,0,0,0,0,0,80.0
AL012023,UNNAMED,15,20230115,600,,EX,36.8,-70.6,45,986,30,0,200,200,0,0,0,0,0,0,0,0,70.0
AL012023,UNNAMED,15,20230115,1200,,EX,37.2,-69.7,45,986,30,40,200,200,0,0,0,0,0,0,0,0,60.0
AL012023,UNNAMED,15,20230115,1800,,EX,37.4,-68.8,45,983,30,40,200,200,0,0,0,0,0,0,0,0,50.0
AL012023,UNNAMED,15,20230116,0,,EX,37.5,-68.3,45,983,60,80,200,200,0,0,0,0,0,0,0,0,50.0
AL012023,UNNAMED,15,20230116,600,,EX,37.3,-67.6,50,982,80,100,200,200,0,0,40,0,0,0,0,0,40.0
AL022023,ARLENE,15,20230531,1800,,LO,26.4,-85.9,20,1009,0,0,0,0,0,0,0,0,0,0,0,0,100.0
AL022023,ARLENE,15,20230601,0,,LO,26.7,-85.7,20,1008,0,0,0,0,0,0,0,0,0,0,0,0,100.0
AL022023,ARLENE,15,20230601,600,,LO,27.2,-85.8,25,1008,0,0,0,0,0,0,0,0,0,0,0,0,90.0
AL022023,ARLENE,15,20230601,1200,,TD,27.7,-86.2,30,1007,0,0,0,0,0,0,0,0,0,0,0,0,70.0
AL022023,ARLENE,15,20230601,1800,,TD,28.0,-86.5,30,1007,0,0,0,0,0,0,0,0,0,0,0,0,50.0
AL022023,ARLENE,15,20230602,0,,TD,27.7,-86.5,30,1006,0,0,0,0,0,0,0,0,0,0,0,0,40.0
AL022023,ARLENE,15,20230602,600,,TS,27.3,-86.4,35,1004,60,0,0,60,0,0,0,0,0,0,0,0,40.0
AL022023,ARLENE,15,20230602,1200,,TS,27.0,-86.3,35,1002,60,0,0,60,0,0,0,0,0,0,0,0,40.0
AL022023,ARLENE,15,20230602,1800,,TS,26.7,-86.0,35,1000,60,0,0,60,0,0,0,0,0,0,0,0,40.0
AL022023,ARLENE,15,20230603,0,,TS,25.9,-85.7,35,998,0,0,0,60,0,0,0,0,0,0,0,0,50.0
AL022023,ARLENE,15,20230603,600,,TD,25.0,-85.6,30,999,0,0,0,0,0,0,0,0,0,0,0,0,50.0
AL022023,ARLENE,15,20230603,1200,,LO,24.4,-85.3,25,1000,0,0,0,0,0,0,0,0,0,0,0,0,40.0
AL022023,ARLENE,15,20230603,1800,,LO,23.9,-85.0,25,1001,0,0,0,0,0,0,0,0,0,0,0,0,40.0
AL022023,ARLENE,15,20230604,0,,LO,23.5,-84.1,25,1002,0,0,0,0,0,0,0,0,0,0,0,0,40.0
AL022023,ARLENE,15,20230604,600,,LO,23.3,-83.0,25,1002,0,0,0,0,0,0,0,0,0,0,0,0,30.0
AL082023,FRANKLIN,86,20230828,600,,HU,26.7,-70.6,100,951,130,110,100,80,50,40,30,40,25,20,10,20,10.0
AL082023,FRANKLIN,86,20230828,1200,,HU,27.5,-70.9,125,937,130,110,110,80,60,40,40,40,30,20,20,20,10.0
AL082023,FRANKLIN,86,20230828,1800,,HU,28.2,-71.1,125,931,130,120,110,80,60,40,40,40,30,25,20,20,10.0
AL082023,FRANKLIN,86,20230829,0,,HU,28.9,-71.1,130,926,130,120,80,90,70,40,40,40,30,25,20,20,5.0
AL082023,FRANKLIN,86,20230829,600,,HU,29.7,-71.0,120,935,130,120,80,90,70,40,40,40,30,25,20,20,5.0
AL082023,FRANKLIN,86,20230829,1200,,HU,30.3,-70.7,115,941,130,120,80,90,70,40,40,40,30,25,20,20,20.0
AL082023,FRANKLIN,86,20230829,1800,,HU,31.1,-70.2,110,947,130,120,80,90,70,40,40,40,30,25,20,20,20.0
AL082023,FRANKLIN,86,20230830,0,,HU,31.8,-69.5,100,953,130,120,80,90,70,40,40,40,30,25,20,20,25.0
AL082023,FRANKLIN,86,20230830,600,,HU,32.6,-68.7,95,956,130,140,120,80,70,80,70,50,35,40,25,20,30.0
AL092023,HAROLD,10,20230821,1200,,DB,24.7,-89.2,25,1008,0,0,0,0,0,0,0,0,0,0,0,0,90.0
AL092023,HAROLD,10,20230821,1800,,TD,25.0,-90.8,30,1008,0,0,0,0,0,0,0,0,0,0,0,0,90.0
AL092023,HAROLD,10,20230822,0,,TD,25.4,-92.4,30,1008,0,0,0,0,0,0,0,0,0,0,0,0,70.0
AL092023,HAROLD,10,20230822,600,,TS,25.8,-94.3,40,1003,100,30,0,60,0,0,0,0,0,0,0,0,50.0
AL092023,HAROLD,10,20230822,1200,,TS,26.8,-96.4,50,996,100,30,0,60,30,0,0,0,0,0,0,0,30.0
AL092023,HAROLD,10,20230822,1500,L,TS,27.1,-97.4,50,995,100,30,0,60,30,0,0,0,0,0,0,0,30.0
AL092023,HAROLD,10,20230822,1800,,TS,27.3,-98.3,40,997,100,0,0,0,0,0,0,0,0,0,0,0,30.0
AL092023,HAROLD,10,20230823,0,,TD,27.7,-100.1,30,1002,0,0,0,0,0,0,0,0,0,0,0,0,40.0
AL092023,HAROLD,10,20230823,600,,TD,28.5,-101.7,25,1007,0,0,0,0,0,0,0,0,0,0,0,0,50.0
AL092023,HAROLD,10,20230823,1200,,LO,29.7,-103.3,20,1011,0,0,0,0,0,0,0,0,0,0,0,0,50.0
AL102023,IDALIA,54,20230829,1200,,HU,23.8,-84.8,70,978,120,140,50,60,50,40,20,30,20,15,0,10,15.0
AL102023,IDALIA,54,20230829,1800,,HU,25.3,-84.8,80,973,120,140,50,60,50,40,20,30,20,15,10,10,15.0
AL102023,IDALIA,54,20230830,0,,HU,26.9,-84.7,90,965,120,140,50,60,50,40,20,30,20,15,10,10,10.0
AL102023,IDALIA,54,20230830,600,,HU,28.3,-84.5,105,945,120,150,60,60,60,50,30,40,20,20,15,10,10.0
AL102023,IDALIA,54,20230830,900,I,HU,29.1,-84.1,115,942,130,150,70,60,60,50,30,40,20,20,15,10,10.0
AL102023,IDALIA,54,20230830,1145,L,HU,29.9,-83.6,100,950,130,180,50,60,60,50,30,40,20,20,15,10,10.0
AL102023,IDALIA,54,20230830,1200,,HU,30.0,-83.5,100,954,140,180,50,60,50,50,30,40,20,20,15,10,10.0
AL102023,IDALIA,54,20230830,1800,,TS,31.5,-82.5,60,981,140,180,60,50,40,40,30,30,0,0,0,0,20.0
AL102023,IDALIA,54,20230831,0,,TS,32.7,-80.9,50,985,140,180,50,50,40,40,0,0,0,0,0,0,40.0
AL102023,IDALIA,54,20230831,600,,TS,33.5,-78.9,50,990,160,180,70,40,0,50,0,0,0,0,0,0,40.0
AL102023,IDALIA,54,20230831,1200,,EX,33.7,-77.0,55,990,180,180,160,100,0,0,40,40,0,0,0,0,40.0
AL102023,IDALIA,54,20230831,1800,,EX,33.6,-74.6,55,993,200,180,160,180,0,0,60,80,0,0,0,0,40.0
AL102023,IDALIA,54,20230901,0,,EX,33.4,-72.3,55,996,200,160,180,200,0,0,60,100,0,0,0,0,60.0
AL102023,IDALIA,54,20230901,600,,EX,32.7,-70.5,50,997,200,160,180,200,0,0,80,100,0,0,0,0,80.0
AL102023,IDALIA,54,20230901,1200,,EX,32.3,-68.8,50,998,200,150,180,200,0,0,0,120,0,0,0,0,100.0
AL132023,LEE,55,20230915,1800,,HU,37.1,-66.7,75,962,270,270,240,300,160,170,120,150,90,80,70,100,75.0
AL132023,LEE,55,20230916,0,,HU,38.7,-65.9,75,963,300,300,250,300,180,180,150,180,90,120,110,100,90.0
AL132023,LEE,55,20230916,600,,EX,40.9,-66.0,70,965,300,300,250,270,180,180,160,180,0,120,110,0,100.0
AL132023,LEE,55,20230916,1200,,EX,42.7,-66.3,65,965,220,280,200,140,130,150,0,80,0,100,0,0,100.0
AL132023,LEE,55,20230916,1800,,EX,43.8,-66.4,55,968,220,280,200,140,130,150,0,80,0,0,0,0,100.0
AL132023,LEE,55,20230916,2000,L,EX,44.3,-66.3,55,970,220,280,200,140,130,150,0,80,0,0,0,0,100.0
AL132023,LEE,55,20230917,0,,EX,44.7,-66.2,55,979,220,280,170,100,60,100,0,60,0,0,0,0,100.0
AL132023,LEE,55,20230917,600,,EX,45.9,-64.8,50,986,210,250,150,0,0,120,0,0,0,0,0,0,120.0
AL132023,LEE,55,20230917,1200,,EX,47.3,-63.0,40,989,210,250,150,0,0,0,0,0,0,0,0,0,120.0
AL162023,OPHELIA,15,20230921,1200,,EX,28.5,-76.0,30,1012,0,0,0,0,0,0,0,0,0,0,0,0,150.0
AL162023,OPHELIA,15,20230921,1800,,EX,29.0,-75.6,30,1012,0,0,0,0,0,0,0,0,0,0,0,0,150.0
AL162023,OPHELIA,15,20230922,0,,EX,29.5,-75.3,35,1008,210,0,0,180,0,0,0,0,0,0,0,0,120.0
AL162023,OPHELIA,15,20230922,600,,EX,30.3,-75.1,40,1002,210,0,0,180,0,0,0,0,0,0,0,0,100.0
AL162023,OPHELIA,15,20230922,1200,,EX,31.6,-75.5,50,996,240,0,60,180,0,0,0,90,0,0,0,0,90.0
AL162023,OPHELIA,15,20230922,1800,,TS,32.7,-76.1,60,989,270,70,70,160,0,0,40,80,0,0,0,0,60.0
AL162023,OPHELIA,15,20230923,0,,TS,33.3,-76.6,60,983,270,90,120,120,0,0,60,60,0,0,0,0,40.0
AL162023,OPHELIA,15,20230923,600,,TS,33.8,-77.1,60,981,270,90,120,90,40,40,50,60,0,0,0,0,30.0
AL162023,OPHELIA,15,20230923,1015,L,TS,34.7,-77.1,60,981,270,120,90,80,40,40,50,60,0,0,0,0,30.0
AL162023,OPHELIA,15,20230923,1200,,TS,35.1,-77.1,50,982,270,120,80,60,40,40,0,40,0,0,0,0,40.0
AL162023,OPHELIA,15,20230923,1800,,TS,36.3,-77.5,40,997,270,120,0,40,0,0,0,0,0,0,0,0,100.0
AL162023,OPHELIA,15,20230924,0,,EX,36.8,-77.6,30,1002,0,0,0,0,0,0,0,0,0,0,0,0,150.0
AL162023,OPHELIA,15,20230924,600,,EX,37.2,-77.6,25,1006,0,0,0,0,0,0,0,0,0,0,0,0,150.0
AL162023,OPHELIA,15,20230924,1200,,EX,37.9,-77.4,20,1009,0,0,0,0,0,0,0,0,0,0,0,0,200.0
AL162023,OPHELIA,15,20230924,1800,,EX,38.9,-76.9,20,1010,0,0,0,0,0,0,0,0,0,0,0,0,200.0
